gene_index,gene,delta_fold1,abs_rank_fold1,delta_fold2,abs_rank_fold2,delta_fold3,abs_rank_fold3,delta_fold4,abs_rank_fold4,delta_fold5,abs_rank_fold5,mean_delta,sd_delta_across_folds,mean_abs_delta,positive_folds,negative_folds,same_direction_folds,top30_fold_count,direction
2217,SAMSN1,-0.0755951613438566,8,-0.05550735555415,30,-0.0563763159444597,22,-0.0721008648557049,7,-0.0970289461750728,1,-0.07132172877464879,0.016979326182530348,0.07132172877464879,0,5,5,5,control_higher_all_folds
2699,TXNIP,-0.1068142868764885,3,-0.0750189720717756,10,-0.0399439387772461,191,-0.1576406385511931,1,-0.0486986623422106,79,-0.08562329972378277,0.04795320545981223,0.08562329972378277,0,5,5,3,control_higher_all_folds
894,FTL,-0.052092720828217,48,-0.1156708824321997,2,-0.109575553910775,3,-0.0447285096289408,192,-0.0653829802450421,7,-0.07749012940903492,0.03298552531409951,0.07749012940903492,0,5,5,3,control_higher_all_folds
1049,HIST1H1D,0.0445834389758943,139,0.0817944130014722,6,0.0842339316142622,8,0.0689216450974531,10,0.0439767844754319,137,0.06470204263290275,0.019530382713588503,0.06470204263290275,5,0,5,3,AML_higher_all_folds
555,CTSS,-0.0550559386670027,36,-0.0435408187400843,125,-0.0807078424758963,11,-0.0581937394955425,35,-0.0668231092209269,6,-0.06086428971989054,0.01387664893867439,0.06086428971989054,0,5,5,2,control_higher_all_folds
2067,PSAP,-0.0262844975518785,870,-0.0650482451637153,14,-0.0419650082824242,141,-0.1091613063617948,2,-0.0527691760912057,43,-0.0590456466902037,0.031432649097769064,0.0590456466902037,0,5,5,2,control_higher_all_folds
1048,HIST1H1B,0.0763050274198615,7,0.0638186882648171,15,0.0475458227876269,66,0.0385006499163648,373,0.050308252561406,64,0.05529568819001527,0.014841176702572048,0.05529568819001527,5,0,5,2,AML_higher_all_folds
824,FCN1,-0.0373331072060137,329,-0.0745966817145954,11,-0.0905938478537179,6,-0.0189505370552559,1464,-0.0304599788218831,596,-0.050386830530293206,0.030653061818914227,0.050386830530293206,0,5,5,2,control_higher_all_folds
2219,SAT1,-0.0625875270018377,18,-0.0272083603513365,602,-0.0347696051855338,320,-0.0544370184655925,48,-0.0558110689000666,29,-0.04696271598087341,0.015142653199341948,0.04696271598087341,0,5,5,2,control_higher_all_folds
1063,HLA-DRB1,-0.0112903806490389,2008,-0.0231716482035804,867,-0.0606701926447809,19,-0.0416910015995476,259,-0.091547167137803,3,-0.04567407804695016,0.031755655596134975,0.04567407804695016,0,5,5,2,control_higher_all_folds
1686,MKI67,0.0594280485690655,28,0.0617809319638808,16,0.0523349205397545,36,0.0456831870991402,175,0.0060445116235814,2371,0.04505431995908448,0.02270215512005503,0.04505431995908448,5,0,5,2,AML_higher_all_folds
2546,THBS1,-0.0035775114577563,2621,-0.0229565451865225,882,-0.0876870455643189,7,-0.0505875399716268,94,-0.0581950565608071,20,-0.04460073974820632,0.032513279567703134,0.04460073974820632,0,5,5,2,control_higher_all_folds
2216,SAMHD1,-0.060232470324061,26,-0.0178820055746146,1289,-0.0538194732520534,28,-0.0382586181335944,382,-0.0322734255771622,502,-0.04049319857229712,0.01696358241010228,0.04049319857229712,0,5,5,2,control_higher_all_folds
2168,RNASE2,-0.0048048322270961,2522,-0.0660802025100964,13,-0.0540881159518429,26,-0.0524852851970064,66,-0.0160703966292456,1502,-0.03870576650305748,0.026634023685937078,0.03870576650305748,0,5,5,2,control_higher_all_folds
53,AHR,-0.0126506953115889,1903,-0.014190764280917,1591,-0.0060707696928822,2349,-0.0636005565370259,18,-0.0593117266092037,14,-0.031164902486323542,0.027860940838749945,0.031164902486323542,0,5,5,2,control_higher_all_folds
843,FGL2,-0.0694987968406349,15,-0.0225883870929325,915,-0.0325975152664509,377,-0.0507574702520451,89,-0.052518181527006,45,-0.04559207019581388,0.018331747385977686,0.04559207019581388,0,5,5,1,control_higher_all_folds
2165,RNA28S,0.0719335685258194,14,0.0263608682933019,660,0.0359556040813475,282,0.0483211420255181,123,0.0421885499169668,183,0.044951946568590744,0.017128617370570844,0.044951946568590744,5,0,5,1,AML_higher_all_folds
2732,VCAN,-0.0187530069460941,1421,-0.0248426001532651,763,-0.102663245873631,4,-0.0349836477426226,523,-0.0299654268741936,628,-0.04224158551796128,0.0343096079363392,0.04224158551796128,0,5,5,1,control_higher_all_folds
1699,MNDA,-0.0408435409063578,225,-0.1044945454977717,3,-0.0288878429169162,547,-0.006286991808985,2396,-0.0241989370325761,927,-0.04094237163252136,0.037634884701507346,0.04094237163252136,0,5,5,1,control_higher_all_folds
2621,TOP2A,0.0731842321310469,12,0.0310969042696773,434,0.0301279809582039,477,0.024431518634275,1073,0.039027346836196,262,0.03957359656587982,0.019495702747278163,0.03957359656587982,5,0,5,1,AML_higher_all_folds
171,B2M,-0.0749621405001776,9,-0.016126460387168,1420,-0.0075345409378305,2216,-0.0269325288238229,928,-0.0455515540982915,119,-0.0342214449494581,0.0268371163577739,0.0342214449494581,0,5,5,1,control_higher_all_folds
1059,HLA-DPA1,-0.009867367850593,2118,-0.0347574547916755,297,-0.0166516551434499,1376,-0.0437953715512285,214,-0.059312783972559,13,-0.03287692666190119,0.020089192424884376,0.03287692666190119,0,5,5,1,control_higher_all_folds
547,CST3,-0.0448216507658188,136,-0.0085957479422897,2082,-0.0303841360513679,465,-9.211266881326008e-05,2903,-0.0720808745672149,5,-0.031194904399100908,0.02887955005025846,0.031194904399100908,0,5,5,1,control_higher_all_folds
1000,GYPA,0.0610282298462284,23,0.0343450046116447,314,0.0170987313166161,1335,0.0349150159284205,531,0.0027608633823639,2659,0.030029569017054718,0.02187576524217769,0.030029569017054718,5,0,5,1,AML_higher_all_folds
898,FYB1,-0.0247579941273647,975,-0.0590296427593936,20,-0.0157050889344721,1460,-0.0447464227323067,191,-0.0053443799080925,2429,-0.029916705692325924,0.02179372135780176,0.029916705692325924,0,5,5,1,control_higher_all_folds
2201,S100A10,-0.0069135140578057,2352,-0.0230050485340085,878,-0.0067458099219792,2286,-0.0631825564318225,19,-0.0476570734235985,91,-0.029500800473842882,0.025170820545615355,0.029500800473842882,0,5,5,1,control_higher_all_folds
1639,MCTP2,-0.0410126260232804,219,-0.0103597167287757,1941,-0.0022826218289159,2712,-0.0329903557254912,621,-0.0575684733341923,21,-0.0288427587281311,0.02256955152477515,0.0288427587281311,0,5,5,1,control_higher_all_folds
2155,RHAG,0.0732841122853217,11,0.0200768756621399,1099,0.0351969514269598,307,0.0076756468764607,2273,0.0035097633658346,2601,0.027948669923343338,0.028187145478873535,0.027948669923343338,5,0,5,1,AML_higher_all_folds
1091,HSPA5,0.0578750995118379,30,0.0015636793144125,2758,0.0179278022872762,1275,0.0402963935648807,303,0.0170678061793758,1422,0.02694615617155662,0.022124709101805324,0.02694615617155662,5,0,5,1,AML_higher_all_folds
1424,LINC02274,0.019202801767395,1386,0.057664782406514,23,0.0011668775195772,2819,0.0221075373659411,1228,0.0306986732182742,578,0.026168134455540303,0.020631479407611928,0.026168134455540303,5,0,5,1,AML_higher_all_folds
495,CNR1,-0.0276507374615814,794,-0.0593634079229979,19,-0.0199860317409416,1115,-0.0154958744965615,1709,-0.0044941526580183,2510,-0.025398040856020144,0.02075473491192969,0.025398040856020144,0,5,5,1,control_higher_all_folds
817,FCER1G,-0.0141067876663552,1777,-0.0764068491501844,9,-0.0133750974514531,1666,-0.0029506180604156,2674,-0.0017984129728467,2744,-0.021727553060251002,0.031094247512151563,0.021727553060251002,0,5,5,1,control_higher_all_folds
1058,HLA-B,-0.0418701418652796,197,-0.0228505886547422,894,-0.049726463689035,53,-0.0491044948623952,113,-0.0156532451716766,1532,-0.035840986848625724,0.01566343817128437,0.035840986848625724,0,5,5,0,control_higher_all_folds
1858,OGFRP1,-0.0400976126519935,251,-0.0332963491570979,350,-0.0211909769709684,1013,-0.0480577287762613,132,-0.0293839566529665,662,-0.03440532484185752,0.01024516018557315,0.03440532484185752,0,5,5,0,control_higher_all_folds
520,CPA3,0.0413651375638733,207,0.0058338258900407,2325,0.0497065879076258,54,0.0303825627367764,750,0.0429707071598035,162,0.03405176425162394,0.01723239362827226,0.03405176425162394,5,0,5,0,AML_higher_all_folds
1833,NR4A2,-0.0304782267258799,636,-0.0397026584362057,183,-0.0367860863718541,262,-0.0426018818157222,240,-0.0129849249203757,1757,-0.03251075565400752,0.011802774941399495,0.03251075565400752,0,5,5,0,control_higher_all_folds
1705,MPO,0.0012492741757682,2819,0.0245299090829375,778,0.0401556841149148,186,0.0484870620969455,121,0.0449882917970149,125,0.031882044253516185,0.019418895134705967,0.031882044253516185,5,0,5,0,AML_higher_all_folds
419,CDRT1,-0.0405928760632582,235,-0.005910994221488,2315,-0.0392306422462172,206,-0.033998405762288,570,-0.0387424058149664,271,-0.03169506482164356,0.014626556868347138,0.03169506482164356,0,5,5,0,control_higher_all_folds
2734,VENTXP1,-0.051638331104601,54,-0.0115239783049347,1836,-0.0317122276154988,412,-0.0203610814725597,1355,-0.043190446373088,155,-0.03168521297413644,0.016318772825607144,0.03168521297413644,0,5,5,0,control_higher_all_folds
624,DLGAP5,0.0273948499431215,803,0.0140177798295535,1608,0.0425993421644163,127,0.0337711422119014,582,0.0398802813280011,240,0.031532679095398766,0.01141334238979745,0.031532679095398766,5,0,5,0,AML_higher_all_folds
1016,HBBP1,-0.0383319520900224,291,-0.0512520174004707,53,-0.0510798129420297,45,-0.0128545677948587,1901,-0.0030044366950618,2639,-0.03130455738448866,0.02224660151964904,0.03130455738448866,0,5,5,0,control_higher_all_folds
2278,SFMBT2,0.0447653448925138,137,0.0147635658996543,1539,0.024114139723697,809,0.018984178349986,1462,0.0506295969853826,61,0.03065136517024674,0.016043806441742504,0.03065136517024674,5,0,5,0,AML_higher_all_folds
2442,SSBP3-AS1,0.0366167657986882,360,0.0500485538976239,61,0.0164615368510405,1392,0.0302885092591119,754,0.0196766172870353,1242,0.030618396618699962,0.013543997598541472,0.030618396618699962,5,0,5,0,AML_higher_all_folds
61,AKAP12,0.0319309271423939,562,0.0207044038673074,1062,0.0164882027285639,1389,0.0334728272887707,594,0.0491779076609819,75,0.03035485373760356,0.012766443498005561,0.03035485373760356,5,0,5,0,AML_higher_all_folds
1275,KLKP1,-0.0152406485719302,1687,-0.0301843781061545,475,-0.0144128096291995,1569,-0.0438181165911368,213,-0.047512906337441,95,-0.030233771847172398,0.015477418564205484,0.030233771847172398,0,5,5,0,control_higher_all_folds
2172,RNF144B,-0.032249917949816,544,-0.0131956779633421,1688,-0.047433241911479,68,-0.0290802377502349,811,-0.0252693672623866,867,-0.029445688567451722,0.012379961998222798,0.029445688567451722,0,5,5,0,control_higher_all_folds
185,BCL2,-0.0308564438172847,620,-0.0260692270642719,681,-0.0391262637096012,208,-0.0374703355588163,414,-0.0126717317679216,1789,-0.02923880038357914,0.010637796179021032,0.02923880038357914,0,5,5,0,control_higher_all_folds
2894,ZNF707,-0.0431754169878656,169,-0.0496298931465336,66,-0.0294528419706149,512,-0.0184028119187675,1499,-0.0047397392594824,2481,-0.029080140656652802,0.018217906971372183,0.029080140656652802,0,5,5,0,control_higher_all_folds
1992,PLK2,-0.0521172994183335,47,-0.0279276443596589,558,-0.0143968166231481,1571,-0.0304792233366764,746,-0.0203248313202527,1191,-0.02904916301161392,0.014372256364672695,0.02904916301161392,0,5,5,0,control_higher_all_folds
1389,LINC01226,-0.0320486768295203,551,-0.0159624315379436,1437,-0.0341588988810508,339,-0.0239456506975213,1097,-0.0378005941973661,299,-0.028783250428680417,0.008784202620235567,0.028783250428680417,0,5,5,0,control_higher_all_folds
2751,WDR37,-0.0091410323988269,2171,-0.0232520935506701,864,-0.0282871119968377,583,-0.0352521803445398,508,-0.0430655866894694,158,-0.027799600996068784,0.012822352857180475,0.027799600996068784,0,5,5,0,control_higher_all_folds
1060,HLA-DPB1,-0.0319758121529811,559,-0.002609894118552,2651,-0.0465875592527119,76,-0.0208943349206406,1320,-0.0359221526734229,358,-0.027597950623661705,0.016721278947915346,0.027597950623661705,0,5,5,0,control_higher_all_folds
2827,ZNF12,-0.0030444626521182,2675,-0.0501920296810411,60,-0.029539703206302,506,-0.0454933447478986,179,-0.0081337901286112,2200,-0.02728066608319422,0.021305702935791572,0.02728066608319422,0,5,5,0,control_higher_all_folds
2590,TMEM75,0.041149348878562,215,0.0056317903052296,2351,0.0317443753209367,407,0.0271317145571537,919,0.0304398960386212,598,0.027219425020100642,0.013142707609323831,0.027219425020100642,5,0,5,0,AML_higher_all_folds
1611,MANEA-AS1,0.0072622048094838,2323,0.0249227647805236,756,0.0229403930483969,883,0.0314042882192272,702,0.0495196898901123,70,0.02720986814954876,0.015302694517675445,0.02720986814954876,5,0,5,0,AML_higher_all_folds
209,BMS1P20,-0.017812500694101,1497,-0.0241905566080334,799,-0.0395206130154409,197,-0.022084613301539,1231,-0.0324212609254786,500,-0.02720590890891858,0.008694940626229941,0.02720590890891858,0,5,5,0,control_higher_all_folds
2009,POU5F1P4,0.0101307444533903,2098,0.0225052119951405,925,0.0182364545686874,1251,0.0345659392553359,546,0.0471857176320951,99,0.02652481358092984,0.014535751209568556,0.02652481358092984,5,0,5,0,AML_higher_all_folds
311,CARMIL1,0.0309214611823956,615,0.0322597726516185,391,0.0039323086462216,2538,0.0507248401936438,90,0.0145344386166108,1627,0.02647456425809806,0.017972474090728108,0.02647456425809806,5,0,5,0,AML_higher_all_folds
405,CD96,0.0367231200439613,351,0.0230508701093482,873,0.0246245478292927,780,0.038552828546701,368,0.0081077158948923,2202,0.026211816484839102,0.012278614978566974,0.026211816484839102,5,0,5,0,AML_higher_all_folds
1787,NEDD1,0.017390351285841,1534,0.0156690686109986,1466,0.021741262032443,967,0.0541282561829069,50,0.0202143021021022,1196,0.025828648042858338,0.0159962287118924,0.025828648042858338,5,0,5,0,AML_higher_all_folds
1204,JUN,0.0090257748011247,2177,0.0082780134171569,2114,0.0504562297458248,47,0.0262133857422928,976,0.0341294259562592,423,0.025620565932531682,0.017788434105625396,0.025620565932531682,5,0,5,0,AML_higher_all_folds
1773,NBEAL1,0.0316673751807969,579,0.0176764750166256,1307,0.0260480051949889,689,0.0209494285405811,1317,0.0314282409560653,544,0.02555390497781156,0.006232607443662953,0.02555390497781156,5,0,5,0,AML_higher_all_folds
2073,PTGER4,0.0438271395779636,160,0.0218758749923032,969,0.0271744519466517,630,0.0139306852374782,1823,0.0208964265339307,1154,0.025540915657665485,0.011256727752546585,0.025540915657665485,5,0,5,0,AML_higher_all_folds
307,CAPN14,-0.047085043884732,109,-0.0101386048094915,1963,-0.0304509232312752,462,-0.0042434302510036,2566,-0.0349089338665315,389,-0.02536538720860676,0.017795205910071984,0.02536538720860676,0,5,5,0,control_higher_all_folds
1217,KCNMA1,-0.036618629589867,359,-0.0211300994961047,1026,-0.0134194020546611,1664,-0.0359710448938376,475,-0.0159779952908562,1509,-0.02462343426506532,0.011012837037963337,0.02462343426506532,0,5,5,0,control_higher_all_folds
344,CCDC81,0.0253524148774426,938,0.0277866622415335,570,0.0081352181512162,2158,0.0386966884494185,359,0.0229509449402953,999,0.02458438573198122,0.010991414541820023,0.02458438573198122,5,0,5,0,AML_higher_all_folds
1225,KCTD7,0.0426980960274517,182,0.0256612471523511,703,0.0018673218463664,2750,0.0228593245693231,1168,0.0288819273857716,683,0.02439358339625278,0.014718982602360778,0.02439358339625278,5,0,5,0,AML_higher_all_folds
917,GATA2,-0.0183184947906149,1456,-0.0369400359179579,243,-0.0039254001093886,2540,-0.040223328530775,307,-0.0222293021792291,1056,-0.0243273123055931,0.014735244182176144,0.0243273123055931,0,5,5,0,control_higher_all_folds
722,EPX,0.0122690136754474,1937,0.0355532771909302,274,0.042115941916491,136,0.0072925142751037,2304,0.0242129379240397,925,0.024288736996402403,0.014815955774608622,0.024288736996402403,5,0,5,0,AML_higher_all_folds
957,GNGT2,-0.0174866995944608,1526,-0.036151176828478,261,-0.0401678239866911,184,-0.0036378237826225,2620,-0.0224031693472588,1043,-0.023969338707902244,0.014736316541297423,0.023969338707902244,0,5,5,0,control_higher_all_folds
2807,ZDHHC13,-0.0275424679008511,798,-0.0237959804800827,829,-0.0130214165526536,1694,-0.0134802931399107,1859,-0.0419179329831418,187,-0.02395161821132798,0.011883022007538857,0.02395161821132798,0,5,5,0,control_higher_all_folds
1339,LINC00158,0.0170642900017564,1562,0.0278161930871701,567,0.0098695233442804,1989,0.0370727251589137,429,0.027034053259267,768,0.023771356970277522,0.01051401454561361,0.023771356970277522,5,0,5,0,AML_higher_all_folds
703,ENDOD1,0.0310679929262113,605,0.0393522451907015,190,0.026377636243909,670,0.016864847727875,1611,0.0047670354451151,2476,0.02368595150676238,0.013338152999423172,0.02368595150676238,5,0,5,0,AML_higher_all_folds
2077,PTPN4,0.0297283936237862,674,0.0095265297911816,2010,0.0151617465040075,1507,0.0104673982815102,2065,0.0522538721892755,48,0.0234275880779522,0.018029038272816218,0.0234275880779522,5,0,5,0,AML_higher_all_folds
2381,SMIM2,0.0409357152290383,221,0.0246786658912642,770,0.0093900412327152,2048,0.0285428675421092,844,0.0133883295680212,1717,0.023387123892629622,0.012570770085201246,0.023387123892629622,5,0,5,0,AML_higher_all_folds
2371,SLFN13,0.0491575606749509,77,0.0150533404870676,1515,0.0024632013858381,2692,0.0331624104387726,610,0.0166975412340124,1446,0.023306810844128317,0.01810837087612752,0.023306810844128317,5,0,5,0,AML_higher_all_folds
779,FAM217B,-0.0222558186272896,1153,-0.0391348977208028,196,-0.0195630958267378,1142,-0.0172814102208072,1590,-0.0182059351022578,1344,-0.023288231499579037,0.00905498455261173,0.023288231499579037,0,5,5,0,control_higher_all_folds
1928,PDGFD,-0.0233854429538414,1079,-0.0320341813021868,397,-0.0175450758383597,1313,-0.0248823924696468,1044,-0.0169880809692835,1425,-0.02296703470666364,0.006148217911914498,0.02296703470666364,0,5,5,0,control_higher_all_folds
2868,ZNF528-AS1,-0.0115977734133446,1988,-0.0183896967019232,1255,-0.0127394540547709,1726,-0.0440874760061515,208,-0.0279686125115506,724,-0.022956602537548162,0.013471301056589361,0.022956602537548162,0,5,5,0,control_higher_all_folds
1646,MEGF10,-0.0367820058189348,349,-0.0314404235493606,419,-0.0037057366622571,2562,-0.0071196625349219,2318,-0.0353700577607129,371,-0.02288357726523746,0.016113571202360854,0.02288357726523746,0,5,5,0,control_higher_all_folds
339,CCDC65,-0.0297849672484159,673,-0.02669981949472,642,-0.015901774075287,1442,-0.0215873590880375,1264,-0.0198477795768349,1226,-0.022764339896659058,0.005517327832716904,0.022764339896659058,0,5,5,0,control_higher_all_folds
1495,LOC101928333,-0.0335101231980495,478,-0.0137610509498144,1630,-0.026514094958802,663,-0.0096158142732288,2125,-0.0287658243994544,690,-0.022433381555869818,0.010234080428127,0.022433381555869818,0,5,5,0,control_higher_all_folds
1977,PLBD1,-0.0348995736101875,431,-0.0398055062684418,178,-0.032033467343493,397,-0.0027506818314022,2686,-0.0019877412762107,2728,-0.022295394065947043,0.01840309743389624,0.022295394065947043,0,5,5,0,control_higher_all_folds
2694,TULP4,-0.0418134357035968,199,-0.0058840079548312,2318,-0.0086511665782684,2113,-0.023533388781411,1119,-0.0308560121974014,571,-0.02214760224310176,0.015092714209066929,0.02214760224310176,0,5,5,0,control_higher_all_folds
2677,TSPOAP1-AS1,-0.0297901782303125,671,-0.0318394391742959,405,-0.0214248755656164,996,-0.0008653739499581,2853,-0.026455602971854,795,-0.02207509397840738,0.012493286485445567,0.02207509397840738,0,5,5,0,control_higher_all_folds
748,EXPH5,-0.0192116701694545,1384,-0.0232771469403829,861,-0.0185541899923536,1220,-0.0352601721836984,506,-0.0136087785165294,1701,-0.021982391560483764,0.008178060714501816,0.021982391560483764,0,5,5,0,control_higher_all_folds
2140,REXO5,-0.0194360130216987,1368,-0.0019409735978134,2723,-0.0288829511421038,548,-0.0155600775132054,1703,-0.0439612991037396,140,-0.02195626287571218,0.015653077022847118,0.02195626287571218,0,5,5,0,control_higher_all_folds
2775,XIRP2-AS1,-0.0141055986996131,1778,-0.0251088645834517,742,-0.0183945527135676,1234,-0.0098898149454393,2109,-0.0415035763834141,200,-0.02180048146509716,0.012367628072871917,0.02180048146509716,0,5,5,0,control_higher_all_folds
127,ARHGAP24,0.0215218490480237,1212,0.051198981751009,54,0.0158749936042578,1443,0.0147416926767834,1765,0.0056088322124369,2403,0.02178926985850216,0.01740298995612638,0.02178926985850216,5,0,5,0,AML_higher_all_folds
262,C2orf88,0.0356120073655573,393,0.0256247589518935,708,0.01055990599911,1929,0.0336838002495025,586,0.0029739427675743,2641,0.02169088306672752,0.014381634542170021,0.02169088306672752,5,0,5,0,AML_higher_all_folds
1950,PGM2L1,0.0222502215996926,1154,0.0234946087671384,850,0.013490463100498,1660,0.0144634183133278,1784,0.0346138539447974,400,0.02166251314509084,0.008515406220993322,0.02166251314509084,5,0,5,0,AML_higher_all_folds
166,ATP8A1,0.0214808377073791,1217,0.0298664201763681,484,0.0278328549300483,599,0.0210204986641202,1309,0.0080658055797663,2204,0.0216532834115364,0.008524852308933604,0.0216532834115364,5,0,5,0,AML_higher_all_folds
2107,RARB,-0.045673417107347,128,-0.014974548092436,1522,-0.0236373704399624,838,-0.0225681502733357,1191,-0.0007239766543998,2848,-0.02151549251349618,0.01631170485123192,0.02151549251349618,0,5,5,0,control_higher_all_folds
918,GATA3,0.0099057503155232,2112,0.0143478452328171,1574,0.0157041501327717,1461,0.0263371590512209,967,0.0411126866994345,212,0.02148151828635348,0.012522237206580385,0.02148151828635348,5,0,5,0,AML_higher_all_folds
964,GPM6B,-0.0098701997134774,2117,-0.0074357064921438,2181,-0.0183344411492532,1240,-0.0295238934861356,789,-0.041560243972917,197,-0.0213448969627854,0.014228082614903746,0.0213448969627854,0,5,5,0,control_higher_all_folds
619,DLEC1,0.0069323395370526,2350,0.0151513170739281,1509,0.0054648443993457,2396,0.0444676084175748,200,0.0338516448194147,436,0.02117355084946318,0.017242317436508562,0.02117355084946318,5,0,5,0,AML_higher_all_folds
2625,TP53RK,-0.016788172814793,1584,-0.0185286155372264,1239,-0.0075607752218837,2212,-0.0366908040792023,452,-0.0262773220697489,808,-0.02116913794457086,0.010935817467111506,0.02116913794457086,0,5,5,0,control_higher_all_folds
2199,RXRA,-0.0126533795519715,1902,-0.0057827592461725,2328,-0.0208460723040558,1041,-0.0183139000979678,1506,-0.0482451370776338,82,-0.02116824965556028,0.016206675091831355,0.02116824965556028,0,5,5,0,control_higher_all_folds
1802,NFIA,0.0336761416737753,472,0.0156173357057572,1468,0.0210993901993338,1018,0.0217760060329647,1248,0.0135507685840167,1705,0.02114392843916954,0.0078367272844588,0.02114392843916954,5,0,5,0,AML_higher_all_folds
1501,LOC101929719,0.014451642324486,1749,0.0121835777280574,1770,0.0230242381143732,876,0.0461204247795592,162,0.0096668184686374,2052,0.021089340283022638,0.014867285109972225,0.021089340283022638,5,0,5,0,AML_higher_all_folds
1253,KIR2DL3,0.0456306548227304,130,0.0041671060259455,2482,0.0119410118851617,1811,0.0200846142893639,1374,0.0230845695985805,987,0.0209815913243564,0.015630598270834854,0.0209815913243564,5,0,5,0,AML_higher_all_folds
2169,RNASE3,-0.0293123123367098,700,-0.0339885549742041,328,-0.0104335506701052,1942,-0.0182947761027566,1509,-0.0115340760845436,1887,-0.020712654033663857,0.010558835891419944,0.020712654033663857,0,5,5,0,control_higher_all_folds
376,CD200R1,0.0192264264710741,1383,0.0346329632846961,304,0.0214234474860271,997,0.0069013270778033,2337,0.0212190380858524,1127,0.0206806404810906,0.009842423000668425,0.0206806404810906,5,0,5,0,AML_higher_all_folds
2124,RBM44,-0.0293496593746269,696,-0.0217786687486537,974,-0.0139532599764599,1614,-0.0251252397102753,1032,-0.0127131490932012,1783,-0.0205839953806434,0.007155485361837814,0.0205839953806434,0,5,5,0,control_higher_all_folds
2070,PTCHD1,0.0191859004712978,1388,0.0439257474602405,123,0.0252913809035643,739,0.009804761439747,2116,0.0043689011927778,2525,0.02051533829352548,0.01539520325359645,0.02051533829352548,5,0,5,0,AML_higher_all_folds
2284,SGK1,-0.0221825492882794,1161,-0.0205938278736002,1068,-0.0346502705752433,327,-0.0199036380302808,1390,-0.0050817556809456,2451,-0.02048240828966986,0.010501741418326405,0.02048240828966986,0,5,5,0,control_higher_all_folds
2473,SYNE1,-0.0109376964222392,2037,-0.0020816556074604,2702,-0.0183694008291757,1237,-0.0340500917036924,568,-0.0366586522931601,338,-0.02041949937114556,0.01483144581670699,0.02041949937114556,0,5,5,0,control_higher_all_folds
259,C2orf40,-0.005223574863935,2485,-0.0361198184354157,263,-0.0185499982245606,1221,-0.0272389413253178,909,-0.0132928757373624,1723,-0.020085041717318303,0.012017127550487184,0.020085041717318303,0,5,5,0,control_higher_all_folds
1718,MS4A2,-0.0292205673851281,703,-0.0227219835972959,906,-0.0132882289220094,1672,-0.0006029347441254,2871,-0.0344105969583821,408,-0.02004886232138818,0.013429216621012548,0.02004886232138818,0,5,5,0,control_higher_all_folds
494,CNOT9,0.0476102061527914,100,0.0163437250791551,1404,0.0053989010614684,2403,0.0050456078550528,2506,0.0256662556260237,845,0.02001293915489828,0.017639610117891526,0.02001293915489828,5,0,5,0,AML_higher_all_folds
1292,KRT72,0.0205296135969378,1289,0.0200722998155575,1101,0.0082304447708808,2147,0.0281499840375868,861,0.0226234349115456,1020,0.019921155426501698,0.007281512829262602,0.019921155426501698,5,0,5,0,AML_higher_all_folds
528,CPVL,-0.000370317020036,2886,-0.0065255292719597,2255,-0.0259881711099296,694,-0.0450573864258225,184,-0.0211804212425546,1132,-0.01982436501406048,0.017548901526149272,0.01982436501406048,0,5,5,0,control_higher_all_folds
1626,MARCKS,-0.0034569246019182,2638,-0.0365733040121876,256,-0.0291261004232491,535,-0.0121106101160052,1956,-0.0170956235991135,1421,-0.01967251255049472,0.013245518990530615,0.01967251255049472,0,5,5,0,control_higher_all_folds
375,CD2,-0.0277604202007142,786,-0.0137744447801267,1627,-0.0023386031386122,2707,-0.0397336509708945,316,-0.0140898934449302,1673,-0.019539402507055558,0.014441192717913005,0.019539402507055558,0,5,5,0,control_higher_all_folds
2084,PVRIG,-0.027357499619278,807,-0.0089318394403933,2057,-0.031186487082537,428,-0.0129936929454301,1891,-0.0172211700617388,1414,-0.01953813782987544,0.009454074824069358,0.01953813782987544,0,5,5,0,control_higher_all_folds
2802,ZCCHC14,-0.0431600782638344,170,-0.0031058949609669,2591,-0.0237325723735109,830,-0.0172780186177305,1592,-0.0093094354354718,2090,-0.0193171999303029,0.015452332999082947,0.0193171999303029,0,5,5,0,control_higher_all_folds
110,APOBEC3A,-0.0273576550681047,806,-0.0110335866609178,1883,-0.0401579399322356,185,-0.0123532746970705,1937,-0.0048287694450278,2475,-0.01914624516067128,0.014368962700577022,0.01914624516067128,0,5,5,0,control_higher_all_folds
49,AGAP1,0.0002956116993285,2891,0.0167710612417521,1382,0.0236610956629934,837,0.0457134213829012,174,0.0087778299755648,2135,0.019043803992507997,0.017281769082692307,0.019043803992507997,5,0,5,0,AML_higher_all_folds
2279,SFRP4,0.0113575726066189,2001,0.0174890430940597,1324,0.0135435397681897,1657,0.0231124243986498,1153,0.0295464539067885,650,0.01900980675486132,0.007392595773415077,0.01900980675486132,5,0,5,0,AML_higher_all_folds
1878,OTUD7A,0.0208808853900203,1263,0.0044148945509354,2455,0.0248673215741992,771,0.0119171166916812,1967,0.0326082697137118,493,0.01893769758410958,0.01102294568016017,0.01893769758410958,5,0,5,0,AML_higher_all_folds
2154,RGSL1,0.015845352192431,1638,0.0257801388168185,696,0.020034445668225,1110,0.0074787402409323,2288,0.0255079517248828,854,0.01892932572865792,0.00761675867465629,0.01892932572865792,5,0,5,0,AML_higher_all_folds
146,ARRDC2,0.0160549220944604,1630,0.0145492822898622,1557,0.0140291820762729,1608,0.0440844643316385,209,0.0052572048282614,2432,0.018795011124099082,0.014756998937599648,0.018795011124099082,5,0,5,0,AML_higher_all_folds
2878,ZNF571,0.0052693768352217,2481,0.0296590928768903,496,0.0270452365082377,638,0.0089170025524235,2167,0.0227934079443901,1010,0.01873682334343266,0.010983881093702571,0.01873682334343266,5,0,5,0,AML_higher_all_folds
2379,SMCR5,-0.0176250656514167,1510,-0.0105896392652706,1919,-0.0200800512197051,1103,-0.0162750407541434,1659,-0.0289894104873358,681,-0.018711841475574323,0.006719182816542065,0.018711841475574323,0,5,5,0,control_higher_all_folds
1279,KLRC2,-0.0220445022787224,1170,-0.0442934401702097,118,-0.011383930099926,1859,-0.0051736352621855,2497,-0.0103727647623731,1991,-0.01865365451468334,0.015588693051570839,0.01865365451468334,0,5,5,0,control_higher_all_folds
1099,ID4,0.0213552143692306,1231,0.0048687861164603,2414,0.009818109371862,1997,0.0410057815726539,281,0.0143449408122509,1644,0.01827856644849154,0.01407894725177503,0.01827856644849154,5,0,5,0,AML_higher_all_folds
981,GPRIN3,-0.0062786614697601,2404,-0.00762067727599,2167,-0.0167937534675687,1364,-0.028343425470261,852,-0.0320300971343614,518,-0.01821332296358824,0.011727933433379566,0.01821332296358824,0,5,5,0,control_higher_all_folds
602,DGKA,-0.050057706388051,71,-0.0152171097468751,1504,-0.0166629079151951,1375,-0.0031081924576363,2655,-0.0059882703324196,2378,-0.018206837368035418,0.018728737979829446,0.018206837368035418,0,5,5,0,control_higher_all_folds
965,GPR143,0.0036614487099399,2613,0.0188382666791071,1206,0.0178075408101521,1286,0.035252756374111,507,0.0152231809146885,1568,0.01815663869759972,0.01130906089151296,0.01815663869759972,5,0,5,0,AML_higher_all_folds
2890,ZNF678,0.0256578475899259,921,0.0134381309235597,1663,0.000530763038156,2871,0.0280426807132601,866,0.022418294416493,1040,0.01801754333627894,0.01123613302949722,0.01801754333627894,5,0,5,0,AML_higher_all_folds
26,ACVR1C,-0.0202485002775807,1313,-0.0104575520282413,1933,-0.0321553903858546,391,-0.0146664686992324,1774,-0.0123076514642027,1814,-0.017967112571022337,0.00874398660154765,0.017967112571022337,0,5,5,0,control_higher_all_folds
896,FXYD1,-0.0059361569392925,2435,-0.0076153507514818,2168,-0.0252571062279606,745,-0.0181614770933356,1526,-0.032151852265671,507,-0.0178243886555483,0.01124932932324838,0.0178243886555483,0,5,5,0,control_higher_all_folds
1104,IFI6,-0.0157775096490563,1642,-0.0018822789040333,2728,-0.0122766020369399,1765,-0.0215519840109373,1268,-0.0376047364811907,306,-0.0178186222164315,0.013174553828688002,0.0178186222164315,0,5,5,0,control_higher_all_folds
947,GLCCI1,-0.0255985701869111,924,-0.0036269879817953,2540,-0.0229730198467841,879,-0.013277780867241,1875,-0.0233953674634,973,-0.017774345269226298,0.009222356166846506,0.017774345269226298,0,5,5,0,control_higher_all_folds
1788,NEDD9,-0.0377480500673239,315,-0.0079970288408936,2134,-0.0195984878234312,1139,-0.0110497786232304,2027,-0.0119254825193368,1845,-0.017663765574843178,0.012012911269325901,0.017663765574843178,0,5,5,0,control_higher_all_folds
1111,IFITM1,-0.0351104784109914,425,-0.0177981292633958,1296,-0.0076234017089128,2207,-0.0063233188977157,2393,-0.0212932896754715,1121,-0.01762972359129744,0.01169388868916897,0.01762972359129744,0,5,5,0,control_higher_all_folds
1994,PLPP3,0.0170294264518105,1564,0.0175981430847287,1314,0.0159755975419959,1430,0.0048170276436007,2530,0.0326194335022845,491,0.01760792564488406,0.009898884935718496,0.01760792564488406,5,0,5,0,AML_higher_all_folds
740,ETV1,0.0118312215011339,1970,0.0082901200476768,2112,0.0369939489195771,258,0.0154772932749582,1712,0.0146166727278232,1621,0.01744185129423384,0.011284491516884898,0.01744185129423384,5,0,5,0,AML_higher_all_folds
2682,TTC13,-0.0377252110465537,316,-0.0068108588964801,2232,-0.0136137699687636,1651,-0.025699756420048,991,-0.0028969448103862,2650,-0.01734930822844632,0.014307265369675254,0.01734930822844632,0,5,5,0,control_higher_all_folds
2398,SNORD173,0.0257146100754935,917,0.0188060020623579,1214,0.0045263774808843,2481,0.0095045837697852,2135,0.0279637316081029,725,0.01730306099932476,0.010133148281243193,0.01730306099932476,5,0,5,0,AML_higher_all_folds
1590,LYPD1,0.0178599420617016,1494,0.0139144083763641,1614,0.0187443309458189,1200,0.0118277418191541,1976,0.023883122850086,951,0.01724590921062494,0.004667181821646484,0.01724590921062494,5,0,5,0,AML_higher_all_folds
2246,SEL1L2,-0.0128279144431252,1883,-0.0100029339125154,1974,-0.005237473739214,2418,-0.0338651498692236,577,-0.0240479890522648,939,-0.017196292203268602,0.011604277577784492,0.017196292203268602,0,5,5,0,control_higher_all_folds
6,ABCA9,0.0098866196491587,2114,0.0422524383857114,143,0.0240614456207429,813,0.0008827414007481,2848,0.008714578023406,2140,0.01715956461595342,0.0163281717933045,0.01715956461595342,5,0,5,0,AML_higher_all_folds
2702,UBD,0.0088678095628053,2194,0.0263663549404983,659,0.0233925541372585,854,0.0182524105166493,1515,0.0086311796678066,2150,0.0171020617650036,0.008159036055370569,0.0171020617650036,5,0,5,0,AML_higher_all_folds
2514,TCHP,-0.0129584750562066,1868,-0.0020743708484747,2703,-0.0252378567522818,747,-0.0071742470139478,2312,-0.0369431517597779,327,-0.016877620286137762,0.014152477284877566,0.016877620286137762,0,5,5,0,control_higher_all_folds
906,GABRB2,0.0029268212942422,2684,0.0160739484556695,1425,0.0347126048612908,323,0.0177896502218931,1549,0.0117381109860432,1867,0.016648227163827762,0.011622613778169326,0.016648227163827762,5,0,5,0,AML_higher_all_folds
1591,LYPD2,0.013917580240819,1789,0.0191533177169058,1181,0.012694649791391,1732,0.0152222073010939,1727,0.0218457311708037,1082,0.01656669724420268,0.0038202431287018275,0.01656669724420268,5,0,5,0,AML_higher_all_folds
1358,LINC00528,-0.0110699592280012,2027,-0.0071318106395774,2204,-0.0134890598334329,1661,-0.032222333328592,654,-0.0188580681611017,1306,-0.01655424623814104,0.009734623937792175,0.01655424623814104,0,5,5,0,control_higher_all_folds
214,BPGM,-0.0256109148169152,922,-0.0155236257999597,1481,-0.028786241027448,556,-0.0066919728307139,2356,-0.0049192807390688,2465,-0.016306407042821124,0.010782356634251467,0.016306407042821124,0,5,5,0,control_higher_all_folds
2207,S1PR1,-0.0269193298750813,840,-0.0066591317102034,2249,-0.0113129090047116,1865,-0.017369017147959,1581,-0.0191951273968204,1275,-0.01629110302695514,0.007747769832314492,0.01629110302695514,0,5,5,0,control_higher_all_folds
396,CD69,0.00827468475518,2240,0.0170364750991178,1364,0.0386228250539247,223,0.0076751777896341,2274,0.0092717136939304,2095,0.0161761752783574,0.013105001931424373,0.0161761752783574,5,0,5,0,AML_higher_all_folds
492,CNDP1,0.0215064210956434,1214,0.0017372234590082,2744,0.0150275458603386,1519,0.025579748772236,996,0.0158660901189561,1515,0.015943405861236458,0.009034193916825724,0.015943405861236458,5,0,5,0,AML_higher_all_folds
1588,LY9,0.014430327668868,1753,0.0203976556042373,1081,0.0142254985321222,1594,0.0083448512347438,2216,0.0222328657367248,1055,0.015926239755339223,0.005531157576445482,0.015926239755339223,5,0,5,0,AML_higher_all_folds
1837,NRG1,0.006302193841006,2403,0.0271441719489355,609,0.010868486026797,1905,0.0183300481500426,1504,0.0165426153345208,1463,0.01583750306026038,0.007908286443466922,0.01583750306026038,5,0,5,0,AML_higher_all_folds
1130,IGSF6,-0.0414915020493706,205,-7.83688618795908e-05,2907,-0.0293061669085711,522,-0.0076669529908854,2276,-0.0004540718088725,2876,-0.015799412523915837,0.01864995624480243,0.015799412523915837,0,5,5,0,control_higher_all_folds
1972,PLA2G4C,0.0292483062808416,702,0.0110498736633651,1880,0.0136263749031153,1649,0.0056870502784747,2445,0.0180273811391478,1359,0.0155277972529889,0.008874229476845456,0.0155277972529889,5,0,5,0,AML_higher_all_folds
2098,RAG1,0.0155571369760821,1658,0.0129907263370279,1700,0.0082897816550954,2142,0.0227577884549434,1179,0.0174800485518257,1394,0.015415096394994898,0.005358334861328249,0.015415096394994898,5,0,5,0,AML_higher_all_folds
506,COL3A1,-0.0073664973264645,2311,-0.0045870729145644,2437,-0.0045212679589618,2482,-0.0206995832612383,1330,-0.0396017314778912,245,-0.01535523058782404,0.015112931019087379,0.01535523058782404,0,5,5,0,control_higher_all_folds
816,FCER1A,-0.0116013281471209,1987,-0.0138153787329983,1623,-0.0201048916424894,1099,-0.0199840097933243,1383,-0.0110207026120876,1936,-0.015305262185604102,0.004450377874488399,0.015305262185604102,0,5,5,0,control_higher_all_folds
704,ENO4,0.0051693770490974,2492,0.0267575920680313,637,0.0016377696909124,2781,0.0152910192458152,1724,0.0275858790962723,739,0.015288327430025719,0.011953082227683343,0.015288327430025719,5,0,5,0,AML_higher_all_folds
1328,LHFPL3,-0.0123505174590615,1931,-0.0101494625596013,1962,-0.0189327451860671,1188,-0.0077484821918748,2262,-0.02684967149244,776,-0.015206175777808941,0.007726587840656249,0.015206175777808941,0,5,5,0,control_higher_all_folds
22,ACSBG2,0.0265312522679131,860,0.0041150558361609,2487,0.0326798898790269,376,0.0009285947578919,2843,0.0114140170903004,1898,0.015133761966258642,0.013917655621986607,0.015133761966258642,5,0,5,0,AML_higher_all_folds
1561,LPAR5,0.0122920785045197,1935,0.0323292163635348,386,0.026637370496671,658,0.0010854381589516,2831,0.0032117673518339,2628,0.015111174175102198,0.013924606209748593,0.015111174175102198,5,0,5,0,AML_higher_all_folds
318,CATSPERB,-0.0369456558590488,340,-0.0074335336822359,2182,-0.0007123100290707,2857,-0.0228513423101414,1169,-0.0074673703760239,2253,-0.015082042451304137,0.014674397250236499,0.015082042451304137,0,5,5,0,control_higher_all_folds
2638,TRAPPC3L,0.0011657187016603,2828,0.0452615610637708,104,0.0085621638833201,2121,0.0096522285309481,2124,0.0106420824341158,1970,0.015056750922763021,0.017292839217312058,0.015056750922763021,5,0,5,0,AML_higher_all_folds
2866,ZNF510,0.0058920552239271,2441,0.0108042981900348,1903,0.0430533711117784,117,0.009902227257012,2107,0.0055898426972869,2406,0.01504835889600784,0.01582779878050121,0.01504835889600784,5,0,5,0,AML_higher_all_folds
2790,ZBTB20,0.0147227736043131,1733,0.0118506731485366,1807,0.01101065716825,1894,0.0030483936152691,2663,0.0341396624475488,421,0.014954431996783521,0.011565759398847459,0.014954431996783521,5,0,5,0,AML_higher_all_folds
435,CEP162,-0.0347540447688551,435,-0.0026782410881122,2643,-0.0145527443439247,1560,-0.0126534669455498,1913,-0.0097855792132103,2043,-0.014884815271930422,0.011988308147356939,0.014884815271930422,0,5,5,0,control_higher_all_folds
1216,KCNJ10,0.0179063541023122,1487,0.0057789450023842,2329,0.0162432695864144,1413,0.0133097704063043,1873,0.021127065874239,1137,0.014873080994330823,0.0058167374626644,0.014873080994330823,5,0,5,0,AML_higher_all_folds
968,GPR171,0.0379155592667389,306,0.010709901829079,1908,0.0076954088399242,2198,0.014310603194631,1792,0.0029563134622017,2642,0.01471755731851496,0.013619945253871205,0.01471755731851496,5,0,5,0,AML_higher_all_folds
562,CXCL3,-0.0122602251925451,1938,-0.0204057947446991,1079,-0.0167840697967164,1366,-0.0211357660329327,1299,-0.0029021806720085,2649,-0.01469760728778036,0.007474281544043787,0.01469760728778036,0,5,5,0,control_higher_all_folds
2815,ZFP30,-0.0025046428460111,2719,-0.0080010392563798,2133,-0.0145941633841314,1557,-0.0459957171903741,164,-0.0022188211882502,2710,-0.014662876773029321,0.018226415314509987,0.014662876773029321,0,5,5,0,control_higher_all_folds
2410,SOWAHA,0.017916348384979,1486,0.019899778324397,1112,0.0079718821520588,2175,0.016989223521292,1605,0.0103597793794814,1993,0.014627402352441638,0.005164829827914642,0.014627402352441638,5,0,5,0,AML_higher_all_folds
1240,KIAA1324L,-0.031755842483609,573,-0.0058565253064973,2322,-0.0040747186418751,2520,-0.0168015754970765,1616,-0.0142998712230302,1654,-0.01455770663041762,0.011028155977004461,0.01455770663041762,0,5,5,0,control_higher_all_folds
288,CABP5,0.024192225932904,1021,0.0074516373515563,2179,0.0126305080975462,1738,0.0141364021764053,1800,0.0141521911506954,1667,0.01451259294182144,0.006069720771869004,0.01451259294182144,5,0,5,0,AML_higher_all_folds
720,EPS8,-0.0060195200022808,2429,-0.0173305534988637,1342,-0.0005675449796439,2868,-0.0187188391073261,1481,-0.029080938687548,676,-0.014343479255132501,0.011228576932336077,0.014343479255132501,0,5,5,0,control_higher_all_folds
352,CCL23,0.0195728761273216,1353,0.0014300748629653,2776,0.0138157034402849,1629,0.0045146136347162,2551,0.0322426443785007,504,0.014315182488757738,0.012362886595735924,0.014315182488757738,5,0,5,0,AML_higher_all_folds
354,CCL4L2,-0.0353672373853048,411,-0.0145357438631582,1559,-0.0050005414811828,2444,-0.0082391992017432,2228,-0.0076789865979346,2234,-0.01416434170586472,0.012357620158060816,0.01416434170586472,0,5,5,0,control_higher_all_folds
2405,SNX9,-0.0115441288532111,1993,-0.0327526049461265,370,-0.0111909688348887,1878,-0.0121716966752367,1951,-0.0023286182995027,2697,-0.013997603521793143,0.011237726266600705,0.013997603521793143,0,5,5,0,control_higher_all_folds
2297,SH3RF2,0.0011356554897629,2831,0.0267591229883976,636,0.0039705868863485,2533,0.0225869654093051,1188,0.0153092680379425,1563,0.01395231976235132,0.011228473819111361,0.01395231976235132,5,0,5,0,AML_higher_all_folds
2609,TNFRSF8,0.0125933413839121,1910,0.0148104223416844,1533,0.0256518229064371,716,0.007225057590993,2308,0.0093747998913812,2084,0.013931088822881557,0.007170582731123698,0.013931088822881557,5,0,5,0,AML_higher_all_folds
406,CDC14A,-0.0169950980896333,1566,-0.0108090646171621,1901,-0.0181411311853663,1258,-0.0036434993262323,2619,-0.018865465714387,1305,-0.013690851786556203,0.006456656418236803,0.013690851786556203,0,5,5,0,control_higher_all_folds
803,FAS-AS1,-0.0203991175521057,1306,-0.0032418648843255,2578,-0.0158217858324804,1449,-0.012540390263242,1919,-0.01624784848576,1492,-0.013650201403582718,0.006453227261233272,0.013650201403582718,0,5,5,0,control_higher_all_folds
990,GRIN2C,0.0128433779126122,1881,0.00064552898685,2850,0.0231498675102499,866,0.0060309510262267,2414,0.0255766983105102,848,0.0136492847492898,0.010727423100782254,0.0136492847492898,5,0,5,0,AML_higher_all_folds
1711,MROH5,-0.0212470708300866,1238,-0.0046504042240739,2430,-0.0220935849784333,940,-0.01907443003614,1456,-0.0008020341539786,2835,-0.013573504844542481,0.010055691754783854,0.013573504844542481,0,5,5,0,control_higher_all_folds
1441,LMAN1L,0.0402428162747292,246,0.0057186862341213,2336,0.0089896557607184,2084,0.0065872003549003,2370,0.0041732207074053,2543,0.013142315866374899,0.015249640918662832,0.013142315866374899,5,0,5,0,AML_higher_all_folds
2277,SFMBT1,0.015238496793056,1688,0.0137752813587488,1626,0.0018735935427348,2749,0.0181792238435726,1524,0.0163052273757965,1486,0.01307436458278174,0.006463940108434293,0.01307436458278174,5,0,5,0,AML_higher_all_folds
1439,LINS1,-0.0230703360488298,1097,-0.0094321525697077,2019,-0.0118115336512471,1822,-0.0173630373315338,1583,-0.0031623731533107,2631,-0.01296788655092582,0.007605318797514751,0.01296788655092582,0,5,5,0,control_higher_all_folds
1255,KIR2DS4,-0.0092741517950449,2160,-0.0197962202784824,1121,-0.001904566966222,2747,-0.0298752046171867,776,-0.0036084175665991,2593,-0.012891712244707022,0.011790832343526753,0.012891712244707022,0,5,5,0,control_higher_all_folds
1233,KIAA0513,-0.0119098232606438,1964,-0.0126439746638399,1723,-0.0003781819337206,2883,-0.0140156248594761,1811,-0.0249537471367652,886,-0.012780270370889118,0.008722208573186042,0.012780270370889118,0,5,5,0,control_higher_all_folds
834,FEZ1,-0.0098865788751292,2115,-0.0308676135817803,450,-0.010221174426454,1961,-0.0008948331477792,2846,-0.011074172866944,1928,-0.01258887457961734,0.01102344809811001,0.01258887457961734,0,5,5,0,control_higher_all_folds
210,BNC2,0.0117507943902416,1976,0.0178816520248945,1290,0.0165744874666876,1382,0.0088634288736174,2172,0.0074772998951799,2252,0.012509532530124202,0.004598278135168791,0.012509532530124202,5,0,5,0,AML_higher_all_folds
2764,WNT1,0.0153756075980661,1673,0.0003540382849232,2885,0.0360228390487501,278,0.0060797657998459,2412,0.003842759742763,2578,0.01233500209486966,0.01436269957623249,0.01233500209486966,5,0,5,0,AML_higher_all_folds
30,ADAM19,0.0076520205246385,2286,0.018808620397268,1213,0.0139308134979119,1615,0.0076414374795126,2277,0.0119225052710082,1846,0.01199107943406784,0.004690227947326061,0.01199107943406784,5,0,5,0,AML_higher_all_folds
605,DGKK,0.0215478605747379,1210,0.0059221747720772,2313,0.0025548578891831,2678,0.0081137639150013,2236,0.0211231225113935,1138,0.0118523559324786,0.008881687789522405,0.0118523559324786,5,0,5,0,AML_higher_all_folds
1437,LINGO2,0.0068505398929818,2361,0.0145263160137031,1561,0.0064898930452496,2308,0.019499435846535,1421,0.0117152156592864,1869,0.011816280091551182,0.005463844016826911,0.011816280091551182,5,0,5,0,AML_higher_all_folds
85,ANKAR,0.0199025585326997,1331,0.0097631132744505,1995,0.0004807309895524,2875,0.0097560803670662,2117,0.0183886624711074,1334,0.011658229126975242,0.007832844294400728,0.011658229126975242,5,0,5,0,AML_higher_all_folds
2545,THAP10,0.0190129706615872,1404,0.0005868419093119,2858,0.0170633652681603,1339,0.0022124273616579,2735,0.0152695089778654,1565,0.01082902283571654,0.008727971305706338,0.01082902283571654,5,0,5,0,AML_higher_all_folds
1262,KITLG,-0.018968362819023,1406,-0.0001300840754837,2904,-0.0169721439435281,1347,-0.0092921792337556,2149,-0.0087231196484283,2139,-0.01081717794404374,0.007504167140464842,0.01081717794404374,0,5,5,0,control_higher_all_folds
2776,XIST,0.0281771242551749,763,0.0088155787317461,2068,0.0071945781087479,2247,0.0048438961819248,2527,0.0043926142306357,2522,0.010684758301645881,0.00994189121857042,0.010684758301645881,5,0,5,0,AML_higher_all_folds
2078,PTPRD-AS1,0.0008517012782168,2852,0.0173997246757188,1333,0.0194662472952841,1149,0.0044241606479033,2556,0.0096314032212986,2058,0.010354647423684318,0.008041363483964099,0.010354647423684318,5,0,5,0,AML_higher_all_folds
1083,HRK,0.008058094787899,2256,0.0153497092889929,1497,0.0213201924561283,1003,0.0045760718516027,2547,0.0018196200253831,2743,0.0102247376820012,0.008009716295425816,0.0102247376820012,5,0,5,0,AML_higher_all_folds
2905,ZNF829,-0.0020575272277977,2752,-0.0157202585499179,1458,-0.0165506623444355,1386,-0.0130432905138289,1888,-0.0015181792316331,2769,-0.009777983573522622,0.007410665506484911,0.009777983573522622,0,5,5,0,control_higher_all_folds
804,FASLG,0.0022337466395415,2743,0.0211841663573392,1021,0.0070908644342336,2253,0.0012626651634732,2816,0.0167332261138215,1444,0.0097009337416818,0.008875436452910194,0.0097009337416818,5,0,5,0,AML_higher_all_folds
1023,HCFC2,0.0023591867963788,2729,0.0075596501357981,2174,0.0193626273485085,1155,0.0064639751023302,2381,0.0120528207730394,1834,0.009559652031211,0.006475803777803597,0.009559652031211,5,0,5,0,AML_higher_all_folds
1143,IL1RL1,-0.012765230090178,1894,-0.0103164319692424,1949,-0.0029309870797265,2647,-0.0139624280423464,1819,-0.0077729543268311,2223,-0.009549606301664881,0.004397836579314642,0.009549606301664881,0,5,5,0,control_higher_all_folds
2843,ZNF280B,-0.0002895805071086,2892,-0.0154423988100502,1487,-0.016142434372362,1419,-0.0030757178415718,2657,-0.0106390334215698,1971,-0.009117832990532478,0.007178168386064463,0.009117832990532478,0,5,5,0,control_higher_all_folds
2469,SVIL,-0.0089399310382636,2182,-0.0043338533587947,2463,-0.0083771869287922,2136,-0.0063663585852019,2389,-0.0174042498886428,1399,-0.009084315959939039,0.004992403385796587,0.009084315959939039,0,5,5,0,control_higher_all_folds
2570,TMCC3,-0.0018946481319138,2766,-0.0017491593184777,2742,-0.031332910914953,422,-0.0025319834641194,2707,-0.0043284635224924,2528,-0.00836743307039126,0.012879027642453229,0.00836743307039126,0,5,5,0,control_higher_all_folds
1772,NBEA,-0.0141475120488949,1775,-0.00228487176187,2682,-0.0064428488472167,2311,-0.0064820719377874,2379,-0.0124575630706124,1805,-0.00836297353327628,0.004857842630310235,0.00836297353327628,0,5,5,0,control_higher_all_folds
593,DDX43,0.0009179121195029,2847,0.0076461047012826,2166,7.593655956125104e-05,2910,0.0130731880674769,1885,0.0155019495011291,1544,0.00744301818979055,0.0069558847718783475,0.00744301818979055,5,0,5,0,AML_higher_all_folds
2443,SSC4D,-0.0042890010172645,2567,-0.0067182510012776,2241,-0.0064917625181205,2307,-0.0112280875400343,2019,-0.0051012347469485,2448,-0.006765667364729081,0.0026876885112157786,0.006765667364729081,0,5,5,0,control_higher_all_folds
1655,MGAT4C,-0.0069829361364057,2343,-0.0001117037715641,2905,-0.0202218281160896,1090,-0.0023949385349289,2719,-0.0032367061850255,2625,-0.006589622548802759,0.00801237446095405,0.006589622548802759,0,5,5,0,control_higher_all_folds
2791,ZBTB20-AS1,-0.0093111365951515,2156,-0.0034434119678592,2557,-0.0069036769396529,2269,-0.0101231793212159,2084,-0.001942931761257,2732,-0.0063448673170273,0.0035770848118981285,0.0063448673170273,0,5,5,0,control_higher_all_folds
1456,LOC100132686,-0.0075436967632591,2296,-0.0157699378601987,1450,-0.0001304154346262,2905,-0.0066214078045972,2364,-0.000476122209069,2874,-0.006108316014350041,0.006386067259531616,0.006108316014350041,0,5,5,0,control_higher_all_folds
2295,SH3D19,-0.0038019587993805,2600,-0.0069026469705639,2221,-0.0008543407308004,2844,-0.0032772141513127,2644,-2.0637827282683763e-05,2916,-0.0029713596958680366,0.002712332497089017,0.0029713596958680366,0,5,5,0,control_higher_all_folds
2439,SRGN,-0.1160732636455674,1,-0.1459653832842381,1,0.0217741352189936,961,-0.008116222151689,2235,-0.0575480624899975,22,-0.06118575927049967,0.07055525403188179,0.06989541335809712,1,4,4,3,mixed
893,FTH1,-0.1078895513076754,2,0.0221407627606331,948,-0.0838376672394805,9,-0.0293148446488786,800,-0.0963261179973519,2,-0.05904548368655066,0.05446411321109999,0.0679017887908039,1,4,4,3,mixed
2203,S100A8,-0.0612989623775761,21,-0.0947413568924328,4,-0.0796662821502317,12,-0.0120782804775774,1957,0.0026654927654709,2666,-0.049023877826469414,0.04247496536573615,0.05009007493265777,1,4,4,3,mixed
55,AIF1,-0.0374140344468164,324,-0.0764949160096725,8,-0.1018765278987583,5,-0.0504443941152479,97,0.013048011962439,1754,-0.050636372101611225,0.04337276132950018,0.05585557688658682,1,4,4,2,mixed
572,CYBB,-0.037478348809491,322,-0.080320241101865,7,0.0421684817763171,135,-0.0670212742202244,12,-0.0167538864678956,1443,-0.03188105376463178,0.04828220319028567,0.04874844647515862,1,4,4,2,mixed
1766,NAMPT,-0.0663155420511323,17,-0.0212309690374935,1017,-0.0288094068102386,554,0.0281166239979558,863,-0.0642632428783121,8,-0.030500507355844142,0.038559665681979695,0.04174715695502647,1,4,4,2,mixed
1054,HIST1H4C,0.0309599233551642,612,0.0558308059419645,28,0.0675556580154633,14,0.015405477879877,1720,-0.0153344127525347,1561,0.03088349048798686,0.032950287236053706,0.037017255589000736,4,1,4,2,mixed
1088,HSP90B1,0.0426027994334507,184,0.0152030641225502,1505,0.1377667931311731,2,-0.0252249266576266,1022,0.0549266039076544,35,0.04505486678744036,0.0602688655183372,0.055144837450491,4,1,4,1,mixed
1594,LYZ,-0.0208099408726546,1269,-0.0430105375770526,131,-0.1444063849083019,1,-0.0216723795806194,1254,0.0301341069986922,619,-0.03995302718798726,0.06428977079977403,0.05200666998746414,1,4,4,1,mixed
2595,TMSB4X,-0.0475704799135565,101,-0.0458141032885075,99,-0.0091832505003495,2067,-0.0824398835297471,5,0.03765555161994,304,-0.029470433122444118,0.04560141864889255,0.044532653770420115,1,4,4,1,mixed
695,EMB,0.030874578685344,618,-0.0856118379005852,5,-0.0421075867012421,137,-0.018068412924131,1532,-0.0431860726096055,156,-0.03161986629004396,0.0425678868031816,0.04396969776418156,1,4,4,1,mixed
2771,XBP1,0.0540411603411123,41,0.0174999860394061,1321,0.0343732737646189,332,0.0344974214774965,552,-0.0612743072508468,12,0.015827506874357404,0.04500078171562332,0.04033722977469613,4,1,4,1,mixed
1724,MSI2,0.0321783095193622,547,0.0566084018886666,25,0.0363062187590717,274,-0.0396719884313674,319,0.0320733261383338,514,0.023498853574813378,0.03674125953038394,0.03936764894736034,4,1,4,1,mixed
2151,RGS2,-0.0737602928543431,10,-0.0386865769192556,202,-0.0382479670825898,230,-0.040253569499119,305,0.0018854944592318,2734,-0.03781258237921514,0.026809919048228922,0.03856678016290786,1,4,4,1,mixed
1067,HMGB1,-0.0038799804262444,2599,0.038146624733142,214,0.082963430346667,10,0.0248472733092162,1046,0.0371704305376897,316,0.035849555700094106,0.03132979683669695,0.03740154787059186,4,1,4,1,mixed
2736,VIM,-0.0348929964050073,432,0.0029642148929446,2607,-0.0736450094988724,13,-0.0573484173563983,38,-0.0174569316960776,1396,-0.0360758280126822,0.03056204261687383,0.037261513969860036,1,4,4,1,mixed
386,CD36,0.0006960696471474,2863,-0.0422277955070689,144,-0.0645344295191233,15,-0.0338484464253494,578,-0.0411915904320552,211,-0.036221238447289875,0.02361640157895556,0.03649966630614884,1,4,4,1,mixed
186,BCL2A1,-0.0351307323339532,424,0.0028278340303084,2621,-0.0418054529078734,146,-0.0758809896815266,6,-0.0229871047999629,996,-0.03459528913860154,0.02868807383596218,0.0357264227507249,1,4,4,1,mixed
427,CENPE,0.0725927324419217,13,0.0310503358145492,436,0.0282516884637279,585,0.0351500134472525,514,-0.0041860063956851,2539,0.03257175275435324,0.02729668828844171,0.03424615531262727,4,1,4,1,mixed
2816,ZFP36L1,-0.0604873057767751,25,-0.0173559206239592,1338,-0.0156049203490296,1472,-0.0411070901326183,276,0.0336432175064669,443,-0.02018240387518306,0.03531454194942731,0.033639690877769815,1,4,4,1,mixed
1105,IFIH1,0.040727203312365,232,-0.0147201845286297,1546,0.0033126250515025,2605,0.0509785879169046,84,0.058395733674639,18,0.027738793085356282,0.031812094143483224,0.03362686689680816,4,1,4,1,mixed
2606,TNFRSF1B,-0.0566085920566745,33,-0.0235462948840121,845,-0.0122234877071737,1771,-0.0666104570976783,13,0.0060060653721457,2376,-0.030596553274678574,0.030416503759045758,0.032998979423536856,1,4,4,1,mixed
2418,SPATA13,-0.0246405746317774,985,-0.0134610604235266,1660,-0.0571110102581638,21,-0.0381710517502944,384,0.0302912355600179,607,-0.02061849230074886,0.03278338976644294,0.03273498652475602,1,4,4,1,mixed
1203,JMY,-0.0358501853860383,388,0.0127033599258077,1718,0.0560458447216899,23,0.0393600767484561,334,0.0164931534633464,1472,0.01775044989465236,0.034762031196704894,0.03209052404906768,4,1,4,1,mixed
1006,GZMK,0.0167187998117614,1588,0.0297698544218586,491,0.0476436544312686,63,0.0022362045353619,2733,-0.0587854929430437,17,0.0075166040514413595,0.04066300043024505,0.03103080122865884,4,1,4,1,mixed
2912,ZSWIM3,0.058650386058528,29,0.015737794187687,1453,-0.027226737929871,627,0.0192615477522057,1435,0.0311277478473634,558,0.019510147583182622,0.031086797130300953,0.030400842755131018,4,1,4,1,mixed
164,ATP6V1G3,-0.0393289626935856,266,0.0182986490660811,1265,0.0122627190784565,1766,0.0595038318626551,30,0.0206324147220097,1166,0.014273730407123361,0.03528345146211649,0.0300053154845576,4,1,4,1,mixed
1904,PCDH12,-0.0384386368331424,286,-0.0250905876681116,744,-0.061045323068834,18,-0.0113430109037248,2010,0.0129148695526122,1766,-0.024600537784240123,0.027852842383020816,0.029766485605285005,1,4,4,1,mixed
1199,JAML,-0.0376690535791358,317,-0.0135355009214607,1655,-0.0270494117017926,637,0.0104803010270457,2062,-0.0583083695729096,19,-0.025216406949650598,0.025807967910958778,0.029408527360468877,1,4,4,1,mixed
425,CELF2-AS1,0.0156055984453043,1654,0.0361473072369059,262,0.0073168753000989,2236,-0.0614151790336614,25,0.0240297358645777,940,0.004336867562645079,0.03827175690914578,0.028902939176109643,4,1,4,1,mixed
1853,NUSAP1,0.022690316151406,1120,0.0112268755093114,1864,0.0317606709973182,406,0.0648572433669515,17,-0.00555961359248,2411,0.024995098486501423,0.026283216991363316,0.027218943923493423,4,1,4,1,mixed
1014,HBA2,0.0784639585023316,4,-0.0220673636245742,953,0.0025481034886931,2682,0.0252221076592024,1023,0.0074574580556654,2254,0.01832485281626366,0.03762586010418785,0.027151798266093336,4,1,4,1,mixed
1033,HEMGN,0.0281716369867168,764,0.0034913639208574,2551,-0.0127981459769251,1721,0.0648684651609917,16,0.0237632692079159,957,0.02149931785991134,0.029287927062908805,0.02661857625068138,4,1,4,1,mixed
2330,SLC25A37,0.0772453321228509,5,-0.0125523379045912,1733,0.0216549252554094,975,0.007356732785652,2301,0.0122244442844812,1823,0.021185819308760463,0.033736857314681,0.026206754470596942,4,1,4,1,mixed
875,FOXL1,-0.0224762355356623,1141,0.0179591795315582,1282,-0.0157359312736298,1456,-0.0090123402773134,2161,-0.0590866854424317,15,-0.0176704025994958,0.02777848025025543,0.02485407441211908,1,4,4,1,mixed
407,CDC14B,0.0243915022180148,1002,0.0290519426952557,520,-0.0559456033962781,24,0.0053322488067452,2476,0.0054794748933671,2421,0.0016619130434209408,0.033961445205622866,0.02404015440193218,4,1,4,1,mixed
1442,LMNA,-0.0012485284049531,2820,-0.0157128718932972,1460,-0.0124154700043843,1748,0.0194739464129828,1425,-0.0620167177036177,10,-0.014383928318653899,0.02997256226946562,0.022173506883847022,1,4,4,1,mixed
7,ABCB1,0.0001120435252032,2906,0.0091081939428471,2044,0.0101730515884278,1968,-0.0168408553188739,1613,0.0575044848373623,23,0.0120113837149933,0.027638181107891815,0.01874772584254286,4,1,4,1,mixed
656,DUSP1,-0.0429657054317211,177,0.0195995280764711,1141,-0.0302174997886512,474,-0.0533187077598242,54,-0.0507109369097528,59,-0.03152266436269564,0.029955727809425698,0.03936247559328408,1,4,4,0,mixed
626,DMXL2,-0.0387252751499797,279,-0.0368129751421063,247,-0.050132900410631,50,0.0537166751793613,52,-0.0049702496687542,2459,-0.015384945038421981,0.042115471274686136,0.0368716151101665,1,4,4,0,mixed
163,ATP6V0E2-AS1,0.0277197883066012,791,0.0467294170381843,93,0.0283842982009781,580,0.0309849731658503,718,-0.0465061005731979,104,0.0174624752276832,0.03659197047194574,0.03606491545696236,4,1,4,0,mixed
340,CCDC66,0.0514836132167479,55,0.0339455262137481,329,0.0446420451147286,97,-0.0142612180965158,1794,0.0294427039779172,658,0.029050534085325198,0.02572139614076123,0.03475502132393152,4,1,4,0,mixed
1984,PLEK,-0.0194022693590179,1371,-0.0530872999827963,42,-0.0312735678677283,425,-0.0478180322611675,137,0.0196406135690693,1247,-0.02638811118032814,0.028997419606291982,0.034244356607955856,1,4,4,0,mixed
448,CFD,-0.0543307776308363,39,-0.0250139086662481,751,-0.0265137280295477,665,-0.0366222032188901,454,0.02801050923578,723,-0.022894021661948438,0.030763615098538834,0.034098225356260434,1,4,4,0,mixed
388,CD3E,-0.0208274508507914,1264,0.035838497389088,268,-0.0427417410689084,122,-0.0388476507144541,350,-0.0301110569546557,621,-0.01933788043994432,0.03198079365440393,0.033673279395579514,1,4,4,0,mixed
2087,PWAR6,0.0428620676450293,179,-0.0468491171926052,92,-0.0292170518045682,526,-0.000866368556057,2851,-0.0459967057600273,112,-0.01601343513364568,0.03781510859443752,0.03315826219165739,1,4,4,0,mixed
2745,VSIG1,0.0444074794942223,143,-0.036751553334532,249,-0.0378397797276236,241,-0.0223850737336335,1204,-0.0226307259561608,1018,-0.015039930651545519,0.0340470026239916,0.03280292244923444,1,4,4,0,mixed
1304,LAMP3,-0.0134512948970865,1824,-0.0336409597122748,336,-0.0473914170921,69,-0.0327725326884003,628,0.033648720009315,442,-0.01872149687610932,0.03167175772449074,0.03218098487983532,1,4,4,0,mixed
1562,LPAR6,-0.0298608868093638,668,-0.0092909447352184,2031,0.0379374015237326,239,-0.0444870311331499,199,-0.0374299412233012,311,-0.01662628047546014,0.03322337684622728,0.03180124108495318,1,4,4,0,mixed
1845,NTRK2,-0.037291967114872,332,-0.0207901385663955,1057,0.0230768812794782,873,-0.030277687119159,755,-0.0475294094323741,93,-0.02256246419066448,0.027321796559682004,0.03179321670245576,1,4,4,0,mixed
533,CREM,-0.0216392846540776,1202,-0.0349211016118592,290,0.0379722156661551,237,-0.0459687883096498,165,-0.0167685413477229,1440,-0.01626510005143088,0.03240824439820597,0.03145398631789292,1,4,4,0,mixed
2411,SOX4,0.0480566631181702,91,0.0193808843093503,1160,0.0405085796594622,174,-0.034385699293339,556,0.0140863022229034,1674,0.01752934600330942,0.03228938270693992,0.031283625720645025,4,1,4,0,mixed
1036,HERC6,0.0301734905117317,654,-0.0213010793445108,1012,0.0115384346243013,1840,0.0495796343617291,107,0.0435560155567313,146,0.02270929914199652,0.02860951013867387,0.031229730879800844,4,1,4,0,mixed
490,CMTM4,0.0265866207699721,858,-0.0429817108894992,132,-0.023507309741481,848,-0.0355232418830278,490,-0.0266141993325444,789,-0.020407968215316062,0.027361743241442457,0.0310426165233049,1,4,4,0,mixed
2122,RBM38,-0.0342036897342911,451,-0.0197641037250094,1123,-0.0447936736166213,95,0.0483177395494922,124,-0.0076629536843221,2236,-0.011621336242150341,0.03634911593711744,0.030948432061947223,1,4,4,0,mixed
2524,TDRD7,-0.0260160899765834,891,-0.0465878931176502,95,-0.013975755609916,1612,-0.0409792417705375,282,0.0262706990104257,810,-0.020257656292852283,0.02898350892260649,0.03076593589702256,1,4,4,0,mixed
2818,ZFY,-0.0535927308447499,42,-0.0313651592118387,424,-0.0052013227636999,2425,-0.0329896284062831,622,0.0304618860774616,594,-0.018537391029822,0.03233061832494177,0.03072214546080664,1,4,4,0,mixed
2031,PRDM10,0.0461214842647376,123,0.0054573624743535,2362,0.0342974910236766,335,-0.0210588435401899,1307,0.0453552642784004,121,0.022034551700195644,0.0291815847425601,0.030458089116271604,4,1,4,0,mixed
1820,NNMT,-0.0257212696286189,916,-0.0418411473316722,148,-0.0337306053751104,352,0.0172530028286765,1594,-0.0333268542210022,456,-0.02347337474554544,0.023470022206319056,0.03037457587701604,1,4,4,0,mixed
2079,PTPRE,-0.0546438403811378,38,0.0063075511984442,2276,-0.0252768098687755,741,-0.0349057743717609,532,-0.0306149064297033,583,-0.027826755970586658,0.022072015380461718,0.03034977644996434,1,4,4,0,mixed
115,APOL6,-0.049559308339313,74,-0.010976814021902,1887,0.020895282713966,1038,-0.052537141428778,65,-0.0174058014874806,1398,-0.021916756512701523,0.03030932366278927,0.030274869598287922,1,4,4,0,mixed
342,CCDC7,0.0439761769615702,157,0.0350389017951354,287,0.0152493455304335,1500,-0.0224347765619385,1201,0.0346589696787072,397,0.02129772348078156,0.026602488462198,0.03027163410555696,4,1,4,0,mixed
1804,NFKBIA,-0.022732558839404,1116,-0.0376442516062709,227,0.0418009334041596,147,-0.007840599416431,2254,-0.0410930351493973,214,-0.01350190232146872,0.0336146643942354,0.03022227568313256,1,4,4,0,mixed
2569,TMCC2,-0.0274632559652974,800,0.0240418994425514,811,-0.0063659443257831,2319,-0.0515313784580045,77,-0.0408301225600956,220,-0.02042976037332584,0.03003529146552897,0.030046520150346402,1,4,4,0,mixed
1770,NAPSB,-0.0439398073544601,158,0.0211077334500121,1028,-0.0335482952109311,358,-0.0351107805179187,515,-0.0161408060945676,1498,-0.02152639114557308,0.025875162533317845,0.029969484525577923,1,4,4,0,mixed
2317,SLC11A1,-0.035614681483012,392,-0.0124122697330262,1748,0.0098085967211933,1999,-0.0572522307859226,39,-0.0343343081737281,412,-0.02596097869089912,0.0255219470333245,0.029884417379376436,1,4,4,0,mixed
481,CLIC5,0.0318797361303473,566,-0.0323080273822866,388,0.0217142529234032,968,0.0409518126319471,284,0.021368406268854,1116,0.016721236114453,0.028580133167259474,0.02964444706736764,4,1,4,0,mixed
1836,NRCAM,0.0059394265026597,2434,-0.0194818539491437,1147,-0.0426581647990639,125,-0.052020555618775,72,-0.0275548769244014,741,-0.02715520495774486,0.022432800272255766,0.029530975558808743,1,4,4,0,mixed
683,EGR2,0.0164565393763035,1602,-0.0310281090479581,438,-0.0366990546827911,263,-0.0176956366602729,1556,-0.0456114591171828,118,-0.02291554402638028,0.024229691617064928,0.029498159776901678,1,4,4,0,mixed
266,C3orf33,0.0478269954437596,94,0.0290271987334458,521,0.0024401776097947,2695,-0.0426089141212059,239,0.025548093425578,851,0.012446710218274443,0.034747575060130376,0.029490275866756805,4,1,4,0,mixed
2904,ZNF827,0.0264107969512154,863,-0.0392989393912949,192,-0.0031871900607671,2620,-0.0499710138204669,104,-0.0281050853339588,720,-0.018830286331054456,0.03068466490239615,0.029394605111540618,1,4,4,0,mixed
2718,USP40,0.0359210404889592,386,-0.0506222930133688,56,0.0093068616306633,2057,0.0455469545290265,178,0.0055323714114397,2414,0.00913698700934398,0.03750754895821588,0.029385904214691498,4,1,4,0,mixed
1462,LOC100499484-C9ORF174,-0.0477570949886914,97,0.0391246198084913,197,0.0267756181990772,648,0.0108704061521141,2038,0.022265065355735,1053,0.010255722905345242,0.03397208166462424,0.0293585609008218,4,1,4,0,mixed
1323,LGALS2,-0.0437926640252489,161,0.0260328752570085,687,-0.0478125297555663,60,-0.0176951900509881,1557,-0.0109092798894437,1945,-0.018835357692847703,0.029748212802458533,0.0292485077956511,1,4,4,0,mixed
330,CCDC146,-0.023304229208239,1083,-0.0244839698659841,783,0.038054008850317,234,-0.0279499760745087,869,-0.0318839195360084,526,-0.01391361716688464,0.029242525725301557,0.029135220707011446,1,4,4,0,mixed
2029,PRAME,-0.0072242959343381,2327,0.0500150611182723,63,0.0202464196596639,1088,0.0517994842939992,74,0.0162016623024174,1494,0.02620766628800294,0.02487511745005361,0.02909738466173818,4,1,4,0,mixed
83,ANK1,0.0327114439252136,527,0.027294827804701,596,-0.0128937293138189,1709,0.0370720125292451,430,0.0353331394971085,375,0.02390353888848986,0.02089954214152552,0.02906103061401742,4,1,4,0,mixed
2587,TMEM45B,0.0209406250880513,1258,0.0375077548147599,230,0.0038802435777695,2543,0.0517219464662309,75,-0.0309347974143328,569,0.016623154506495756,0.03205804442387512,0.02899707347222888,4,1,4,0,mixed
1068,HMGB2,0.0416851263492056,202,0.0179266664539211,1285,0.0526964706597916,35,-0.0069633059927986,2333,0.0256791079851519,844,0.026204813091054324,0.022969415645998862,0.028990135488173762,4,1,4,0,mixed
2521,TDRD15,-0.0320147602794978,554,0.0185637726775559,1235,0.011479473423894,1847,0.0576540403466954,36,0.0241780093925115,930,0.0159721071122318,0.03214949579825202,0.028778011224030918,4,1,4,0,mixed
1127,IGLL5,-0.0161740288026519,1617,0.0222066790614611,946,0.0514148489759244,40,0.029361380261506,798,0.0247204550448119,898,0.022305866908210303,0.02441134753405794,0.028775478429271063,4,1,4,0,mixed
845,FIGN,0.0477736969917559,95,-0.0189897516170925,1193,-0.0379671479595886,238,-0.0355745469731848,486,-0.0034278429149075,2609,-0.0096371184946035,0.03499060355983352,0.02874659729130586,1,4,4,0,mixed
2857,ZNF432,0.0005612408744173,2873,-0.0153186054320467,1498,0.0409902862259456,165,0.048325656320062,122,0.0385034158834835,276,0.02261239877437234,0.02818003473379625,0.02873984094719102,4,1,4,0,mixed
1267,KLF9,-0.0307577696022592,628,0.0073205830394253,2189,0.0408829154945388,168,0.0512252769059205,80,0.0125632098411837,1793,0.01624684313576182,0.03214462545468516,0.0285499509766655,4,1,4,0,mixed
2211,SAMD3,-0.0188881937455038,1410,0.0384986954443181,204,0.0257772257507724,707,0.0206201178998732,1336,0.0384712287615062,278,0.020895814822193222,0.023587221649105875,0.028451092320394743,4,1,4,0,mixed
2477,SYNM,-0.0259378173022319,898,-0.0486736650860189,70,-0.0165386759422424,1387,-0.027005025654056,925,0.0238883375429886,950,-0.018853369288312116,0.02663691167707431,0.02840870430550756,1,4,4,0,mixed
956,GNG2,0.048939860233441,80,-0.0228635904241077,891,0.0163911231755397,1398,0.007431155914757,2294,0.0463828084826122,106,0.019256271476448438,0.029745124183622535,0.028401707646091522,4,1,4,0,mixed
1361,LINC00597,-0.0417704032122011,200,-0.0328204258130332,368,0.0080141805302923,2170,-0.0208085699046069,1325,-0.0379193648121505,295,-0.02506091664233988,0.020104732770489152,0.0282665888544568,1,4,4,0,mixed
82,ANGPTL2,0.0230278503487845,1099,0.026671583217729,645,-0.0151397085220131,1511,0.0250857699060521,1034,0.0509624719508166,57,0.02212159338027382,0.0237197752300905,0.02817747678907906,4,1,4,0,mixed
145,ARPP21,0.0194545574413695,1365,-0.0141384104624796,1594,0.0351594723511981,308,0.0365400678308744,457,0.0349228189190576,388,0.022387701216004002,0.021582961806206166,0.028043065400995843,4,1,4,0,mixed
2856,ZNF407,0.0412175984817631,210,-0.044590604864022,112,0.017579665607877,1309,0.0317506390864775,680,0.0049765703262271,2458,0.010186773727664541,0.033579289187482854,0.028023015673273338,4,1,4,0,mixed
2643,TRERNA1,-0.0080412293243301,2257,-0.0239141258155104,822,-0.0305858082647644,459,0.0485592078540946,120,-0.0287072568894968,694,-0.008537842488001421,0.033127284613904635,0.027961525629639262,1,4,4,0,mixed
1003,GZMA,-0.026676408724955,854,0.0106301904575816,1913,0.0220480790292091,942,0.0590039052841171,32,0.0209278204465544,1152,0.01718671729850144,0.03063195949670378,0.02785728078848344,4,1,4,0,mixed
412,CDHR1,-0.0080664884160988,2255,-0.0524386427634779,46,-0.0230103016619245,877,0.0342639226620317,562,-0.0210883602073027,1140,-0.01406797407735444,0.031518047734720694,0.027773543142167123,1,4,4,0,mixed
336,CCDC191,-0.032905660470841,517,-0.0079659776912993,2135,0.0293847803874778,518,-0.0390489250942266,341,-0.0294935217524108,653,-0.016005860924259978,0.027943930766633082,0.0277597730792511,1,4,4,0,mixed
772,FAM181B,-0.033509596612635,479,0.0184571945102329,1245,-0.0234721218650016,850,-0.0329395740190729,624,-0.0300691222915261,624,-0.02030664405560054,0.022033328658602788,0.0276895218596937,1,4,4,0,mixed
1313,LCK,0.0516749036385564,52,-0.0079083291329095,2141,-0.0058352133642479,2366,-0.041578279662021,264,-0.0312268850964605,554,-0.006974760723416501,0.036150803267254734,0.027644722178839058,1,4,4,0,mixed
2651,TRIM15,0.0032951837239776,2651,-0.043213583540427,128,5.250821302329317e-05,2912,0.0433498121803321,222,0.0473843573345902,97,0.010173655582299237,0.03703120978255579,0.02745908899847004,4,1,4,0,mixed
273,C6orf229,0.030421824141834,640,0.0088470760760573,2066,-0.0396904076152988,194,0.038840493663638,352,0.0194480230352744,1253,0.01157340186030098,0.030806565821251342,0.027449564906420504,4,1,4,0,mixed
751,F2R,0.0338653315915075,466,0.0367270688960809,250,0.0285568382349693,571,-0.0206611225616344,1334,0.0173554407677661,1401,0.01916871138573788,0.023463413606507492,0.02743316041039164,4,1,4,0,mixed
2425,SPINK2,0.0311860116689646,599,-0.0479432743652624,79,0.014200685577718,1596,0.0383946539347235,376,0.0051258319456172,2444,0.00819278175235218,0.034049961788709636,0.02737009149845714,4,1,4,0,mixed
1440,LIPN,0.0422797627397152,194,-0.0472323388745448,88,-0.009331233890597,2053,-0.0369709234859192,437,-0.0007966651528279,2836,-0.010410279732834742,0.03511110343251671,0.02732218482872082,1,4,4,0,mixed
1272,KLHL28,0.0029980627497335,2678,0.017497731787637,1322,0.0309206361376092,445,-0.04957081645587,108,0.0351559693406668,382,0.0074003167119553,0.034244084614408504,0.0272286432943033,4,1,4,0,mixed
1666,MIR181A1,-0.0311181659694956,603,-0.0159850825714264,1434,0.0284785366297516,574,-0.0309529379844879,720,-0.0294485088555379,656,-0.01580523175023924,0.025549767401019982,0.02719664640213988,1,4,4,0,mixed
1235,KIAA0895,-0.0408089479559384,227,-0.0373681619794791,233,0.0181404459309823,1259,-0.0299928066268239,769,-0.0096147309133154,2061,-0.0199288403089149,0.02447980627562403,0.02718501868130782,1,4,4,0,mixed
788,FAM46A,0.0274537059667087,801,0.0324737356255913,378,-0.007928035648453,2176,0.058428495675748,34,0.0093489614498954,2088,0.02395537261389808,0.025015475349268693,0.02712658687327928,4,1,4,0,mixed
1173,IRS2,-0.0177647110891335,1501,-0.0273469009351746,592,-0.0423900265245462,133,-0.0470509639659809,146,0.0009689294439185,2819,-0.026716734614183345,0.01940466948805223,0.027104306391750745,1,4,4,0,mixed
1978,PLCG1,0.0291866169974347,705,-0.0180893354657564,1276,-0.0460655351299727,82,-0.035647194461658,484,-0.0063914568064493,2344,-0.015401380973280341,0.02926891144983754,0.027076027772254218,1,4,4,0,mixed
1826,NPR3,-0.0355539671584199,400,0.0302331581405216,474,0.0293810970725043,519,0.0081277005024447,2233,0.0319484521812538,522,0.012827288147660898,0.028746494582624335,0.027048875011028862,4,1,4,0,mixed
2258,SEPT1,-0.0194787737712995,1361,-0.0283060411387916,548,-0.0229455541872734,882,0.0423435515862125,243,-0.0219650916601693,1071,-0.010070381834264262,0.029476820175690626,0.027007802468749266,1,4,4,0,mixed
1563,LPIN2,-0.0330260185280492,507,-0.0346574102467016,301,0.0338150459156592,349,-0.0140994617342809,1805,-0.0191457526853066,1278,-0.01342271945573582,0.027838009062466185,0.026948737821999504,1,4,4,0,mixed
16,ABI3,-0.0329954721839973,509,0.0244715605272041,784,-0.0129771136555852,1700,-0.0245222755488273,1068,-0.0397742819397272,241,-0.01715951656018658,0.025333053493057565,0.02694814077106822,1,4,4,0,mixed
2290,SH2D1A,0.0339079115746128,463,-0.0077691053517612,2154,0.0210873185422343,1021,0.047647155560628,139,0.0242366975083588,923,0.023821995566814542,0.020463455498912538,0.026929637707519015,4,1,4,0,mixed
1079,HPGDS,0.0338108455920284,467,0.020881683880192,1047,0.0265137398215674,664,0.0148801697931766,1757,-0.0382904728439058,284,0.01155919324861172,0.028730216765349703,0.02687538238617404,4,1,4,0,mixed
2464,SULF2,0.001712874548743,2780,-0.0199675903926757,1107,-0.0254776569575616,727,-0.0342713968301907,558,-0.0527101127130797,44,-0.026142776468952945,0.019914884036483664,0.026827926288450144,1,4,4,0,mixed
1651,MFAP3L,-0.0173660384520918,1536,0.0381590329429559,213,0.0325538319390569,378,0.005229258770663,2489,0.0407378073199807,222,0.01986277850411294,0.02515803700406025,0.02680919388494966,4,1,4,0,mixed
2876,ZNF569,-0.025900193348661,900,-0.020450973991245,1076,-0.0227146926867663,896,0.0556300182272979,45,-0.0092446212855414,2099,-0.004536092616983162,0.034213670097185477,0.026788099907902325,1,4,4,0,mixed
1797,NEU4,-0.0344470761296695,447,0.0369319280070727,244,-0.0015618005707758,2786,-0.0272135265846635,913,-0.0332552315960569,461,-0.0119091413748186,0.030374149360435632,0.026681912577647682,1,4,4,0,mixed
729,ERMN,0.0154730900009447,1663,0.0164699402450908,1397,0.0303706628648612,466,0.0314603097941504,700,-0.0391440792642895,256,0.010925984728151518,0.028974889693919238,0.026583616433867318,4,1,4,0,mixed
2577,TMEM181,0.0293743187974775,693,0.0093164432911592,2028,0.0365045039382097,266,-0.0335017463826354,592,0.0242107655987214,926,0.013180857048586481,0.027937782423960788,0.02658155560164064,4,1,4,0,mixed
1855,OAS3,0.0455524074200808,131,-0.0125891413376748,1727,0.0392223180584042,207,0.0229557176881998,1161,0.0111200648187591,1921,0.02125227332955382,0.02326060910124139,0.02628792986462374,4,1,4,0,mixed
586,DCST2,-0.0204302047862145,1299,-0.035283411324566,279,-0.012895079471192,1708,0.0288120158501454,826,-0.0332770254788359,458,-0.014614741042132603,0.02597178690569191,0.026139547382190764,1,4,4,0,mixed
1102,IFI30,-0.0288527992627501,725,0.004225545219919,2475,-0.0124631195099646,1744,-0.0348896784426984,533,-0.0502057150257826,66,-0.02443715340425534,0.02096246500409266,0.02612737149222294,1,4,4,0,mixed
1287,KPNA7,0.0013929334438297,2807,0.022107976204335,949,0.0418182651498312,145,0.0382500896463714,383,-0.0269845398156579,770,0.01531694492574188,0.028537961180238484,0.02611076085200504,4,1,4,0,mixed
2549,THRA1-BTR,-0.0505922580451824,63,-0.0308712694484665,449,-0.0050343839754949,2442,0.0274081841231133,897,-0.0165457323345605,1462,-0.0151270919361182,0.02923517631500366,0.026090365585363522,1,4,4,0,mixed
1917,PCSK1N,-0.0257891138440664,908,-0.0285189946718266,539,0.0215306878833623,986,-0.028624636693957,841,-0.0258909285136927,836,-0.017458597168036084,0.021838491823315338,0.026070872321381,1,4,4,0,mixed
252,C1orf186,0.0235330943528607,1066,0.0178452210367157,1292,0.0212126908453467,1012,-0.045219331906453,181,0.0224786565044534,1035,0.007970066166584699,0.02981067300222612,0.026057798929165897,4,1,4,0,mixed
2833,ZNF184,0.0239199805123781,1037,0.011681847521894,1824,0.0381754449848225,231,0.0305625413966166,739,-0.0259314915485719,832,0.01568166457342786,0.025213755177544386,0.02605426119285662,4,1,4,0,mixed
652,DTHD1,-0.0154395144104784,1667,0.0258333331488325,695,0.0188868129164848,1191,0.040755705402346,291,0.0290808371279743,677,0.01982343483703184,0.021238709801731016,0.0259992406012232,4,1,4,0,mixed
1485,LOC101927620,0.0461230214076555,122,-0.0040165746262428,2502,0.004326584683535,2504,0.0502043613479409,99,0.0249681308204262,884,0.024321104726662962,0.024230611269203603,0.025927734577160085,4,1,4,0,mixed
1703,MPEG1,-0.0480411822351147,92,0.0027980945986349,2627,-0.0069037177963341,2268,-0.0592975163873248,31,-0.0125096716979765,1798,-0.024790798703623038,0.027217708744585064,0.025910036543077004,1,4,4,0,mixed
2387,SNAR-G1,0.0040474424869863,2589,0.0276134109804213,576,0.0222164651677325,928,-0.039221974726025,338,0.03642182235707,341,0.010215433253237021,0.030064890834952274,0.025904223143647022,4,1,4,0,mixed
2910,ZNFX1,0.0006120596764438,2870,0.0377635821106743,223,0.0118114596369465,1823,0.0478674137462271,136,-0.0311931321604696,555,0.013372276601964422,0.03136951232792826,0.02584952946615226,4,1,4,0,mixed
1976,PLAUR,-0.0444764104936847,141,-0.0096681847216637,2002,-0.0440656322573082,106,-0.0201336220368583,1370,0.0108929536333108,1946,-0.021490179175240817,0.02360235688820098,0.025847360628565137,1,4,4,0,mixed
2669,TSHZ2,0.0400165357624138,253,-0.0031933285968792,2580,-0.0176298731537264,1304,-0.0326168281230969,639,-0.035770753553758,363,-0.009838849533009342,0.030747855190720284,0.02584546383797486,1,4,4,0,mixed
270,C5AR1,0.0094658613024098,2143,-0.0424597794049293,139,-0.0323455282644628,384,-6.202036517365117e-05,2908,-0.0447453051298068,127,-0.022029354372392552,0.02507165981432939,0.02581569889335647,1,4,4,0,mixed
2679,TSPYL2,0.0226857645865026,1121,0.0315463078216199,412,0.0102477961668227,1958,-0.0191999570911571,1440,0.045313232556332,122,0.01811862880802402,0.024471077959088098,0.02579861164448686,4,1,4,0,mixed
1047,HIPK2,-0.0211967298337145,1243,-0.0403730795949538,169,-0.0017558531953063,2768,-0.0354913009983519,491,0.0300767350756832,623,-0.01374804570932866,0.028729638734706187,0.02577873973960194,1,4,4,0,mixed
519,CP,-0.0185854969781748,1438,-0.0132616576117151,1683,-0.0133762728212234,1665,0.0307748817429235,730,-0.0528396902475294,42,-0.013457647183143842,0.02972289440961205,0.02576759988031324,1,4,4,0,mixed
256,C21orf59-TCP10L,-0.0108084628272405,2046,0.0526097700193756,45,0.0114842714309715,1846,0.0315755234199054,690,0.0223460827926373,1046,0.021441436967129864,0.023527559689750233,0.025764822098026063,4,1,4,0,mixed
1710,MRGPRF-AS1,-0.0288399810394307,727,-0.0272062269264272,603,0.0255452510515897,724,-0.0123465872041786,1938,-0.0345245640847078,404,-0.01547442164063092,0.02434942636123626,0.0256925220612668,1,4,4,0,mixed
1825,NPL,-0.0226067327289819,1126,-0.0339234240136607,331,-0.0256492462187142,717,-0.0307607418832654,731,0.0154661816177351,1549,-0.019494792645377422,0.02003084001414316,0.025681265292471462,1,4,4,0,mixed
302,CAMK2B,-0.0167321858713655,1586,-0.0449639063375786,106,-0.0184456986455176,1229,0.0331313517562382,612,-0.0143454182719992,1643,-0.012271171474044542,0.028251247598809193,0.025523712176539825,1,4,4,0,mixed
2249,SELENOM,0.0307145419601324,629,0.0281439290003093,553,0.0297361290864275,499,0.0244588675732004,1071,-0.0145487043654379,1625,0.01970095265092634,0.019293551548029732,0.0255204343971015,4,1,4,0,mixed
2266,SERPINB10,-0.0243247022868926,1006,-0.0061127240451853,2294,-0.0227797717961617,890,-0.0374662275723789,415,0.0368891461706537,330,-0.010758855905992959,0.028869261123898246,0.02551451437425444,1,4,4,0,mixed
2170,RNF111,0.0368975303543207,344,0.0344793643032523,310,0.0137179291127033,1636,-0.0349776614000563,525,0.0064842464603979,2335,0.011320281766123578,0.02899644047551173,0.0253113463261461,4,1,4,0,mixed
1427,LINC02344,0.0048321262162183,2519,0.0216078414431006,987,0.0402490571942225,182,-0.0268692569820971,934,0.0328387009100228,486,0.014531693756293419,0.026714796891038936,0.02527939654913226,4,1,4,0,mixed
1342,LINC00243,0.0182440456872122,1461,0.0345983726352281,306,-0.0124122656860635,1749,0.0376725367487159,403,0.0233859693246128,975,0.020297731741941098,0.019937972242060377,0.025262638016366502,4,1,4,0,mixed
238,C16orf52,0.0116522967691001,1984,0.0218288951799144,972,-0.025723511033314,713,0.028298038693097,855,0.0383366602809817,283,0.01487847597795584,0.024686073922832823,0.025167880391281438,4,1,4,0,mixed
2365,SLC9A6,0.0267497525136037,850,0.018301663113347,1264,0.0265703291934658,662,-0.0388061514411292,353,0.0153583190467774,1559,0.009634782485212939,0.027541481040560728,0.02515724306166462,4,1,4,0,mixed
1854,NUTM2G,-0.029122409202575,708,-0.0294389702119654,506,-0.0268841157519046,643,-0.0386516969323373,362,0.0012664913754801,2790,-0.024566140144660444,0.015129481425208762,0.025072736694852483,1,4,4,0,mixed
1037,HERPUD1,-0.0359855822876995,382,0.0312532117456628,427,-0.0227960663225809,889,-0.0181017587005826,1530,-0.0172111749588892,1415,-0.012568274104817881,0.025619702664345892,0.025069558803083,1,4,4,0,mixed
322,CBLB,0.0209267862151697,1259,0.0286213051394603,535,0.0234198903909687,852,0.0327219904276029,632,-0.0196533720721546,1244,0.017207320020209402,0.021107611986364586,0.02506866884907124,4,1,4,0,mixed
371,CD1B,0.0096864316135478,2131,0.0297482426745665,493,-0.0317286215813521,409,0.0357610362860497,480,0.0183312597111134,1338,0.01235966974078506,0.026629729370684297,0.025051118373325902,4,1,4,0,mixed
2568,TM4SF1,0.0234400488731824,1072,0.0186575055619551,1225,0.0220234048114083,946,-0.0219599889996478,1241,0.0390573912422579,261,0.01624367229783118,0.022754149310496883,0.025027667897690297,4,1,4,0,mixed
1936,PDZRN4,-0.007753648509564,2279,0.0335343914595479,340,0.0386480161729784,221,0.0106438248657166,2056,0.03434862041991,411,0.02188424088171778,0.019854863179815226,0.024985700285543384,4,1,4,0,mixed
1610,MAN1A1,-0.0227163823294387,1117,-0.0260951381872402,678,0.0094368366089897,2039,-0.0204633404619644,1345,-0.0457478722031998,116,-0.02111717931457068,0.01979888855022597,0.024891913958166558,1,4,4,0,mixed
2479,SYT2,0.0458856438701766,126,-0.0207973525576348,1056,0.0368721907353698,261,0.0205776892331623,1337,0.0002657272997891,2896,0.0165607797161726,0.027156009544616513,0.024879720739226525,4,1,4,0,mixed
97,ANKRD44,-0.0195345436472656,1357,-0.0160706234279162,1426,-0.0087181413729312,2101,-0.0338285140734595,579,0.0458359534978751,114,-0.006463173804739477,0.030628047771583043,0.02479755520388952,1,4,4,0,mixed
963,GPM6A,0.0124642603544342,1922,-0.0296443372986166,497,0.0346638490172057,325,0.0338854048978027,575,0.013309831418198,1722,0.0129358016778048,0.026098009507318266,0.02479353659725144,4,1,4,0,mixed
2494,TAS2R43,0.0540784493156738,40,0.0289214818371346,525,-0.0170537358174329,1340,0.0182324437435727,1518,0.0055614244405565,2410,0.017948012703900944,0.026478558986225132,0.0247695070308741,4,1,4,0,mixed
961,GORAB,0.0304559105859689,638,0.0444660674357483,115,0.021763386626059,964,-0.0036060605396559,2625,0.0228067966068111,1009,0.023177220142986277,0.017504818026433756,0.024619644358848634,4,1,4,0,mixed
679,EFHB,0.0283644499863172,752,-0.0323417770624833,385,-0.0119128683970972,1813,-0.0374991046078472,412,-0.012962640818474,1761,-0.0132703881799169,0.0259140207763233,0.02461616817444378,1,4,4,0,mixed
1493,LOC101928119,-0.0262287960532965,876,-0.0007755196659838,2829,-0.014785689419364,1540,-0.0353247453752733,502,0.0456507243157908,117,-0.006292805239625362,0.03178441859712313,0.024553094965941682,1,4,4,0,mixed
432,CEP126,-0.0215790971263703,1207,0.0505340755626754,57,-0.0017117688049656,2778,-0.0155812012821449,1702,-0.032968855610303,475,-0.004261369452221681,0.03263894645898993,0.024474999677291838,1,4,4,0,mixed
1692,MME,-0.0552219050143052,35,-0.0159460909094141,1439,0.0065519853345153,2303,-0.0266018168649886,947,-0.0179180991182906,1372,-0.02182718531449664,0.022322914030701375,0.024447979448302758,1,4,4,0,mixed
2428,SPOCK3,0.035196212890148,420,0.0260527355468517,683,-0.0002020796234848,2897,0.0398613470026449,313,0.0209264526404864,1153,0.02436693369132924,0.015617821429769307,0.02444776554072316,4,1,4,0,mixed
2082,PTPRS,-0.0230785891203465,1095,-0.0036182640384012,2541,-0.0365373969008004,265,-0.0318529102414154,671,0.0269637642720486,771,-0.01362467920578298,0.02595278183542073,0.024410184914602423,1,4,4,0,mixed
591,DDR1,0.0327585600636443,525,0.0004508078400339,2875,-0.0216452993316789,977,0.0527615787254439,60,0.014143597031474,1668,0.015693848865783438,0.02869750221617589,0.024351968598455,4,1,4,0,mixed
1116,IFT80,0.0509294228296162,60,-0.0379920011997825,217,0.0176242315789014,1305,0.010014070710711,2096,0.0050900094169525,2449,0.00913314666727972,0.03184701623191105,0.02432994714719272,4,1,4,0,mixed
174,B3GNT3,-0.0401362430831789,250,0.0027331356810089,2633,0.009075641107384,2076,0.0508958551164158,85,0.0187378340461066,1312,0.008261244573547278,0.03279103911224706,0.024315741806818843,4,1,4,0,mixed
1290,KRT16,0.0311347602497572,601,0.0288946643745103,527,0.0005613722732749,2869,0.0299050297063289,775,-0.031021369060977,564,0.01189489150857886,0.027174362844895304,0.024303439132969663,4,1,4,0,mixed
606,DHDH,0.0212993202600225,1235,0.040914348602163,159,0.0193590969222793,1157,0.0080693824322145,2240,-0.0318024090822403,530,0.0115679478268878,0.026971469511170635,0.024288911459783923,4,1,4,0,mixed
998,GUCY1A3,-0.0172783416246701,1550,-0.0263856528931264,658,-0.0321627058082707,390,0.0060747930147518,2413,-0.0392675562601906,254,-0.0218038927143012,0.017542653805370022,0.02423380992020192,1,4,4,0,mixed
2316,SLAMF7,-0.0295340528329063,681,-0.024566096471198,776,-0.0217671593524912,962,0.0130531694399395,1887,-0.0321192341120374,508,-0.018986674665738678,0.01836521138528274,0.02420794244171448,1,4,4,0,mixed
2446,ST18,0.005321479635251,2475,-0.0485337176674285,72,0.0147051031768679,1548,0.0139752558359958,1816,0.038499673787932,277,0.004793558953723641,0.03225957832883505,0.02420704602069504,4,1,4,0,mixed
1374,LINC00920,-0.0176129767097813,1512,-0.0302425979059898,473,0.0017200779378496,2776,-0.0196552590692641,1409,-0.051617007512631,51,-0.02348155265196332,0.019503323073897044,0.024169583827103158,1,4,4,0,mixed
1596,MACC1,0.0500999044025753,70,-0.0099062103997734,1978,-0.0229334181137073,885,-0.0017664284363306,2783,-0.0360799888443526,351,-0.004117228278317721,0.03299319290762971,0.024157190039347843,1,4,4,0,mixed
2068,PSMD6-AS2,-0.0271960879891084,820,-0.0169888346473644,1369,-0.0322785878619453,387,0.0371133000597452,427,-0.007143861140344,2276,-0.00929881431580338,0.027686851544850614,0.02414413433970146,1,4,4,0,mixed
1028,HEATR9,-0.0162732466064955,1610,0.0132159718036099,1686,0.032083869115669,394,0.0228871735918432,1166,0.0360665339264966,352,0.01759606036622464,0.020888788893184993,0.02410535900882284,4,1,4,0,mixed
728,ERICH4,0.0426929606286038,183,0.0120130934215395,1788,0.0292797426826624,523,-0.034701266659369,539,0.0018318349190777,2741,0.010223272998502881,0.029619518924515253,0.02410377966225048,4,1,4,0,mixed
2171,RNF125,0.0062224452959561,2407,0.0217733933322838,975,0.037400340934638,250,-0.0437943812127513,215,0.0111162171627652,1922,0.006543603102578362,0.030573719869717523,0.024061355587678884,4,1,4,0,mixed
2540,TGFA,0.0007703897547407,2861,0.0069470303885047,2218,-0.0460856579297304,81,0.0369462554600269,438,0.0295542685728388,649,0.00562645724927614,0.03260727708622929,0.0240607204211683,4,1,4,0,mixed
395,CD6,0.0254480911198006,933,-0.0326557050113184,372,0.014653912802351,1552,0.011199239122768,2020,0.0361633243886086,348,0.01096177248444196,0.02627329575637663,0.02402405448896932,4,1,4,0,mixed
1629,MAST4,-0.0192898318212364,1379,-0.0357095027388398,270,-0.0295503562099581,504,-0.0217044448646572,1251,0.0137974654222898,1689,-0.01849133404248034,0.01918525185716535,0.024010320211396256,1,4,4,0,mixed
742,EVADR,-0.0116234784547617,1986,-0.0157245775913501,1456,0.02917854396031,530,-0.0434399212294152,219,-0.0200692645122719,1205,-0.01233573956549778,0.026280719172051017,0.02400715714962178,1,4,4,0,mixed
1680,MIR624,0.0509140018911932,61,-0.0035632587251914,2545,0.0235153715069546,847,0.0216157864644989,1260,0.0203880948877854,1185,0.02257399920504814,0.019318996709933946,0.0239993026951247,4,1,4,0,mixed
934,GHRLOS,0.0104458269178693,2072,0.0177733321684199,1298,0.041888877502834,142,-0.0138359580097162,1830,0.035948638336632,355,0.018444143383207802,0.02215000508700541,0.02397852658709428,4,1,4,0,mixed
1505,LOC102723345,0.0343850319409257,448,-0.0216104872704532,985,0.0266901229472101,653,0.0125555485773448,1918,0.0241929839829287,928,0.015242640035591221,0.022039499440693743,0.0238868349437725,4,1,4,0,mixed
681,EGLN3,-0.044298390597345,148,-0.0186745468822432,1224,0.0267068144557812,651,-0.0076834712608682,2270,-0.0219425664075498,1075,-0.013178432138444999,0.0259639010559656,0.023861157920757478,1,4,4,0,mixed
967,GPR155,0.0363613718608347,371,-0.0118883735808539,1805,0.0318709195396715,402,0.0022000735758626,2737,0.0358902472540205,359,0.01888684772990708,0.022296991883068638,0.023642197162248642,4,1,4,0,mixed
2232,SCN9A,-0.0142084862432459,1770,0.0462789145516668,97,-0.0522870952173954,37,-0.005015604619529,2511,-0.0002108537604227,2900,-0.00508862505778524,0.03526077694759463,0.02360019087845196,1,4,4,0,mixed
1784,NEB,0.0196667415740041,1345,-0.0269762181610356,621,0.0440728139659107,105,0.0055794542767063,2459,0.0214428210588545,1109,0.012757122542888,0.026144378020909322,0.02354760980730224,4,1,4,0,mixed
1101,IFI27,0.0363621621973772,370,0.0170351517250877,1365,0.0017080307078919,2779,-0.0306940620607538,734,0.0318671510385136,528,0.01125568672162332,0.02710861922935413,0.02353331154592484,4,1,4,0,mixed
1859,OLFM1,-0.0213451107486488,1232,-0.0272435469581025,599,-0.0132411832955516,1676,0.0254920794737071,1002,-0.0303371666464954,603,-0.01333498563501824,0.022661829832325606,0.02353181742450108,1,4,4,0,mixed
822,FCHO2,0.0215413618154766,1211,-0.0250888480817303,745,0.0243532893364745,797,0.0367681502027721,446,0.0098719468164018,2033,0.013489180017878941,0.023590917658842837,0.023524719250571056,4,1,4,0,mixed
109,APLP2,0.0082551697366036,2244,-0.0491265136725222,69,-0.0172395251351319,1330,-0.0043538960261835,2560,-0.0385939813131738,274,-0.02021174928208156,0.023688822041636505,0.023513817176723,1,4,4,0,mixed
2671,TSNAXIP1,-0.0096264565809144,2133,0.0420010876917859,145,0.0427819128639296,121,0.0085699488485929,2195,0.0144152092404378,1636,0.01962834041276636,0.0225938910206393,0.023478923045132122,4,1,4,0,mixed
1468,LOC100506675,0.0182721988404586,1459,-0.0071794912878267,2199,0.0377412915092948,243,0.0410440097771483,279,0.0131111699809214,1745,0.020597835763999282,0.019653134333094457,0.02346963227912996,4,1,4,0,mixed
1412,LINC01719,0.0271316693493363,826,-0.0224066106747869,931,-0.0048010699972289,2463,-0.0348456965366995,535,-0.0281464944273505,718,-0.012613640457345901,0.024860420574037652,0.02346630819708042,1,4,4,0,mixed
2424,SPIC,0.0278639170676704,781,0.0229328105223583,885,-0.027191815698192,629,0.0292485808511132,803,0.0099573719414503,2026,0.012562172936880039,0.023490925413215014,0.023438899216156838,4,1,4,0,mixed
205,BLVRB,-0.0249026733146987,963,0.0341484329421365,323,0.0194379363097147,1152,0.000433371933926,2884,0.0380051180970926,292,0.01342443719363422,0.026017259759535817,0.0233855065195137,4,1,4,0,mixed
549,CSTA,-0.0345627475386963,440,-0.0045273923157709,2444,-0.0407316441524403,170,-0.0110405800568886,2028,0.0260111495574756,823,-0.012970242901264101,0.026605854330722746,0.02337470272425434,1,4,4,0,mixed
1340,LINC00161,-0.010013789179114,2106,-1.273222456443443e-05,2915,-0.0270446233013184,639,0.0371742136442622,425,-0.0422969213157623,180,-0.008438770475299388,0.03019343994368069,0.02330845593300427,1,4,4,0,mixed
2785,ZBED2,0.0317094391926596,575,0.0091436625293981,2042,0.0310901885613626,432,0.0367631052206943,447,-0.0076721099604119,2235,0.020206857108740543,0.018871252798852406,0.0232757010929053,4,1,4,0,mixed
126,ARHGAP12,0.0257432088252153,914,-0.0249867240007115,752,0.0159506626918562,1435,0.0359527162931272,477,0.0134392256198411,1714,0.013219817885865659,0.023134743821002036,0.023214507486150258,4,1,4,0,mixed
225,C11orf65,-0.0097734146119083,2124,0.0346332672156602,303,-0.0245489563043697,783,-0.032475900615127,644,-0.0145923387482973,1624,-0.00935146861280842,0.026115152362509775,0.0232047754990725,1,4,4,0,mixed
1076,HP09053,0.0174403112425978,1531,0.0158576221789003,1446,0.0385169363218982,225,-0.0395974666335299,321,0.004274161430537,2532,0.007298312908080679,0.028978802529776457,0.023137299561492637,4,1,4,0,mixed
712,EPHA10,-0.0444086916619141,142,0.0208541381979266,1050,-0.0260339512599028,690,-0.0174179113052134,1577,-0.0069237809989182,2298,-0.01478603940560438,0.02420217533787515,0.02312769468477502,1,4,4,0,mixed
2777,XPR1,0.0254080775151297,935,0.0114642977815886,1840,-0.0323614680982344,383,0.007218506379447,2310,0.0391590317213391,255,0.010177689059854002,0.026888078077562643,0.02312227629914776,4,1,4,0,mixed
725,ERCC6L2,-0.032792046988519,523,-0.0113669618114215,1852,-0.0059286699929084,2358,-0.0417806492906084,257,0.0237345101261932,959,-0.01362676359145282,0.025593854196822467,0.023120567641930097,1,4,4,0,mixed
2093,RAB19,0.0408646055298969,224,-0.0101751447371887,1961,0.0068474069518569,2274,0.0317942360306204,678,0.0255150503517281,853,0.01896923082538272,0.020512613108706605,0.0230392887202582,4,1,4,0,mixed
1974,PLAG1,-0.0280790521677808,768,0.0086796425606616,2074,0.0406023954512723,171,0.0179834695729312,1536,0.0198131014293413,1229,0.011799911369285118,0.025159980656383106,0.02303153223639744,4,1,4,0,mixed
467,CISH,-0.0261049396959734,887,0.0172034571905985,1350,-0.0178100703198827,1285,-0.0234073357745555,1126,-0.0305921147813723,587,-0.016142200676237083,0.01920646416013518,0.02302358355247648,1,4,4,0,mixed
491,CMTM8,-0.0029709579677245,2680,-0.0373096771733527,235,-0.0128336204985447,1719,0.0363196113773816,465,-0.0256415250432416,847,-0.00848723386109638,0.02820450629424736,0.02301507841204902,1,4,4,0,mixed
1502,LOC101930010,-0.0186378201831726,1434,0.0013145278494757,2785,0.0215901195482963,980,0.0401162553184659,309,0.0333982385972616,453,0.01555626422606538,0.02413503203632222,0.02301139229933442,4,1,4,0,mixed
2311,SKIL,0.0055109113833158,2464,0.0176103996955456,1312,-0.0285909092305362,567,0.0261120297634041,979,0.0369355542361461,328,0.011515597169575079,0.025203991680768326,0.022951960861789557,4,1,4,0,mixed
1848,NUDT10,-0.025455773352539,931,-0.0104865225024039,1931,0.021114816485905,1017,-0.0431481671062151,225,-0.0145187125485789,1629,-0.01449887180476638,0.02358638350320785,0.02294479839912838,1,4,4,0,mixed
2212,SAMD4A,-0.0251517670809561,951,-0.0111447749265457,1872,-0.0378353853491488,242,-0.0246714002685543,1059,0.0154745964862037,1548,-0.01666574622780024,0.02029617834070907,0.02285558482228172,1,4,4,0,mixed
1053,HIST1H2BG,0.0380397910691315,302,0.0244215728599891,789,0.0085730476603653,2120,0.0373474485887395,418,-0.005842332283873,2386,0.02050790557887048,0.018993616547212763,0.02284483849241968,4,1,4,0,mixed
1926,PDGFA,-0.0157645956574279,1644,-0.0479750752939893,78,0.0258958978957858,699,-0.001881179438842,2768,-0.0226599596717882,1016,-0.012476982433252317,0.02720002301811919,0.02283534159156664,1,4,4,0,mixed
1329,LIF,0.0319086065985887,565,-0.0068537022540365,2226,0.0236311980590387,840,0.0319537757725905,664,0.0197717128411606,1233,0.0200823182034684,0.015961146763527934,0.022823799105083,4,1,4,0,mixed
350,CCL2,0.0232609974919819,1086,0.0417278541458096,149,0.0150631740068084,1514,-0.0115457124702171,1996,0.022325398100746,1047,0.01816634225502576,0.019305659463376174,0.0227846272431126,4,1,4,0,mixed
360,CCR5,0.0430950890934734,172,0.0078029287150023,2150,0.0271296338404015,635,-0.0165612368034941,1632,0.0193241883951274,1263,0.0161581206481021,0.02234034433496238,0.02278261536949974,4,1,4,0,mixed
2727,UTS2,0.0229219948082527,1104,-0.0093656268575574,2024,0.02668079070268,654,0.0378459446038957,394,0.017054294936303,1423,0.0190274796387148,0.017592164425332946,0.022773730381737762,4,1,4,0,mixed
161,ATP2B1-AS1,-0.0308863391746568,616,0.0053757673722325,2371,-0.0259418705187953,695,-0.0172932599736209,1587,-0.0343516214457097,410,-0.02061946474811004,0.01588336057355352,0.02276977169700304,1,4,4,0,mixed
2011,PP2D1,0.0126388083554681,1904,0.0347603967054417,295,-0.0195789601203021,1140,0.0163337835429516,1656,0.030332881234862,604,0.01489738194368426,0.021380929353716733,0.0227289659918051,4,1,4,0,mixed
865,FMOD,-0.0121599042429929,1945,-0.027829271640427,565,0.0092334200936869,2065,-0.0137295656197685,1842,-0.0502909509617046,65,-0.018955254474241217,0.02195882531970819,0.022648622511715975,1,4,4,0,mixed
2166,RNA5-8S,0.0027355437843495,2698,0.0243501225413608,792,0.0122356769993131,1768,-0.0329030554494884,625,0.0409603883716785,218,0.0094757352494427,0.027665592981581333,0.022636957429238058,4,1,4,0,mixed
313,CASC23,0.028762929862807,731,-0.0098329174359694,1987,0.0105897801703253,1927,0.0312259338432559,707,0.0326379377580836,490,0.01867673283970048,0.018250534384692426,0.02260989981408824,4,1,4,0,mixed
744,EXOC2,-0.0111233085172339,2021,-0.0225467301545099,919,-0.0200783377278512,1104,0.0293909994450739,794,-0.0298882943776141,631,-0.01084913426642704,0.02347256428509651,0.022605534044456598,1,4,4,0,mixed
799,FANCM,-0.0278924413455687,779,-0.0175057152151326,1320,-0.0089235515392328,2087,0.0342682907499747,559,-0.0242909428506928,920,-0.00886887204013044,0.025175133170760224,0.02257618834012032,1,4,4,0,mixed
2117,RASSF6,0.0441535391766965,152,-0.0101871980423168,1957,0.0104573331315949,1941,0.0352332972224104,510,0.01281234076673,1774,0.018493862451023,0.02155282121501348,0.022568741667949723,4,1,4,0,mixed
1729,MT-COX3,0.0026751365832062,2707,0.0431234622751185,129,0.0157431656477922,1455,0.0445309770393906,197,-0.0066370838934367,2320,0.01988713153041416,0.023260510608633926,0.02254196508778884,4,1,4,0,mixed
719,EPPK1,-0.0052194087028231,2486,-0.0023963313880922,2671,0.0528768049873208,31,-0.0303860012400077,749,-0.0218221756588308,1084,-0.0013894224004866,0.0324761646665811,0.022540144395414918,1,4,4,0,mixed
2448,ST8SIA1,0.0137020715892073,1806,-0.0035696056581854,2543,-0.0044751189389574,2490,-0.0415537464957277,266,-0.049353282828523,72,-0.017049936466437238,0.027062308872970262,0.02253076510212016,1,4,4,0,mixed
737,ETAA1,-0.0035770852259811,2622,0.0072366062801364,2193,0.0186081236489824,1215,0.0521374791579661,70,0.0309948041192791,566,0.02107998559607658,0.021613606400768186,0.02251081968646902,4,1,4,0,mixed
1150,IL2RB,-0.0247412072109196,977,-0.0257777598834154,697,0.0024652259407709,2691,-0.0480747228447306,131,-0.0114344735455311,1897,-0.021512587508765158,0.01877942113757403,0.02249867788507352,1,4,4,0,mixed
1641,MDGA2,-0.0272084326148591,817,0.004853617627178,2415,-0.0457469325266505,86,-0.0084662362718885,2206,-0.0259477210490916,830,-0.02050314096706234,0.01936301682139728,0.022444588017933538,1,4,4,0,mixed
1100,IER3,0.0099035906845944,2113,-0.0051958406083618,2385,-0.0280561207139687,592,-0.0169673346012083,1606,-0.0520362136384953,49,-0.01847038377548794,0.023463303086009198,0.0224318200493257,1,4,4,0,mixed
2225,SCHIP1,-0.0303202115378411,646,0.0232077447225482,866,0.029878591805689,492,0.0128916993778706,1900,0.0158399040286349,1517,0.01029954567938032,0.02365026510197574,0.022427630294516762,4,1,4,0,mixed
2099,RALGPS2,0.0346774820027196,436,-0.0009647107062551,2813,0.0373296835634562,252,0.0017701816674251,2782,0.037344550220168,313,0.022031437349502758,0.019797673572925736,0.0224173216320048,4,1,4,0,mixed
2264,SERPINA1,-0.0219095283778431,1179,-0.0433518358585505,127,0.0264858331669381,668,-0.0055744874197275,2460,-0.0146077780715044,1623,-0.011791559312137479,0.0255448928345464,0.02238589257891272,1,4,4,0,mixed
2008,POU4F1,0.0315507441619115,586,0.0228637549616275,890,0.0156677983977846,1465,0.0133405322383487,1870,-0.0283920321663556,705,0.01100615951866334,0.023141306191180273,0.02236297238520558,4,1,4,0,mixed
912,GALNT3,0.0307771408069347,626,0.015697324383501,1461,-0.0404656504731269,176,0.0119028981070688,1970,0.0128012498980014,1775,0.006142592544475801,0.027147748634670933,0.02232885273372656,4,1,4,0,mixed
2375,SLITRK4,0.0271657393196635,823,-0.0211943930480162,1020,-0.0457778379480522,85,-0.0116712959399343,1989,-0.0057152034281104,2395,-0.011438598208889922,0.026445534551583327,0.02230489393675532,1,4,4,0,mixed
2618,TNRC6C,-0.0049379659248258,2509,-0.0028061828098235,2625,0.0359665602476739,281,-0.0247498521956408,1052,-0.0430427998671535,160,-0.007914048109953942,0.029486982899929813,0.022300672209023497,1,4,4,0,mixed
798,FAM95C,-0.0334980937298654,480,-0.0117688816930161,1817,-0.0241390490021702,807,0.0219861041266914,1239,-0.0200548971157241,1208,-0.013494963482816879,0.02132099917069684,0.02228940513349344,1,4,4,0,mixed
32,ADAM21,0.0243382916084643,1005,0.0329090202237461,363,0.0042938431644415,2508,0.0203501226955785,1357,-0.0292378723941783,669,0.010530681059610423,0.024537204392481016,0.02222583001728174,4,1,4,0,mixed
411,CDH22,-0.0046668620923366,2534,-0.0369862337455025,242,-0.0109277197931024,1899,0.0427672381825902,235,-0.0154877371454179,1546,-0.00506026291875384,0.029368569542794303,0.02216715819178992,1,4,4,0,mixed
911,GALM,0.0284422743727891,743,0.0269906295182514,620,0.0200330989930012,1111,-0.0055645405635247,2461,0.0297770904167222,639,0.01993571054744784,0.014741595561221916,0.022161526772857723,4,1,4,0,mixed
1612,MAOB,-0.0130468143880787,1861,-0.0220688703223725,952,-0.0349905576907762,313,0.0290749691690771,812,-0.0113119433775021,1904,-0.010468643321930479,0.02401533343847118,0.02209863098956132,1,4,4,0,mixed
1654,MGAT4A,0.0049994652253554,2503,0.037099778798313,237,0.0345023209411888,329,0.0195961840346661,1416,-0.0142515773743991,1659,0.01638923432502484,0.02142359252861324,0.02208986527478448,4,1,4,0,mixed
1473,LOC100996419,0.0366903870287039,357,0.0251850297844843,734,0.0280028448690012,595,0.0082813182050731,2224,-0.0119447977425483,1841,0.01724295642894284,0.019295661679447195,0.022020875525962165,4,1,4,0,mixed
188,BCL6,-0.0168266606501171,1579,-0.0097591359251811,1996,-0.0446225384312538,100,0.0308687636103887,724,-0.0077554425249752,2224,-0.009619002784227698,0.027018278819469756,0.02196650822838318,1,4,4,0,mixed
726,EREG,0.0142630897082474,1768,-0.0274858867144709,583,-0.0387866183421977,218,-0.0210315873388247,1308,-0.0082520391548319,2188,-0.016258608368415563,0.020322546252533637,0.02196384425171452,1,4,4,0,mixed
1600,MAFB,-0.0217795697227617,1187,0.0121456563587529,1778,-0.0260087999454828,693,-0.0259518716227627,986,-0.0238993056770538,949,-0.01709877812186162,0.016440496392779957,0.021957040665362783,1,4,4,0,mixed
64,AKAP6,-0.0294643360030114,684,-0.0360916707133277,264,-0.010428737867049,1943,0.0302380464301706,757,-0.0035343894075759,2598,-0.00985621751215868,0.02607978434841761,0.02195143608422692,1,4,4,0,mixed
1483,LOC101927482,-0.0226601965147579,1123,0.0050760320341014,2397,0.0240543166615301,815,0.0382677548952943,381,0.0196433591516439,1245,0.012876253245562361,0.023125494008882013,0.02194033185146552,4,1,4,0,mixed
2832,ZNF182,-0.0294079521999207,691,0.0208437758232557,1051,0.007578947305457,2211,0.0383146989295706,379,0.0133361134600982,1718,0.010133116663692161,0.024945936017246005,0.02189629754366044,4,1,4,0,mixed
2281,SFTPA1,0.0301220830144596,656,-0.0103576275862604,1942,0.0175593129382733,1311,0.0443751809754044,201,0.0069007384530025,2299,0.01771993755897588,0.0210341730734565,0.02186298859348004,4,1,4,0,mixed
228,C12orf42,-0.0224306100001686,1143,0.0294434254081812,505,0.0186841873306056,1211,0.0103195967199327,2069,0.0283167207777924,709,0.012866664047268661,0.02121156497347074,0.0218389080473361,4,1,4,0,mixed
999,GVINP1,-0.0057954498197203,2445,-0.0203663615440967,1083,0.0166298122987699,1380,-0.0293638741231079,797,-0.0369624879435212,326,-0.015171672226335243,0.021227876754553145,0.0218235971458432,1,4,4,0,mixed
140,ARL4C,0.0064027095854846,2398,-0.0313171739703848,426,-0.0221980218215873,934,-0.0268876587414556,932,-0.0222890022971917,1051,-0.019257829449026962,0.014831875209166996,0.0218189132832208,1,4,4,0,mixed
2770,XAF1,-0.0223828033073334,1147,-0.0281088141633014,555,-0.0089440486110673,2086,-0.0385095578508496,371,0.0110535515709954,1931,-0.017378334472311262,0.01914566417078486,0.02179975510070942,1,4,4,0,mixed
1480,LOC101927237,0.0060587778123394,2426,0.0193239976427379,1163,0.0288063162468829,555,0.0331271718287872,613,-0.0216609163438574,1094,0.013131069437377999,0.02204772900195525,0.02179543597492096,4,1,4,0,mixed
973,GPR22,-0.0167609951488955,1585,-0.0010010452722752,2812,-0.0196675925417654,1134,-0.0515176897988371,78,0.019789192334866,1230,-0.013831626085381438,0.026257676692035468,0.02174730301932784,1,4,4,0,mixed
1073,HOTAIRM1,-0.006699292727522,2371,-0.0178946677943767,1288,0.0271413934470625,633,-0.0481283315552959,129,-0.0087791380600662,2134,-0.01087200733803966,0.02694513751287341,0.021728564716864664,1,4,4,0,mixed
218,BTG2,-0.0242193338987633,1018,0.0068366504084132,2228,0.0156320612129373,1468,0.0413498222601295,269,0.0205322061914082,1172,0.01202628123482498,0.023905539898771085,0.0217140147943303,4,1,4,0,mixed
658,DUSP2,-0.0354728077505682,404,0.0038251717764603,2524,-0.015018223469986,1520,-0.0487552826553222,115,-0.0051900773410469,2439,-0.0201222438880926,0.021667891332393472,0.02165231259867672,1,4,4,0,mixed
433,CEP128,-0.0118924136119896,1965,0.0324447189957359,380,0.0205989096873567,1062,0.0265380437951457,954,0.0167868778827367,1438,0.01689522734979708,0.017155377247783776,0.02165219279459292,4,1,4,0,mixed
691,ELF3-AS1,0.0193904272173424,1372,-0.0081446757693451,2124,0.0045098627285922,2484,0.0316718506460843,685,0.0444746302416295,132,0.01838041901286066,0.020943752743511863,0.021638289320598702,4,1,4,0,mixed
2248,SELENBP1,0.0164672071616978,1601,0.0213127244649138,1011,0.0221405660100166,937,-0.0250822935343927,1035,0.0230553923009817,989,0.011578719280643439,0.020651541475549665,0.02161163669440052,4,1,4,0,mixed
325,CBX7,0.0022387227552413,2742,-0.0335005878785633,341,0.0287025522966973,561,0.0045352213536841,2550,0.0390012866321169,263,0.008195439031835259,0.02809350575842053,0.02159567418326058,4,1,4,0,mixed
1,A2M-AS1,0.0117471915341119,1978,-0.0167783113702611,1381,-0.048023859462206,59,-0.012068932393145,1958,-0.0190953719431327,1283,-0.01684385672692658,0.021316156610614583,0.021542733340571336,1,4,4,0,mixed
464,CHRNA7,-0.0192059448073702,1385,0.0263213247859585,662,0.013663698669095,1643,0.0065921949256594,2369,0.0418720088962486,189,0.01384865649391826,0.022837320580927294,0.02153103441686634,4,1,4,0,mixed
2576,TMEM171,-0.0275819107196803,796,-0.019624250273064,1139,0.016273348760442,1406,-0.0355365002715526,489,-0.0086171029147779,2153,-0.015017283083726563,0.02012584306133087,0.02152662258790336,1,4,4,0,mixed
470,CLEC10A,-0.0190595763548128,1401,0.0140494181414792,1603,-0.0097803461154912,2001,-0.0498572377534825,106,-0.0148709146307632,1598,-0.0159037313426141,0.022904986773355517,0.02152349859920578,1,4,4,0,mixed
1531,LOC105372833,0.0238235139774256,1044,-0.0208276111011198,1054,0.0307485755734687,452,0.0019810674804355,2764,0.030177851878271,616,0.0131806795616962,0.02232039373542569,0.02151172400214412,4,1,4,0,mixed
479,CLIC2,0.0367042038727534,353,-0.0203710283124607,1082,-0.0128463488337098,1718,-0.0074050547668668,2298,-0.0301793049272571,615,-0.0068195065935081995,0.025789062535769066,0.02150118814260956,1,4,4,0,mixed
1789,NEFL,0.0271797365185481,822,-0.0078637893466277,2146,0.0040928300209273,2517,0.0296042519235908,786,0.0386236316620134,273,0.01832733215569038,0.01940405661633243,0.021472847894341462,4,1,4,0,mixed
761,FAM129C,-0.005460034164477,2465,0.0290052755686977,523,0.0331391633886486,364,0.0211471184570872,1297,0.0185831010378111,1323,0.019282924857553518,0.015022470185543658,0.02146693852334432,4,1,4,0,mixed
431,CEP120,-0.015580866621819,1655,0.0192372679485023,1171,0.047071255994176,71,0.0143794484420042,1790,0.0110446454832739,1932,0.015230350249227479,0.02234655404897688,0.021462696897955078,4,1,4,0,mixed
1422,LINC02226,0.0294899568505508,683,-0.0112337495612426,1862,-0.0187386380431788,1201,-0.0038126933251992,2605,-0.0439618638791754,139,-0.009651397591649041,0.02659147405056767,0.02144738033186936,1,4,4,0,mixed
2891,ZNF682,0.020297266933231,1311,0.0270111229674791,619,0.0183620097909953,1238,-0.0183166624763688,1505,0.0231021053192655,984,0.014091168506920418,0.018406150177938077,0.02141783349746794,4,1,4,0,mixed
1012,HAUS3,0.0160824949366407,1628,0.0230147091575239,877,0.0099665237624065,1986,-0.0185668350176554,1491,0.0394155676842578,248,0.013982492104634703,0.02126275492535825,0.02140922611169686,4,1,4,0,mixed
750,F13A1,0.0200051391608969,1324,0.0273002282139934,595,-0.0127657044821283,1723,0.0250341645963701,1038,0.0219403031818229,1076,0.016302826134191,0.01648974579282649,0.02140910792704232,4,1,4,0,mixed
1377,LINC00944,0.0469589577811593,111,0.0123085689080781,1760,-0.0189406916190059,1187,0.0215610416852358,1266,0.0070834807812833,2281,0.01379427150735012,0.023869640602147312,0.02137054815495248,4,1,4,0,mixed
1989,PLEKHM3,-0.0085450288251929,2219,-0.0306050824498199,458,-0.0032396889391655,2616,0.0255425747708952,999,-0.0389108066679598,267,-0.01115160642224858,0.025322255756056965,0.02136863633060666,1,4,4,0,mixed
54,AHSP,0.0194508693146688,1366,0.0239948141014386,815,0.0208079608960624,1046,-0.0042749218459445,2564,0.0382831657160308,285,0.019652377636451217,0.01532852453526229,0.02136234637482902,4,1,4,0,mixed
374,CD1E,0.036131253140591,377,0.0041059416986917,2489,0.0228437683489005,888,0.0380479058192985,389,-0.0056326476286366,2399,0.01909924427576902,0.019362516366267235,0.02135230332722366,4,1,4,0,mixed
2056,PRR5L,-0.0106352028869758,2061,0.0250967531439175,743,0.0418372484184963,144,0.0245743715908617,1065,0.0046073185502198,2500,0.0170960977633039,0.020353465575250137,0.02135017891809422,4,1,4,0,mixed
950,GLP2R,0.0064242682194422,2396,-0.0398748100776929,177,-0.0049044198004403,2453,-0.0403851457170984,299,-0.0150184436154304,1587,-0.01875171019824396,0.0209386335567347,0.021321417486020837,1,4,4,0,mixed
1685,MIR7-1,0.0329374493968222,513,0.0126474112524223,1722,0.0288143448495702,552,0.0063968218141328,2387,-0.0256617328576189,846,0.011026858891065722,0.023273293873162116,0.02129155203411328,4,1,4,0,mixed
1830,NR2F2,0.0352375668030565,418,-0.0029753572567575,2606,0.0085969250898625,2117,0.0363726527581453,464,0.0230358488621954,992,0.02005352725130044,0.017083225773980696,0.02124367015400344,4,1,4,0,mixed
13,ABHD13,0.0284105842075384,746,-0.0192150772717419,1174,-0.0107554322291637,1917,-0.0069299046044817,2335,-0.0408898365710035,219,-0.00987593329377048,0.025121663124305416,0.02124016697678584,1,4,4,0,mixed
617,DKK3,-0.0284237544689906,745,-0.0381850432620765,212,-0.0106480125343443,1923,0.0186502654225685,1483,-0.0102905481375524,2001,-0.01377941859607906,0.021701114113366164,0.02123952476510646,1,4,4,0,mixed
1682,MIR645,-0.0250964082185518,955,0.0009144605013381,2819,-0.0178557947489446,1280,-0.0372812547323206,422,-0.025047144265702,880,-0.02087322829283618,0.014038237452186804,0.02123901249337142,1,4,4,0,mixed
1541,LOC283140,-0.0063189195019364,2401,-0.0134076859448912,1666,0.0169600638688536,1350,-0.0388448241658379,351,-0.0306520164330611,579,-0.0144526764353746,0.021859813286392273,0.021236701982916044,1,4,4,0,mixed
160,ATP2B1,0.0136499225578687,1810,-0.0177497329987161,1299,-0.0285010467724646,572,-0.0264256324585648,963,-0.0197023458726494,1239,-0.01574576710890524,0.017033303033828953,0.021205736132052722,1,4,4,0,mixed
2847,ZNF329,-0.0088331366788339,2196,-0.0370875426733187,238,-0.000271449716365,2890,-0.0172801819529594,1591,0.042528605366913,176,-0.004188741130912802,0.0294666888687621,0.021200183277678,1,4,4,0,mixed
768,FAM167A,0.0158252409206794,1640,-0.0087898106326878,2069,0.0459182485784564,84,3.663512721114801e-06,2916,0.0353719261849867,370,0.017665853712831164,0.02305941137643528,0.021181777965906284,4,1,4,0,mixed
2842,ZNF276,0.0308134311346805,623,0.019922638676686,1111,0.0200068544883141,1114,-0.0079120231436248,2249,0.0272228034024224,758,0.01801074091169564,0.015234832547661266,0.02117555016914556,4,1,4,0,mixed
305,CAMK4,0.013144303515055,1856,-0.007925384675283,2138,0.0477969681811654,61,0.0133953967612407,1867,0.0233675947137901,976,0.017955775699193637,0.02020870070513367,0.02112592956930684,4,1,4,0,mixed
813,FBXO32,-0.004572667770335,2541,-0.044139854944009,121,-0.0207630678691679,1051,0.0254192711937393,1005,-0.0107245378296602,1964,-0.010956171443886564,0.02530468172343405,0.02112387992138228,1,4,4,0,mixed
764,FAM153A,-0.024132272141153,1025,-0.0208339591137473,1053,-0.0366327975833698,264,0.0231102530064833,1154,-0.0008367169184929,2830,-0.01186509855005594,0.02339478222299137,0.021109199752649258,1,4,4,0,mixed
632,DNAJB9,0.0257967470526153,907,-0.0237620167901432,832,-0.0077553515486445,2192,-0.0270810849327888,921,-0.0211390825815625,1135,-0.010788157760104741,0.021728870842252855,0.02110685658115086,1,4,4,0,mixed
2391,SNORA117,-0.0262757311947705,872,-0.0097973536600936,1992,-0.0214192388919134,998,-0.0274850220296564,894,0.0205032142393173,1177,-0.012894826307423318,0.01993496605145466,0.02109611200315024,1,4,4,0,mixed
1337,LIM2,-0.0175540527864739,1520,-0.0022787745330048,2683,0.0474525597783765,67,-0.0199554992058639,1385,-0.0180887713576411,1355,-0.0020849076209214406,0.02858659830658568,0.02106593153227204,1,4,4,0,mixed
2907,ZNF84,0.0309944423256472,609,0.0156034078133126,1469,0.0109574838745165,1898,0.020813730626083,1324,-0.0269538720993252,772,0.010283038508046818,0.022108858192242554,0.0210645873477769,4,1,4,0,mixed
328,CCDC121,0.0042996259712765,2566,-0.0378132665586849,220,0.0148803177896067,1531,0.0327156908403054,633,0.0154059676625561,1552,0.00589766714101196,0.026474051669030683,0.02102297376448592,4,1,4,0,mixed
1903,PCDH1,-0.0300501785284106,659,-0.0368000578392228,248,-0.0156960570291886,1462,-0.0029440328157029,2675,0.0196223646290151,1249,-0.01317359231670196,0.022525599564959684,0.021022538168307996,1,4,4,0,mixed
2040,PRKAB2,0.01914965136667,1391,0.0227384987826295,904,0.0277635183598533,601,-0.0226339702361596,1184,0.0127195165733918,1780,0.011947442969277002,0.020093140428154056,0.02100103106374084,4,1,4,0,mixed
1237,KIAA1107,-0.0251442192873931,952,0.0181276855144199,1273,0.0280397692124509,594,0.0225763402137163,1189,0.0111025224787721,1923,0.01094041962639322,0.021104304288456083,0.020998107341350457,4,1,4,0,mixed
1249,KIF3B,-0.0244506772368752,998,0.0185444428783072,1238,-0.022748929014945,892,-0.0067842238677916,2346,-0.0324568215950854,498,-0.013579241767278,0.020228307374865986,0.02099701891860088,1,4,4,0,mixed
2854,ZNF385B,0.031618261126311,582,0.0295204159747075,500,0.0287143746727768,560,0.0094981914828974,2136,-0.0054275586624808,2424,0.01878473691884238,0.016209773577612184,0.0209557603838347,4,1,4,0,mixed
223,C11orf42,-0.0180041266030522,1480,0.0098705879782056,1981,0.0240573515343842,814,0.0409357019906565,285,0.0118590629542398,1853,0.01374371557088678,0.021634773674437002,0.02094536621210766,4,1,4,0,mixed
2553,TICAM2,0.0387498721924355,278,-0.0177000598864705,1303,-0.0082108622337141,2150,-0.0285169685929908,845,-0.0114544857602561,1896,-0.005426500856199198,0.02588170762135702,0.0209264497331734,1,4,4,0,mixed
1546,LOC387810,-0.0042067742831017,2576,-0.0105425773706702,1925,-0.0240398204042959,816,-0.0268964532807824,930,0.0389021736513287,268,-0.0053566903375043,0.026457907653385113,0.02091755979803578,1,4,4,0,mixed
808,FBXL17,0.0289453894548572,718,0.0218741938585021,970,-0.0007982010059793,2850,0.0386295045859799,364,0.0141721033513635,1663,0.020564598048944678,0.014962676280376027,0.0208838784513364,4,1,4,0,mixed
718,EPN2-IT1,0.0287757763567308,730,0.0136883915057337,1639,-0.0275759914062296,608,0.0225884180637974,1187,0.0117036660890677,1871,0.00983605212182,0.022018886738529503,0.02086644868431184,4,1,4,0,mixed
1461,LOC100422556,0.0330301953148308,506,0.0001512906678835,2902,0.0089117956327524,2088,-0.0333758649096271,600,0.0288154190238515,686,0.0075065671459382186,0.026612829486947782,0.020856913109789058,4,1,4,0,mixed
1893,PAPSS2,-0.0227370869972959,1115,0.0058843811367667,2317,0.0476356108786568,64,0.0090815296014427,2159,0.0189433757953424,1300,0.01176156208298254,0.02534958798252116,0.020856396881900902,4,1,4,0,mixed
1866,OR2B6,-0.0153793391564964,1672,-0.0252512102742892,729,-0.0162040516864394,1415,0.0041816531957248,2571,-0.0432220446859571,152,-0.01917499852149146,0.017204269187122572,0.020847659799781378,1,4,4,0,mixed
1190,ITPK1-AS1,0.0271227021371188,828,-0.003901839428771,2514,-0.0083497389913911,2138,-0.0385339732119651,369,-0.0261181313958432,821,-0.00995619617817032,0.02495985842703763,0.02080527703301784,1,4,4,0,mixed
653,DTX1,0.0320845445767941,550,-0.0157232029877544,1457,0.0208255299593088,1044,0.0318108878100758,675,0.0035793301656092,2595,0.014515417904806701,0.020503641224940018,0.02080469909990846,4,1,4,0,mixed
807,FBLN7,0.0236940389243008,1050,0.0345159856282543,307,0.0056203158918565,2384,-0.0364807816680047,459,0.0035921479755335,2594,0.006188341350388081,0.027095303144652836,0.02078065401758996,4,1,4,0,mixed
111,APOBEC3G,-0.0022963492602512,2735,0.0235867662820809,842,-0.0283962232663552,579,-0.0428480800903443,232,-0.006525542013708,2331,-0.011295885669715561,0.02553678601570712,0.02073059218254792,1,4,4,0,mixed
1243,KIAA2012,0.0111208262585145,2022,-0.0249741119225081,754,-0.0466406929111142,74,-0.0066002662109181,2366,-0.0143087775762642,1651,-0.01628060447245802,0.021481081781754924,0.020728934975863818,1,4,4,0,mixed
2142,RFX4,-0.043047195412513,174,-0.0105861581040144,1921,0.0202819695150238,1086,-0.0080236771296629,2241,-0.0216334527286724,1099,-0.012601702771967779,0.02299378813709423,0.0207144905779773,1,4,4,0,mixed
1273,KLHL3,0.0143733921920175,1757,-0.0092986914025633,2029,-0.0223706047305359,921,-0.0462777426210907,159,-0.0111772536940017,1914,-0.01495018005123482,0.022037043048795255,0.02069953692804182,1,4,4,0,mixed
1435,LINC02495,-0.0334919841903515,481,-0.0006983514925254,2843,0.0276252646991078,605,-0.0078556602318016,2253,-0.0337855577321443,437,-0.009641257789543,0.025611335379266565,0.02069136366918612,1,4,4,0,mixed
1745,MUC3A,-0.0341723074693342,453,-0.0052890960295448,2380,-0.0257365946161935,710,0.0145780698637408,1778,-0.0236799217356961,963,-0.014859969997405558,0.019540078747081434,0.02069119794290188,1,4,4,0,mixed
2730,VAV3-AS1,-0.0176812016360378,1505,0.0328353877564731,367,0.0143513517130981,1578,0.0263611654506285,966,0.0121980674440708,1826,0.013612954145646538,0.01945437076104844,0.020685434800061662,4,1,4,0,mixed
1694,MMP12,-0.0159811828763236,1632,-0.0091485862603377,2041,-0.0268196207438808,646,0.0506691839980706,91,-0.0008037178173088,2833,-0.0004167847399560596,0.03010618921126448,0.0206844583391843,1,4,4,0,mixed
1234,KIAA0825,-0.0332647625692213,493,0.0013035992575708,2786,-0.0203752158098832,1078,-0.0073020383225263,2303,-0.041111390265964,213,-0.020149961542004803,0.017583761270366757,0.02067140124503312,1,4,4,0,mixed
1570,LRP1B,-0.0034320673008794,2640,0.0345149490666876,308,-0.0039631027050027,2534,-0.0346944982550782,540,-0.0267419351506548,783,-0.006863330868985498,0.026935477208376173,0.02066931049566054,1,4,4,0,mixed
1107,IFIT1B,0.0247060233093785,981,-0.0380207086171713,216,0.0198887611318124,1119,0.0124242193096756,1932,0.0082329293140637,2191,0.00544624488955178,0.025126475700116255,0.020654528336420303,4,1,4,0,mixed
666,EAF1,-0.0217480509425396,1189,-0.0058353621480009,2324,0.0154968131495348,1479,-0.0138774216346225,1826,-0.0460570543886973,111,-0.0144042151928651,0.022492267574468205,0.02060294045267902,1,4,4,0,mixed
2585,TMEM260,0.0072516253273523,2325,0.0241402840940787,805,0.0264869696695441,667,0.0132643512022098,1878,-0.0314681828022314,542,0.007935009498190702,0.023389456018229712,0.02052228261908326,4,1,4,0,mixed
648,DSC1,0.0013459725720446,2809,0.0006766308938512,2845,0.0248547774308309,772,-0.0376572661152781,406,0.0380580430524049,290,0.0054556315667707,0.02888639033334385,0.02051853801288194,4,1,4,0,mixed
1814,NLRC3,-0.0259797772933183,896,-0.0120709713552854,1784,-0.0182663385982216,1247,-0.0296877621578656,783,0.0165040285232021,1470,-0.01390016417629776,0.018316588535067912,0.0205017755855786,1,4,4,0,mixed
924,GBP4,-0.0077993419280845,2275,0.022283460154721,939,-0.0031046746941183,2626,-0.0397123418955446,317,-0.0295252055968899,652,-0.01157162079198326,0.02421939905083559,0.020485004853871662,1,4,4,0,mixed
2333,SLC2A13,0.0322011958477067,546,0.018786428172425,1215,0.0043340347451165,2503,0.0259848659222931,984,-0.0210875335689309,1141,0.012043798223722079,0.02123242040738411,0.020478811651294438,4,1,4,0,mixed
2558,TIMP3,-0.0244725619151586,997,-0.0185630223635369,1236,0.0025331640652334,2683,-0.0386654763571366,361,-0.0181464243294914,1350,-0.019462864180018018,0.014834127658569413,0.02047612980611138,1,4,4,0,mixed
1688,MLH3,-0.0226279348747175,1124,-0.0168209910260326,1380,0.008317244613521,2140,-0.0377823006545221,398,-0.0168089294986901,1437,-0.01714458228808826,0.01661704379717521,0.02047148013349666,1,4,4,0,mixed
207,BMP5,-0.0209858660323088,1255,0.0225573811256721,917,-0.0030726539777216,2630,-0.0179149621955753,1539,-0.0377895431783073,300,-0.01144112885164818,0.022656023017818078,0.02046408130191702,1,4,4,0,mixed
2748,VTRNA1-3,-0.0380151477817465,303,0.0301018623841913,476,0.0087178675584078,2102,0.0057878859250172,2437,0.0196862951752173,1241,0.00525575265221742,0.026029838436547683,0.020461811764916016,4,1,4,0,mixed
76,ALS2CR12,-0.040575418982426,236,-0.0102467151307087,1952,0.0142956282652351,1586,-0.0207212108374748,1329,-0.0164039287858747,1479,-0.01473032909424982,0.019807001704736368,0.02044858040034386,1,4,4,0,mixed
1151,IL32,-0.038435752882147,287,0.0205367725260547,1072,-0.0307819878851415,451,-0.0113256139217655,2012,-0.000992230816292,2815,-0.01219976259585826,0.023620329799171735,0.020414471606280137,1,4,4,0,mixed
1551,LOC643733,0.0161488477137013,1619,0.0100095727265692,1972,0.0243053197194686,802,0.0428915712200565,230,-0.0086257457177726,2152,0.0169459131324046,0.0189076433405397,0.02039621141951364,4,1,4,0,mixed
1392,LINC01270,-0.0168704433001406,1575,-0.0252981154138313,725,-0.0139052714520021,1619,-0.0228512068939434,1170,0.0230418109745186,991,-0.01117664521707976,0.019662647283247143,0.020393369606887198,1,4,4,0,mixed
1391,LINC01268,0.0052031256698473,2488,0.0200482391722129,1103,0.0158332475504346,1447,0.0083615228077328,2214,-0.0525151173517369,46,-0.0006137964303018606,0.029603906087193526,0.0203922505103929,4,1,4,0,mixed
2164,RMDN2,-0.0079922466615136,2261,-0.019385118796174,1159,0.0207414017981824,1053,-0.0287626152775478,830,-0.0247925641541885,890,-0.012038228618248301,0.019920022085904012,0.02033478933752126,1,4,4,0,mixed
291,CACNA1I,-0.0129024656821548,1873,-0.0082936971408312,2111,0.0339331913725742,346,-0.0175108486523744,1570,-0.0288348297360138,685,-0.00672172996776,0.023973367865741207,0.020295006516789678,1,4,4,0,mixed
873,FOXE1,-0.0409486991180555,220,0.0159295338068425,1443,0.0206159749725009,1061,0.020498727939412,1341,0.0034524013503071,2607,0.003909587790201401,0.02603486589941618,0.0202890674374236,4,1,4,0,mixed
1960,PIK3R3,-0.0043767017327817,2554,-0.0267929632341719,633,0.0231230480256207,869,-0.0369185951031159,439,-0.0102021572645052,2006,-0.0110334738617908,0.02307635530615693,0.02028269307203908,1,4,4,0,mixed
2197,RUNX3,0.0370128448928271,339,0.0031001997421979,2593,0.0020229401492179,2738,0.0273463300335204,902,-0.031790394700083,533,0.0075383840235360615,0.026729987866659637,0.020254541903569262,4,1,4,0,mixed
932,GEM,-0.0187142948197399,1423,-0.0260202680312846,689,0.0173750738366075,1324,-0.0272289760109356,911,-0.0118821572342518,1850,-0.01329412445192088,0.018221597352286265,0.02024415398656388,1,4,4,0,mixed
2489,TAGLN,0.0304202213034892,641,0.0185174510794497,1241,0.0356080870670176,295,0.0025144607296254,2710,-0.0139692528705475,1681,0.014618193461806882,0.020428083373712755,0.020205894610025883,4,1,4,0,mixed
2285,SGMS1,0.0187068767707035,1425,0.0147362745360847,1543,0.0179047076729045,1279,-0.0210749552003166,1306,0.0284824447871205,700,0.01175106971329932,0.019056814944278636,0.020181051793425962,4,1,4,0,mixed
570,CXorf57,0.0049599904870918,2505,0.0085944744751542,2083,-0.0143083154824939,1584,0.0344788307316127,553,0.0385340093568129,275,0.01445179791363554,0.02198056937462059,0.0201751241066331,4,1,4,0,mixed
1982,PLCXD2,0.030198330609305,652,-0.0158318636425053,1448,0.0253074707232187,738,0.0095422633670987,2132,0.0198276822043799,1228,0.013808776652299399,0.0182608554084266,0.020141522109301518,4,1,4,0,mixed
337,CCDC3,0.0120508056707492,1954,-0.0314465072755182,418,0.0151594803543385,1508,0.0244022386264055,1075,0.0174773447761906,1395,0.00752867243043312,0.02225666680648188,0.0201072753406404,4,1,4,0,mixed
1885,P4HA3-AS1,0.009095049609895,2173,-0.0084227747136198,2101,0.0257837938880932,706,0.0126061724369284,1915,0.0444978425770869,131,0.01671201675967674,0.019754639614484978,0.02008112664512466,4,1,4,0,mixed
103,ANTXRLP1,0.0379352665477714,305,0.0209480615023973,1041,0.0110235968797619,1891,-0.0020060152206961,2762,0.0284616701440496,701,0.01927251597065682,0.015462590518606658,0.02007492205893526,4,1,4,0,mixed
1206,KANSL3,0.054940834243413,37,0.0070721558438901,2206,0.006379516700783,2317,-0.031480458519034,696,0.0005008485472157,2873,0.0074825793632535605,0.030905234334886334,0.02007476277086716,4,1,4,0,mixed
2608,TNFRSF4,0.0209684591151495,1256,-0.0317497203990332,408,-0.0123378021414327,1756,-0.0112904461428346,2014,-0.0238642674361764,952,-0.011654755400865479,0.020110651418223657,0.02004213904692528,1,4,4,0,mixed
2674,TSPAN5,0.0101077974760037,2101,-0.0012647468922068,2791,-0.0095997252013617,2025,-0.0367351259543455,449,-0.0424638215569215,179,-0.015991124425766362,0.02274855597920945,0.02003424341616784,1,4,4,0,mixed
2322,SLC16A10,-0.0270543919531905,830,0.002825354994819,2622,-0.0339060756123973,347,-0.0227867556976938,1176,-0.0135615231022781,1704,-0.01889667827414814,0.014206280418655534,0.020026820272075738,1,4,4,0,mixed
347,CCL13,0.0208221227957963,1267,0.0486649176449114,71,-0.0065151252115429,2306,0.007533682003685,2284,0.0165977901048373,1455,0.017420677467537414,0.02036617813550423,0.020026727552154577,4,1,4,0,mixed
443,CFAP206,0.0520631519505191,50,0.0060841174043451,2296,0.0273353557400523,624,2.564005932839501e-05,2915,-0.0144042050690765,1637,0.01422081201703368,0.025938071719065346,0.01998249404466428,4,1,4,0,mixed
2038,PRICKLE2,0.0147309309613235,1731,0.0184546210648648,1246,0.0264881914299366,666,0.0042870279290291,2563,-0.0359286370300538,357,0.0056064268710200385,0.024552408776254257,0.01997788168304156,4,1,4,0,mixed
1188,ITK,0.0376458264989725,318,0.0210369549688255,1033,0.0300400273175734,481,-0.0083050644151818,2220,0.0028345112011737,2653,0.016650451114272657,0.019059026113220395,0.01997247688034538,4,1,4,0,mixed
401,CD8A,-0.0319258109168855,564,0.0260443530364755,685,0.0165756509533299,1381,0.0125150746348151,1920,0.0127556714905764,1777,0.00719298783966228,0.022544161163695862,0.019963312206416478,4,1,4,0,mixed
2115,RASGRP3,-0.0209019221032636,1261,0.0233160822332352,858,-0.0147628885455801,1542,-0.0229305107674235,1162,-0.0178337586722137,1375,-0.010622599571049138,0.019223202651525845,0.01994903246434322,1,4,4,0,mixed
1098,ID3,-0.022996868275219,1101,-0.0149863867037204,1519,-0.0164184898074953,1396,-0.03554412991244,488,0.0097826757028491,2044,-0.01603263979920512,0.016559534753007817,0.01994571008034476,1,4,4,0,mixed
2470,SYBU,0.047312557289221,107,-0.0274611880937616,587,-0.0155062637225486,1477,-0.0052647117032176,2485,-0.0040686493149694,2554,-0.00099765110905524,0.02860215770396178,0.01992267402474364,1,4,4,0,mixed
2824,ZMAT3,0.0072812612071225,2320,-0.0349067360888367,291,-0.0015885957500071,2784,-0.039428739752044,328,-0.0164000550809084,1480,-0.01700857309293474,0.020317173507907713,0.019921077575783742,1,4,4,0,mixed
657,DUSP16,-0.0198424362453444,1335,-5.398246203191202e-05,2911,-0.0368881041283863,260,0.001838569443152,2771,-0.0409658002663856,216,-0.01918235073179924,0.019976371339142967,0.01991777850906004,1,4,4,0,mixed
858,FLT3LG,-0.0258201353741911,905,0.0309549962714782,444,0.0319884709253177,398,0.0024264473621731,2715,0.0083809247774383,2176,0.00958614079244324,0.023795012752215714,0.019914194942119677,4,1,4,0,mixed
1075,HOXC4,0.0307132365603732,630,0.0193994938110672,1155,0.0043034657198108,2506,0.0352393058886267,509,-0.009911471882921,2031,0.01594880601939138,0.01875091307455404,0.01991339477255978,4,1,4,0,mixed
2030,PRDM1,-0.0207722482092965,1271,-0.0133918908845854,1669,0.0101340283063218,1969,-0.0353787486943141,498,-0.0197435556979347,1235,-0.015830483035961778,0.016597970145925282,0.0198840943584905,1,4,4,0,mixed
2860,ZNF442,0.0094376612281476,2145,0.0121382045256138,1779,0.0226131225538488,905,-0.0136572969030473,1848,0.0415208352630717,199,0.014410505333526922,0.02012428240957539,0.01987342409474584,4,1,4,0,mixed
1236,KIAA1024,-0.0324599232131532,542,-0.036480362751551,258,0.0040317469678648,2525,-0.012920198330346,1897,-0.0132570447593146,1728,-0.018217156417299995,0.016462649286229054,0.01982985520444592,1,4,4,0,mixed
1192,ITPKB-IT1,0.016594956106931,1595,-0.0201611960425045,1095,0.0186068182406042,1216,0.0080061010988556,2243,0.0357670133246153,364,0.01176273854570032,0.020491747641367315,0.01982721696270212,4,1,4,0,mixed
869,FNDC7,0.0370784471153157,337,-0.0098669094064179,1982,-0.0034454219905452,2594,-0.0209556892006771,1314,-0.02776131485193,732,-0.004990177666850899,0.025344428484680465,0.01982155651297718,1,4,4,0,mixed
1467,LOC100506422,-0.001416315832897,2803,0.0343221889720121,316,0.0307383237455652,453,0.0144660020124665,1783,0.018010977583774,1361,0.01922423529618416,0.014236112243067199,0.019790761629342964,4,1,4,0,mixed
1379,LINC00994,0.0253433632726222,939,0.0174154448560292,1329,0.0053145815044316,2411,0.0233736101729793,1129,-0.0275016635397811,745,0.008789067253256242,0.021738544064237357,0.019789732669168683,4,1,4,0,mixed
197,BHLHE22,-0.0492054761448004,76,0.004502684068576,2446,-0.0097542397151363,2004,-0.024270613281467,1081,-0.0111684424874972,1916,-0.01797921751206498,0.020212209823536158,0.01978029113949538,1,4,4,0,mixed
1420,LINC02038,-0.0238577510599882,1043,-0.01883554274381,1207,-0.0225263522039265,909,-0.0294662233200614,791,0.0041782272873331,2540,-0.0181015284080906,0.013026854437827615,0.01977281932302384,1,4,4,0,mixed
630,DNAH8,0.0354716061248699,405,-0.0076814485287061,2162,0.0252523119964838,746,0.0041381911324908,2574,0.0262660621240344,811,0.016689344569834563,0.017813466031658166,0.019761923981317,4,1,4,0,mixed
931,GDF7,-0.0129043958338165,1872,-0.0171972549539407,1351,0.0236677590303312,835,-0.0331594203212261,611,-0.0117871606008709,1861,-0.010276094535904601,0.02081421115380491,0.01974319814803708,1,4,4,0,mixed
2909,ZNF891,0.0214046331241147,1224,-0.0325483291995952,375,-0.0162648100860383,1409,-0.0059286596268974,2427,-0.0224439304651691,1036,-0.01115621925071706,0.020607456052632155,0.019718072500362938,1,4,4,0,mixed
181,BBS4,-0.0318669154012279,567,-0.0123773064952388,1749,-0.0335477172395004,359,0.0164430600235193,1645,-0.0041015482589619,2550,-0.01309008547428194,0.020764107118325516,0.019667309483689662,1,4,4,0,mixed
2231,SCN8A,0.0204863638193543,1294,-0.0023900551982979,2675,0.0115963188638964,1837,0.0346796475257786,541,0.0290568904546683,679,0.01868583309307994,0.014671887413329341,0.0196418551723991,4,1,4,0,mixed
1665,MIR155HG,-0.0152192437247608,1689,0.0159310919522577,1442,-0.0037819851966109,2553,-0.0291613850826947,806,-0.0340750094594332,424,-0.013261306302248383,0.02019845234023979,0.01963374308315146,1,4,4,0,mixed
2001,PNLDC1,0.0147525185645872,1725,0.0416381681062039,150,0.0122890640018899,1763,0.0206958681262559,1331,-0.0087427607651144,2136,0.0161265716067645,0.01807497030174888,0.01962367591281026,4,1,4,0,mixed
900,FYN,0.0083711194257324,2233,0.010597305360848,1918,0.0182973484175599,1246,0.0233645477557236,1130,-0.0374551111689586,309,0.00463504195818106,0.024282405436872167,0.019617086425764502,4,1,4,0,mixed
2503,TBL1X,0.0264458141648686,862,-0.0017968593616008,2734,0.023518675232704,846,0.0288302273251848,825,0.0174891107596913,1392,0.01889739362416958,0.01232103332681657,0.019616137368809898,4,1,4,0,mixed
2339,SLC35D3,-0.0204971946622635,1291,0.0041195672057362,2485,0.0159589523073243,1432,0.0375715648196233,409,0.0196911571333064,1240,0.01136880936074534,0.021476201960377077,0.01956768722565074,4,1,4,0,mixed
508,COL4A3,0.0407792542048377,230,-0.0121808715049412,1772,0.0075856154850532,2209,0.0179575687092857,1537,0.0192856979101629,1266,0.01468545296087966,0.019267605850944957,0.019557801562856143,4,1,4,0,mixed
1113,IFNG,0.0096020928488405,2135,0.0101364845561788,1964,-0.0282317771401196,587,0.0274486192370478,896,0.0222170095650838,1057,0.008234485813406259,0.021794323662964948,0.0195271966694541,4,1,4,0,mixed
183,BCHE,0.0219509014164955,1176,0.01198931247859,1794,4.433262981137776e-05,2913,0.038866585369393,348,-0.0247792903430525,894,0.009614368310247475,0.023916688473972512,0.019526084447468475,4,1,4,0,mixed
224,C11orf63,0.0341858908342238,452,-0.0279175803911566,560,0.0126559701528672,1736,0.0052509179351864,2486,0.0174843028975269,1393,0.008331900285729539,0.022882363201023694,0.01949893244219218,4,1,4,0,mixed
2495,TAS2R5,-0.0487674114393722,82,-0.0090670090007622,2050,-0.023634000108202,839,-0.0076991851426801,2269,0.0083174494739171,2184,-0.01617003124341988,0.021448455057287694,0.019497011032986723,1,4,4,0,mixed
2632,TRABD2A,0.0064083882103538,2397,-0.0243997908687423,790,-0.0201243166028656,1098,-0.0154488973625776,1714,-0.0310822493193245,561,-0.01692937318863124,0.014257994444290786,0.01949272847277276,1,4,4,0,mixed
1749,MYBL1,0.0153255175226882,1680,0.0537867037787051,37,-0.010318459187401,1953,0.0016896327639145,2791,0.0163051121947205,1487,0.01535770141452546,0.024102739313142302,0.01948508508948586,4,1,4,0,mixed
1931,PDIK1L,0.0468529873558817,113,0.0048181114370627,2419,0.0237072120499451,832,-0.003947863558091,2591,0.0180772104986037,1357,0.01790153155668044,0.019496765955418282,0.019480676979916837,4,1,4,0,mixed
614,DIRC3,-0.0326676122993846,532,-0.027602275844849,577,0.0144027103165046,1570,-0.007581665688143,2280,-0.0149215436833997,1595,-0.01367407743985434,0.018585806015383687,0.019435161566456183,1,4,4,0,mixed
2648,TRIL,0.013547553388682,1816,0.0197476192108438,1129,-0.0020098513934794,2739,0.0094327452722309,2141,0.0523816823401196,47,0.01861994976367938,0.020474672476512416,0.01942389032107114,4,1,4,0,mixed
198,BHLHE41,-0.0436063633386714,166,0.0114879702301863,1839,0.0154398318244046,1485,0.0203915662957404,1353,0.0061839222443215,2363,0.001979385451196281,0.026011265957730324,0.01942193078666484,4,1,4,0,mixed
370,CD163,0.0113478409423401,2004,0.0005595802145409,2860,0.0170481332454304,1341,0.0412926361216639,270,-0.0268228278344358,777,0.008685072537907899,0.024835050519333667,0.019414203671682218,4,1,4,0,mixed
1018,HBE1,-0.0026338798198879,2710,0.0207134975341902,1060,0.0244373996071445,790,0.0318718903831184,668,0.0171409726766648,1419,0.018305976076246,0.012915681775839518,0.01935952800420116,4,1,4,0,mixed
1457,LOC100132781,-0.0355929128070266,396,0.0224990230458395,926,-0.0146523633120297,1554,-0.0226479501908702,1183,-0.001240537636131,2794,-0.010326948180043602,0.022186665582291737,0.0193265573983794,1,4,4,0,mixed
2640,TRDMT1,0.0020042291051615,2756,0.0373180869117232,234,0.01773604944268,1294,-0.0204960277178975,1342,0.0190729722002716,1288,0.01112706198838776,0.021656591797811407,0.01932547307554676,4,1,4,0,mixed
1548,LOC399815,-0.0181000341471405,1472,0.0295002936718953,501,0.0294335022072341,514,0.0192035760452071,1439,0.0003646784572372,2887,0.01208040324688664,0.02063637095823325,0.019320416905742842,4,1,4,0,mixed
530,CRABP2,0.0153552567952678,1676,0.0015266256414485,2765,0.0167892091623586,1365,0.0300551875122683,766,-0.0327664367651374,489,0.0061919684692411615,0.0240064748997856,0.019298543175296123,4,1,4,0,mixed
2476,SYNJ2BP-COX16,0.0102662143508454,2088,-0.0113274005434084,1856,0.010491989279494,1935,0.0589488023922498,33,0.0054365818588629,2423,0.014763237467608742,0.0262608968923994,0.0192941976849721,4,1,4,0,mixed
1013,HBA1,0.0293148455796088,699,0.0397792023910818,181,-0.0149831851162931,1521,0.00345006649021,2637,0.0089016755406527,2124,0.013292520977052042,0.021644445979552968,0.01928579502356928,4,1,4,0,mixed
194,BEX1,0.0090930945210672,2174,0.0238603600230859,825,-0.0161404938618342,1420,0.0238940511373656,1099,0.0231520972837468,982,0.012771821820686261,0.01734837755957726,0.01922801936541994,4,1,4,0,mixed
1592,LYST,-0.0115784456761361,1990,-0.0404865109946817,167,0.0108538675838436,1907,-0.0324654368177792,645,-0.0007450562050264,2843,-0.014884316421955961,0.021435191497270616,0.019225863455493403,1,4,4,0,mixed
585,DCN,-0.026722102642058,852,0.0047975649338602,2421,-0.018041001185897,1265,-0.0430002882966972,228,-0.0034982257137313,2603,-0.01729281058090466,0.018898551601279324,0.01921183655444874,1,4,4,0,mixed
2037,PRG3,-0.0246291551565267,988,-0.0263485221065638,661,-0.0193171334415562,1160,0.022838028337647,1171,-0.0029255147924717,2644,-0.01007645943189428,0.020593995162803636,0.01921167076695308,1,4,4,0,mixed
2395,SNORD116-18,-0.0004867179686014,2879,-0.047229584161041,89,-0.0040390262161754,2523,-0.0188353984784192,1475,0.025453331591824,858,-0.009027479046482597,0.026656855039893287,0.019208811683212198,1,4,4,0,mixed
902,G0S2,0.016620391987458,1594,0.0106431919213822,1912,0.0046587832588721,2470,0.0222823088176075,1212,-0.0416008465335665,194,0.002520765890350658,0.025527336527378274,0.01916110450377726,4,1,4,0,mixed
941,GIMAP8,-8.738371740331027e-05,2910,0.0155520092756919,1473,0.0218873566852596,954,0.0038524305496413,2601,0.0543815233920083,36,0.019117187237039555,0.02159737298485783,0.01915214072400088,4,1,4,0,mixed
1746,MUC6,-0.0164031391631946,1605,-0.0234574167207415,851,0.0082585897438654,2146,-0.0349739073582731,526,-0.012649678678839,1790,-0.015845110435436557,0.015932424652278843,0.019148546332982717,1,4,4,0,mixed
1587,LVRN,0.0273220695104154,810,0.0194830927184397,1146,0.0117291885155229,1828,-0.0120313112472653,1960,0.0251435192671998,873,0.0143293117528625,0.015921395842976256,0.01914183625176862,4,1,4,0,mixed
2726,UTP15,0.0147774529015638,1720,0.0078196224099379,2148,-0.0103926779346773,1947,0.0294159063525225,793,0.0332441880086865,462,0.014972898347606678,0.01758593558645887,0.0191299695214776,4,1,4,0,mixed
1728,MT-COX1,-0.0135556573946306,1814,0.0133269980926976,1678,-0.0261655365998396,682,-0.0308868639670191,723,-0.0117103039914144,1870,-0.01379827277204122,0.01721313422180228,0.01912907200912026,1,4,4,0,mixed
2345,SLC40A1,-0.0070613968418367,2337,-0.0006520685734838,2848,0.016709162185752,1370,-0.0462871526431821,158,-0.0249125048313246,887,-0.012440792140815041,0.024076707992691692,0.019124457015115844,1,4,4,0,mixed
1645,MEG3,-0.003681913128792,2611,0.0347279389468841,298,0.0060129150594433,2353,0.0314835138767019,695,0.019713674558704,1238,0.01765122586258826,0.016414575182357078,0.01912399111410506,4,1,4,0,mixed
1849,NUDT12,0.0179539820593885,1484,0.0133847324100829,1672,0.0026522163642014,2672,-0.0390200062448728,343,0.022535237309478,1030,0.0035012323796556,0.024887926049510248,0.01910923487760472,4,1,4,0,mixed
2887,ZNF624,-0.0201374835667533,1319,-0.0214110025333498,1007,-0.0220279360365338,943,0.0256654482286141,992,-0.0062006962630702,2359,-0.008822334034218601,0.020354208519246453,0.01908851332566424,1,4,4,0,mixed
88,ANKRD1,-0.014918108191279,1711,0.0230564757851145,872,0.0212972693796982,1007,0.0199404965256287,1387,0.0161070563532539,1499,0.013096637970483261,0.015868016149425353,0.019063881246994856,4,1,4,0,mixed
2581,TMEM221,-0.0312729511913726,594,-0.0181864684701006,1270,-0.0045713616449128,2476,0.0096795744891519,2120,-0.0315695418919208,539,-0.015184149741830983,0.01779873998044222,0.01905597953749174,1,4,4,0,mixed
1955,PHOSPHO2,0.0266023608876665,856,0.0116432642851871,1826,0.0121647115371154,1780,0.0244520581723198,1072,-0.0203449578175927,1190,0.01090348741293922,0.01876580456198926,0.019041470539976298,4,1,4,0,mixed
399,CD79B,0.0183787167211823,1454,0.0391356962313657,195,0.0068812429402222,2272,-0.0129554294555876,1894,0.0178142583089471,1378,0.01385089694922594,0.018991351138214013,0.019033068731460982,4,1,4,0,mixed
2740,VN1R1,-0.0142834371342244,1766,-0.0147651463463028,1538,0.034788077564263,318,-0.0077248473917516,2264,-0.0235610393527747,967,-0.005109278532158101,0.023002764348145473,0.0190245095578633,1,4,4,0,mixed
2879,ZNF571-AS1,0.0247266964144006,978,0.0171501182743942,1356,0.0021104163499265,2727,0.0093781166241656,2147,-0.0416829472298646,192,0.0023364800866044603,0.026019758813132333,0.0190096589785503,4,1,4,0,mixed
784,FAM227B,-0.0224806502724329,1139,-0.0448674479138159,108,0.00798065298642,2174,-0.0040652865435004,2581,-0.0155202523726499,1541,-0.01579059682319582,0.019955252374299702,0.01898285801776382,1,4,4,0,mixed
1801,NFATC2,0.0329561411798356,512,0.0160004022622741,1431,0.0121517240332295,1782,-0.023035806062781,1158,0.0107313434596501,1962,0.00976076097444166,0.02036683781548897,0.01897508339955406,4,1,4,0,mixed
1618,MAP3K19,-0.0056014577215049,2458,0.0041191367463275,2486,-0.0052193576068032,2424,-0.0373085416991479,421,-0.0425760752228624,173,-0.01731725910079818,0.02109974799166719,0.01896491379932918,1,4,4,0,mixed
193,BCYRN1,-0.0082974228914423,2237,-0.0304494634953606,463,0.0209817873493219,1033,-0.0113569142207724,2008,-0.0236777285165826,964,-0.010559948354967201,0.019800910561082737,0.018952663294695964,1,4,4,0,mixed
2492,TAS2R40,-0.0014508546630822,2802,0.0208028923574699,1055,0.0353483058229482,301,0.0223249504084479,1210,0.0148207383453341,1602,0.01836920645422358,0.01337242499786042,0.018949548319456458,4,1,4,0,mixed
1794,NEK3,-0.0317729636748431,571,0.0125259329878386,1737,-0.0216822364293281,974,-0.0071454024423356,2315,-0.0213941030536399,1114,-0.01389375452246162,0.017176451484202077,0.018904127717597058,1,4,4,0,mixed
649,DSP,-0.0289496740736788,716,-0.0135769063358629,1652,-0.0005705808253073,2866,-0.0290694036485358,813,0.0221288573460081,1061,-0.01000754150747534,0.021544742385936684,0.01885908444587858,1,4,4,0,mixed
1997,PLXDC1,0.0098372644056498,2121,0.032523940180916,376,0.0332535060913968,362,0.0017117020347605,2786,-0.0168795355416272,1430,0.01208937543421918,0.0213158261349307,0.01884118965087006,4,1,4,0,mixed
1109,IFIT3,0.0164920302809296,1599,-0.0105275732974803,1927,-0.0254276585065426,731,-0.0339357134909392,572,-0.0076620796711491,2238,-0.01221219893703632,0.01932636657576678,0.01880901104940816,1,4,4,0,mixed
2453,STAT1,-0.0411200885766291,216,-0.0046911262184235,2427,0.0066253730206461,2294,-0.0368768816173056,441,-0.0046051787114991,2501,-0.01613358042064224,0.02142670005066501,0.01878372962890068,1,4,4,0,mixed
1144,IL1RN,-0.0204727103210728,1296,-0.0168679982333651,1378,-0.0061332500895329,2340,0.0037346271243711,2611,-0.046306833666828,107,-0.01720923303728554,0.018833213774469608,0.01870308388703398,1,4,4,0,mixed
1499,LOC101929577,-0.0213617580200579,1230,-0.0240000341068254,814,-0.0143386288022604,1581,0.0070925393186243,2322,-0.0266422290659485,787,-0.01585002213529358,0.013619095912610374,0.0186870378627433,1,4,4,0,mixed
684,EGR3,-0.0168430762110954,1578,-0.0149308310404205,1523,0.0171180738847664,1334,-0.003865991939557,2600,-0.0405019400974516,228,-0.01180475308075162,0.020965682997349362,0.01865198263465818,1,4,4,0,mixed
440,CERS3,-0.0091037571570044,2172,-0.01945776990024,1150,-0.0052246857337362,2423,0.0243070968700633,1079,-0.0351478300221766,384,-0.00892538918861878,0.02188990976202047,0.0186482279366441,1,4,4,0,mixed
1520,LOC105369595,-0.0297887330918422,672,0.0184213512795016,1252,-0.0274207319459071,619,-0.0014287340004478,2806,-0.0161753420350067,1495,-0.01127843795874044,0.02003920220141513,0.01864697847054108,1,4,4,0,mixed
870,FOLR2,0.0309276642937251,614,0.0334830999063287,343,-0.002379082881822,2703,0.0013818119699531,2811,0.0249845771774165,882,0.01767961409312028,0.016930690786316333,0.01863124724584908,4,1,4,0,mixed
1180,ITGA11,-0.0045125141917284,2546,-0.0113950727417885,1851,-0.0162746937069587,1405,-0.0183968480215334,1501,0.0425750563057023,174,-0.0016008144712613402,0.0252653048867446,0.01863083699354226,1,4,4,0,mixed
974,GPR45,0.0043416166754205,2558,-0.0171669245149212,1353,-0.0354098899384623,298,-0.0353922628163288,497,-0.000803062877988,2834,-0.016886104694455957,0.01867463357469672,0.01862275136462416,1,4,4,0,mixed
465,CHST15,-0.0110153347635868,2031,-0.0409362850952756,157,-0.0111771340767409,1879,0.0252408738507566,1020,-0.0047018273998958,2487,-0.0085179414969485,0.02355035891682992,0.01861429103725114,1,4,4,0,mixed
1354,LINC00469,0.0272300772947527,816,-0.0178490908245656,1291,-0.0153702448819216,1490,-0.0212798315429457,1284,-0.0110187452163676,1937,-0.007657567034209561,0.019858020373984545,0.01854959795211064,1,4,4,0,mixed
913,GALNT4,-0.0084249108212493,2224,-0.0391931394991976,193,-0.0340144095356642,342,-0.0024163124959637,2716,0.0084950164814441,2164,-0.015110751174126141,0.020617900160272352,0.01850875776670378,1,4,4,0,mixed
933,GHET1,-0.0253681400758958,937,-0.0074922305838974,2176,0.0143473892887319,1580,-0.037676846600036,402,-0.0076383334702975,2241,-0.01276563228827896,0.01980281355491775,0.01850458800377172,1,4,4,0,mixed
2573,TMEM116,-0.0285120668515101,741,-0.0026008814397459,2654,-0.0067580114077731,2285,0.0359091244531999,478,-0.0186345704431443,1318,-0.0041192811377947,0.02458273432579835,0.01848293091907466,1,4,4,0,mixed
233,C15orf40,-0.01134920159352,2003,0.0395949660411102,186,-0.0063787786091703,2318,-0.0237193789303894,1113,-0.0111910540426032,1913,-0.0026086894269145397,0.024449319284742997,0.01844667584335862,1,4,4,0,mixed
1839,NRP2,-0.0287490196113683,732,0.0059866820512518,2305,-0.0185126358822526,1226,-0.0371977438601426,423,-0.0017484883700732,2748,-0.01604424113451698,0.018060351393722317,0.018438913955017698,1,4,4,0,mixed
1020,HBG1,0.0234369758780688,1073,0.0068276773920652,2229,0.0088318500774456,2096,0.0378250556270485,395,-0.0151746587504269,1572,0.01234938004484024,0.01982662198025361,0.018419243545011,4,1,4,0,mixed
2598,TNFAIP2,-0.0034163539045237,2642,-0.0466088842809618,94,0.0224740807985216,915,-0.004025362956909,2585,-0.0155321629841685,1540,-0.00942173666560828,0.0250137457239855,0.01841136898501692,1,4,4,0,mixed
2789,ZBTB18,0.018991790400223,1405,-0.0190468658305671,1188,-0.0171426955093164,1333,-0.0138015738102953,1832,-0.0230228226022998,994,-0.010804433470451121,0.01698674554637922,0.01840114963054032,1,4,4,0,mixed
1124,IGHMBP2,0.0016263737724077,2784,-0.0127987516502076,1709,0.0112664230257853,1873,0.0243880469618573,1076,0.0419048949457403,188,0.013277397411116599,0.02099247524835311,0.018396898071199642,4,1,4,0,mixed
321,CAVIN2,-0.0348362675912412,434,-0.0123425598851197,1757,-0.0203037330294169,1085,0.0049534315234351,2517,-0.019503765191055,1251,-0.016406578834679542,0.014467205106106005,0.018387951444053578,1,4,4,0,mixed
232,C14orf79,-0.0202837232747983,1312,0.032476527933277,377,0.0020926878159378,2729,0.0178134920942066,1547,0.0190309560020403,1293,0.01022598811413268,0.020169142651427517,0.018339477424052,4,1,4,0,mixed
743,EVL,0.0182341308480819,1463,0.0084876265223141,2093,0.0174610592207062,1317,-0.0114221346902067,2003,0.0359775007364852,354,0.013747636527476143,0.017242897744747736,0.018316490403558823,4,1,4,0,mixed
1330,LIFR,0.0418165519420109,198,-0.0048294594251807,2417,-0.0030949083007345,2627,-0.0164878008562047,1638,-0.025208674531933,871,-0.0015608582344084,0.025868270181051475,0.01828747901121276,1,4,4,0,mixed
2668,TRUB1,-0.0291525928117769,707,-0.0094109485248127,2021,-0.011950528046273,1809,-0.0143469021205883,1791,0.0264981110440629,794,-0.007672572091877603,0.020584559852026424,0.018271816509502763,1,4,4,0,mixed
1817,NLRP7,-0.0116661094069265,1983,0.0057782656008299,2330,-0.0288471417028278,550,-0.0110343716683481,2029,-0.0339519997615379,431,-0.01594427138776208,0.015851188772145846,0.018255577628094037,1,4,4,0,mixed
946,GKAP1,0.0155266487681172,1661,0.0119794795036119,1795,0.0054058491906872,2402,-0.042661769429048,236,0.0156479824549681,1533,0.00117963809766728,0.024858279064223707,0.018244345869286478,4,1,4,0,mixed
2376,SLITRK5,0.0349289238102538,429,-0.0045801367738539,2438,0.0129327518263111,1705,0.0288756346196384,821,0.0097937545428439,2041,0.01639018560503866,0.015770165052282504,0.01822224031458022,4,1,4,0,mixed
1398,LINC01433,-0.0154981063995904,1662,-0.0166300982258092,1389,-0.0018486338391051,2757,0.0272997388286314,907,-0.0297647950535894,641,-0.0072883789378925395,0.021712815012258652,0.018208274469345097,1,4,4,0,mixed
787,FAM3C,-0.0151296768807033,1699,0.0119896096709005,1793,-0.017016984126982,1343,-0.0148156705941664,1761,-0.032080577425001,513,-0.01341065987119044,0.01590341286898459,0.01820650373955064,1,4,4,0,mixed
2663,TRNP1,-0.018565392431422,1441,0.0212853941248413,1015,0.0214514592993289,994,0.0102770984626906,2073,0.0193532145188633,1260,0.01076035479486042,0.017023119526998382,0.01818651176742922,4,1,4,0,mixed
2636,TRAK2,0.0205650593087864,1284,0.0117953742068241,1816,0.0288789510596151,549,0.0265423673000923,952,-0.002824642059784,2654,0.016991421963106778,0.012893603980013987,0.018121278787020377,4,1,4,0,mixed
15,ABI2,0.0204289786975512,1300,0.0101166315336009,1966,0.0356544661008391,293,0.0103910935866314,2066,-0.0137967457077531,1690,0.012558884842173898,0.01803210631625672,0.01807758312527514,4,1,4,0,mixed
2498,TBC1D31,0.0093662723794785,2152,0.0176996887462689,1304,0.0018622132468301,2751,-0.0385035477952629,372,0.0229533271866082,998,0.002675590752784559,0.02438266992432176,0.01807700987088972,4,1,4,0,mixed
2430,SPON2,0.0103018587483587,2084,-0.0196405340831399,1136,0.0260505571756829,688,0.0186147373643945,1486,0.0157735364508492,1522,0.010220031131229079,0.017632201504639417,0.01807624476448504,4,1,4,0,mixed
2527,TDRKH,0.0116350192421348,1985,-0.0029376823985379,2611,-0.0153781580356977,1489,-0.0127198243940054,1907,-0.0476880625512455,89,-0.01341774162747034,0.0218875403243975,0.01807174932432426,1,4,4,0,mixed
2431,SPOPL,-0.0025499472250901,2716,-0.015684790432524,1464,-0.0075192195238403,2219,-0.0298119215318801,779,0.0347880805242735,393,-0.0041555596378122,0.024091862612093146,0.0180707918475216,1,4,4,0,mixed
2601,TNFRSF13B,-0.0044974491233239,2548,-0.0147383615399761,1541,0.000641230873568,2859,-0.0441080278103674,207,-0.0263422827804036,803,-0.0178089780761006,0.017968674167567866,0.0180654704255278,1,4,4,0,mixed
190,BCLAF3,-0.006557154116384,2388,-0.0539094921301007,36,-0.0261010886348076,684,0.0030646741762275,2659,-0.0006423573737148,2860,-0.01682908361575592,0.023580770841010283,0.01805495328624692,1,4,4,0,mixed
1528,LOC105371824,-0.0446527958334861,138,-0.0213412501915646,1009,0.0148404579601692,1534,-0.0077049089373488,2268,-0.0015958568596868,2762,-0.01209087077238342,0.022363625201600075,0.0180270539564511,1,4,4,0,mixed
2406,SOCS2,-0.0027760524960659,2694,-0.0052841535042604,2381,-0.0423442167209827,134,0.0083280271039775,2219,-0.031368659193898,546,-0.014689010962245902,0.021231904267244,0.0180202218038369,1,4,4,0,mixed
1423,LINC02273,-0.0272619072630974,814,-0.0252700838481673,728,0.0120684781560429,1791,-0.0246832483350861,1058,-0.0007964023910998,2837,-0.013188632736281541,0.017801922144781924,0.0180160239986987,1,4,4,0,mixed
2269,SERPINC1,0.0294114353417235,690,0.0033855858775578,2564,0.0292509027657421,525,-0.0052734548602862,2483,0.0225885573645147,1024,0.015872605297850378,0.01589390046898737,0.01798198724196486,4,1,4,0,mixed
2548,THPO,0.0184245024897946,1449,-0.0191919135529816,1179,-0.0118844229805442,1815,-0.024170729588384,1085,-0.0159977359432853,1506,-0.0105640599150801,0.016816556292095795,0.01793386091099794,1,4,4,0,mixed
1844,NTN4,0.0355762525295128,397,0.0043429131224465,2462,0.0183882244475732,1235,-0.009988882588465,2099,0.0209765243895851,1148,0.013859006380130517,0.01733558117267502,0.01785455941551652,4,1,4,0,mixed
839,FGF14,0.033398351543743,486,0.0103463068049066,1945,0.0088483385726803,2094,-0.0026299338101499,2700,0.0338911424331439,432,0.01677084110886478,0.016201925623309035,0.01782281463292474,4,1,4,0,mixed
2501,TBC1D4,0.0035750739856757,2623,0.0134754201458268,1658,-0.0176737568336057,1300,0.027882034447251,873,0.0264429828191566,796,0.01074035091286088,0.018752288389407165,0.017809853646303157,4,1,4,0,mixed
1319,LDLRAD4,-0.0425953079870205,185,0.0108821385350358,1894,0.013215240710959,1680,0.0052936690638862,2480,0.0170166054350782,1424,0.00076246915158774,0.02460744188913638,0.01780059234639594,4,1,4,0,mixed
2452,STARD4-AS1,0.0068925425883351,2353,0.0314772607460487,416,-0.0363427374876888,273,0.0098277184247183,2115,0.0044488549184249,2516,0.00326072783796764,0.02460860766510403,0.01779782283304316,4,1,4,0,mixed
1579,LSMEM1,0.0221841250367506,1160,0.0015525153655037,2761,0.0352271065415938,304,0.0227721535434625,1177,-0.0071327887319958,2277,0.014920622351062961,0.017261355235657416,0.01777373784386128,4,1,4,0,mixed
39,ADGRB3,0.0234156877464801,1075,0.0118136366005445,1811,-0.0131200619504311,1687,0.0100353699393631,2094,0.0302433979050656,609,0.01247760604820444,0.016559823150826457,0.01772563082837688,4,1,4,0,mixed
1740,MTMR8,-0.0091523581863788,2169,-0.0299577971544062,480,-0.0032497496465274,2614,-0.0178573820780501,1544,0.0283767168539122,706,-0.00636811404229006,0.021869818902381995,0.01771880078385494,1,4,4,0,mixed
275,C7orf25,-0.0132926446190995,1841,0.0310122134293144,440,0.0015276636070637,2789,0.0270808483969916,922,0.0156732071553253,1531,0.012400257593919101,0.018377808420131408,0.0177173154415589,4,1,4,0,mixed
2071,PTGDR,0.0246052178901346,989,0.0370416813340182,239,0.0121776480925646,1776,-0.0061706090366177,2401,0.0085163451526114,2162,0.015234056686542218,0.016401373048738795,0.0177023003011893,4,1,4,0,mixed
309,CAPSL,0.0108415439947731,2043,-0.0020020706266393,2713,0.0013370500989905,2801,0.032807748606472,626,0.0414508460177791,203,0.016887023618275078,0.01931319650359606,0.0176878518689308,4,1,4,0,mixed
1092,HTR2B,-0.0035226729620519,2631,-0.0133364348868611,1675,0.0190240888076396,1181,-0.0123710311645648,1936,-0.0400091474211367,238,-0.01004303952539498,0.021222904785559334,0.017652675048450816,1,4,4,0,mixed
1673,MIR3681HG,-0.0179896380326595,1481,-0.0287083793195929,531,-0.0011831173043555,2817,0.0168271296427354,1615,-0.0234540191056378,972,-0.01090160482390206,0.01862938707927631,0.01763245668099622,1,4,4,0,mixed
2867,ZNF518B,0.0059931478588695,2431,-0.0104560265345088,1934,-0.0170725998824131,1338,-0.0182862234915677,1511,-0.0362043321875411,345,-0.01520520684743224,0.015214039907738027,0.01760246599098004,1,4,4,0,mixed
1252,KIFC2,-0.0175730845189106,1514,0.0248050613809717,764,0.013649910684691,1647,0.0272356780601322,910,0.0046862402142149,2490,0.010560761164219837,0.018141933856569783,0.01758999497178408,4,1,4,0,mixed
303,CAMK2D,-0.0397702286243662,259,-0.0031159985816661,2587,-0.0142017059589168,1595,-0.0233886964572857,1127,0.0074321987504213,2257,-0.014608886174362701,0.018222512917393,0.01758176567453122,1,4,4,0,mixed
1868,OR4M2,-0.0124102450662513,1926,0.0136727703005789,1641,-0.0114973589672156,1845,-0.0248457974162797,1047,-0.0254363922246808,859,-0.0121034046747697,0.015850944518941514,0.01757251279500126,1,4,4,0,mixed
2362,SLC8A1,-0.0133385754062899,1834,-0.0188143514904256,1212,0.0119401099950427,1812,-0.0314772044386482,698,-0.0122794519999398,1818,-0.01279389466805216,0.015792753713123407,0.01756993866606924,1,4,4,0,mixed
576,CYP24A1,0.0354171853709542,410,0.0060742614765601,2297,0.0013422821531964,2800,-0.027632054588491,882,0.0173363149549293,1404,0.006507597873429802,0.023159282696423564,0.017560419708826203,4,1,4,0,mixed
42,ADM,-0.0077388550872968,2283,0.0123640138084167,1752,0.0120601923281556,1793,0.0311578742113062,711,0.0244294500596499,911,0.01445453506404632,0.014842087037414813,0.01755007709896504,4,1,4,0,mixed
102,ANO9,0.0015498714000552,2793,-0.0170043963562254,1368,0.027422055377401,618,0.0299543111565678,772,0.0117760522885101,1862,0.01073957877326174,0.019382750844167497,0.0175413373157519,4,1,4,0,mixed
1089,HSP90B2P,-0.0299077241514526,666,-0.0187663711566084,1218,-0.0048736520985045,2455,-0.0238762300385085,1101,0.0102826267574356,2003,-0.013428270137527681,0.016160257690834016,0.017541320840501924,1,4,4,0,mixed
1523,LOC105370306,-0.0194775070847485,1362,0.0322593884121094,392,-0.0207679355966577,1050,-0.0025531128224976,2706,-0.0125198295379214,1797,-0.004611799325943159,0.021841872765034655,0.01751555469078692,1,4,4,0,mixed
1264,KLF11,0.0141749798094667,1774,0.0042784879010534,2467,0.0355943705969943,296,-0.0225652109690568,1192,0.0109565379691978,1941,0.008487833061531082,0.020947629039230403,0.017513917449153798,4,1,4,0,mixed
1404,LINC01555,-0.0244364653036407,999,-0.0269325044809351,623,-0.0184737920497062,1227,0.0026179676413364,2701,-0.0149812154435406,1590,-0.01644120192729724,0.011656613932800815,0.0174883889838318,1,4,4,0,mixed
1205,KALRN,-0.0150561012758838,1705,-0.012701752953007,1719,0.0377315529676472,244,-0.0011402062482387,2826,-0.0207360963203097,1161,-0.0023805207659584006,0.02352999239463937,0.01747314195301728,1,4,4,0,mixed
2610,TNFRSF9,0.031055697559994,607,-0.033471083862218,345,0.0068236813623346,2278,0.0008246760563362,2856,0.0151630671504063,1575,0.004079207653370621,0.023868030154335935,0.01746764119825782,4,1,4,0,mixed
356,CCL8,9.06255237161824e-05,2909,0.0303621312456688,470,-0.0316555768907953,413,0.0242270733636123,1082,0.0009273112562427,2822,0.004790312899688935,0.02447967665534512,0.017452543656007055,4,1,4,0,mixed
1276,KLRA1P,-0.0118562975213488,1968,-0.0251663267491453,737,-0.0018418386460237,2760,0.0293430680380795,799,-0.0188460194420699,1308,-0.00567348286410164,0.021404171405414407,0.017410710079333442,1,4,4,0,mixed
276,C7orf57,-0.0289006877957547,721,0.0133775646866124,1673,-0.0213966884560458,1000,-0.006608926696957,2365,-0.016764568121885,1441,-0.01205866127680602,0.01635312941268915,0.017409687151450977,1,4,4,0,mixed
2064,PRSS53,0.0029486227126759,2681,-0.0062752662243666,2280,-0.0284834416824963,573,-0.0088915264838647,2170,-0.0404107648333914,230,-0.016222475302288618,0.01771740263931667,0.01740192438735898,1,4,4,0,mixed
169,AXIN2,-0.0313225587202977,592,0.0074247257143374,2184,0.0159550724789984,1433,0.0052369319469924,2488,0.0268117602855584,778,0.004821186341117781,0.021913867365657445,0.017350209829236858,4,1,4,0,mixed
283,CA1,-0.0020112576516898,2755,0.0249861311181787,753,-0.0090680491537309,2077,-0.0153512579219246,1723,-0.0352496796251708,380,-0.00733882264686748,0.02190599726845675,0.017333275094138963,1,4,4,0,mixed
56,AIM2,-0.0159449766165352,1634,0.0125557869524106,1732,-0.0441118639236361,103,-0.0056722784957712,2447,-0.0080499382977906,2206,-0.012244654076264499,0.020646216885960526,0.017266968857228743,1,4,4,0,mixed
1119,IGF1R,-0.0398792628577221,257,-0.024853412445097,761,0.0049330716676414,2448,-0.005198871040405,2492,-0.0114700674276345,1895,-0.01529370842064344,0.017474882209405775,0.0172669370877,1,4,4,0,mixed
1159,INPP4B,-0.0021687866434701,2746,0.0297982766247885,488,-0.0051868511199613,2427,-0.0317048474786598,683,-0.0172761178343716,1410,-0.00530766529033486,0.022816383350314315,0.01722697594025026,1,4,4,0,mixed
564,CXCL8,0.0411620303609495,214,-0.0020337044767184,2707,0.0031750265530997,2622,0.0134868520887892,1858,0.0262463642859445,813,0.0164073137624129,0.01755916131219899,0.01722079555310026,4,1,4,0,mixed
536,CRIM1,-0.02549678650666,929,-0.0206290915611516,1067,-0.0244776511644382,787,0.0005849771213147,2873,-0.0147866116550849,1606,-0.016961032753204,0.010670096877804793,0.017195023601729878,1,4,4,0,mixed
34,ADAMTS1,0.0046124103499985,2537,0.0278296501264063,564,0.0113887404238936,1857,-0.0296243128480115,785,0.0123809159857991,1807,0.0053174808076172,0.02130126842176996,0.0171672059468218,4,1,4,0,mixed
1911,PCDHGA4,0.0274051992240263,802,-0.0009240532176722,2816,-0.0283094485115394,582,-0.0121616617342255,1953,-0.0169291348787681,1427,-0.0061838198236357795,0.021193319582538596,0.0171458995132463,1,4,4,0,mixed
1869,OR4N3P,0.016808542689445,1582,0.0280368214450731,556,-0.0036315167724895,2573,0.0099300868499093,2105,0.0273051821335139,755,0.01568982326909036,0.013182423935579338,0.01714242997808616,4,1,4,0,mixed
598,DENND2D,-0.026173385430729,878,-0.0121157313602788,1781,0.029502842876131,508,-0.0022751905853641,2728,-0.015557478473321,1536,-0.00532378859471238,0.021258838119210807,0.017124925745164783,1,4,4,0,mixed
1183,ITGAX,-0.0072929768339402,2318,-0.0122934316541892,1761,-0.0082684670925571,2144,-0.0447957785333816,187,0.0128207040287072,1773,-0.01196599001707218,0.020783353686047844,0.01709427162855506,1,4,4,0,mixed
1857,OCLM,-0.0119572474572759,1962,-0.0006286217012824,2854,-0.0412315455541143,163,0.0112425604178223,2018,-0.0203966128352968,1184,-0.012594293426029418,0.01995461805056411,0.01709131759315834,1,4,4,0,mixed
2566,TLR5,0.0002431380126188,2897,0.0251306704700787,740,0.0212357671813063,1009,0.0362080228601669,470,-0.0025898256894521,2672,0.01604555456694372,0.016680801328831478,0.017081484842724558,4,1,4,0,mixed
1576,LRRN1,-0.0462327119030747,121,-0.0146367055759936,1549,0.0073431370939157,2234,-0.0063477971066817,2391,-0.0105720364923153,1977,-0.01408922279682992,0.01978098803788597,0.017026477634396197,1,4,4,0,mixed
2336,SLC30A10,0.0182382665747823,1462,0.0168959832756482,1376,0.011115333850219,1885,-0.0330425213341502,618,0.0058013286189448,2390,0.003801678197088819,0.021182888786691053,0.0170186867307489,4,1,4,0,mixed
1285,KLRK1,-0.0195545045208666,1355,0.0144682217576138,1564,0.0119453396578576,1810,0.0303897646025368,748,0.008709556155575,2141,0.00919167553054332,0.018106344835142986,0.017013477338889964,4,1,4,0,mixed
2250,SELENOP,0.0216820558822071,1197,-0.0192416415207178,1169,0.0003334317084206,2888,0.0362181083534147,469,0.0075724615677106,2247,0.009312883198207039,0.02107076215975617,0.01700953980649416,4,1,4,0,mixed
1176,ISG20,0.0237008200052734,1049,-0.0008456597816857,2821,-0.0268944043298487,642,-0.0063724432508052,2388,-0.0272252306932305,757,-0.00752738361005934,0.021120290557101223,0.017007711612168703,1,4,4,0,mixed
2480,SYT7,0.0271241264585728,827,0.0092876017729782,2032,-0.0104693075513508,1940,0.0229101371145583,1163,0.0150459204584427,1583,0.01277969565064024,0.014715936802269238,0.01696741867118056,4,1,4,0,mixed
1134,IL12RB2,0.0030455300871647,2674,-0.0150604772071665,1513,-0.0340637013423111,341,-0.0313448488782773,704,-0.0011919544668278,2798,-0.0157230903614836,0.016913540658550136,0.01694130239634948,1,4,4,0,mixed
1482,LOC101927354,0.031930673437477,563,0.0062499452201481,2283,-0.0059102914738213,2362,0.0160026976539298,1671,0.0245888992851204,903,0.0145723848245708,0.014937281961681936,0.01693650141409932,4,1,4,0,mixed
1321,LEPR,0.0300463275213576,660,0.0201253436908776,1098,-0.0169370992651906,1351,0.0091610911349347,2155,0.008408132772835,2173,0.01016075917096286,0.01755771725319261,0.0169355988770391,4,1,4,0,mixed
633,DNAJC27,0.0161127761414932,1625,-0.016329828794839,1406,-0.0435803731568394,111,-0.0033893707841957,2640,-0.0052444317458207,2433,-0.01048624566804032,0.021878750795811294,0.0169313561246376,1,4,4,0,mixed
282,C9orf84,-0.0468613535726382,112,-0.0098471782786607,1983,-0.0176780593282811,1299,0.0052497401678158,2487,-0.0049036036361161,2466,-0.014808090929576056,0.01975268637351962,0.01690798699670238,1,4,4,0,mixed
2224,SCGB1B2P,0.0350709183060716,426,-0.0238450021361823,826,-0.0018567266848832,2753,-0.0059723573213385,2422,-0.0176644762934652,1387,-0.0028535288259595197,0.022961873358794536,0.01688189614838816,1,4,4,0,mixed
1460,LOC100288181,-0.001332873424057,2810,-0.0192382302700469,1170,-0.005328483341697,2408,0.0268394289817008,936,-0.0316003706364504,538,-0.0061321057381101005,0.021972730592251345,0.01686787733079042,1,4,4,0,mixed
1135,IL13,0.0148079472108025,1719,-0.0042314269225335,2471,0.0231039642205708,871,0.0175023092059987,1571,0.0246347541637204,901,0.01516350957571178,0.011559793078704769,0.016856080344725178,4,1,4,0,mixed
810,FBXO2,0.0238195906739921,1046,-0.0021457112037484,2693,0.0262951885050661,673,0.0107385378108292,2049,0.0210568047222318,1142,0.01595288210167416,0.011722274711405379,0.01681116658317352,4,1,4,0,mixed
2766,WNT16,-0.0006793159438753,2866,0.0152681055866491,1502,-0.0310777093582596,434,-0.0089203332945167,2166,-0.0280856928271191,721,-0.01069898916742432,0.019335441415664414,0.01680623140208396,1,4,4,0,mixed
2796,ZBTB6,0.0038903676835595,2598,0.0207081751245009,1061,0.0087811329722278,2098,-0.0309773575448675,719,0.0196429532504399,1246,0.00440905429717212,0.021031614701804847,0.01679999731511912,4,1,4,0,mixed
1559,LOC729683,0.0066431714187419,2378,0.0105127435162944,1928,-0.0119675904343328,1805,0.0272127919553812,914,0.0276319305607587,736,0.012006609403368678,0.016440339178665518,0.0167936455771018,4,1,4,0,mixed
825,FCRL1,-0.0265883862185048,857,0.0380323599516952,215,-0.0142340426709263,1593,-0.0046470948979316,2546,-0.0004477205448921,2879,-0.0015769768761119205,0.02431754675278315,0.01678992085679,1,4,4,0,mixed
2025,PPP2R2B,-0.0284008620566482,749,0.0239354109366685,819,-0.0194639957338445,1151,-0.0058249690467559,2431,-0.0061857682427421,2361,-0.00718803682866444,0.01982558081174714,0.01676220120333184,1,4,4,0,mixed
2849,ZNF33BP1,-0.0382538694594693,293,0.0272177442300158,601,-0.0121856571629765,1775,-0.0010913205473669,2830,-0.0049520013470064,2463,-0.00585302085736066,0.0234897765111795,0.016740118549366977,1,4,4,0,mixed
2538,TF,0.0212577975622956,1237,-0.0079011667726586,2143,-0.0002149131043186,2896,-0.0061179035695505,2405,-0.0480889680692982,86,-0.008213030790706061,0.02513501940233081,0.016716149815624297,1,4,4,0,mixed
760,FAM111B,-0.0075326253794578,2297,0.0094050739889221,2022,-0.0100945747184213,1974,-0.0349257129698125,529,-0.0216161678233956,1100,-0.012952801380433022,0.016547546044688437,0.01671483097600186,1,4,4,0,mixed
2112,RASGEF1A,0.0268211141104919,846,-0.0032840244506165,2573,0.0144210958880453,1567,0.0385664390805155,366,0.0003846636404491,2884,0.015381857653777063,0.01762551737109133,0.016695467434023663,4,1,4,0,mixed
1426,LINC02325,0.0366942062533951,356,-0.0204335112295766,1077,-0.0119881689846166,1803,-0.0036927850849548,2612,-0.0106128062749776,1972,-0.0020066130641461003,0.02243794324413178,0.01668429556550414,1,4,4,0,mixed
899,FYCO1,-0.0378450522655543,310,-0.0154269885077684,1490,0.015846012909899,1446,-0.0092505203754835,2151,-0.0048388454096873,2474,-0.0103030787297189,0.019362047129011163,0.0166414838936785,1,4,4,0,mixed
928,GCNT4,-0.011230816657869,2013,0.0076471902144812,2165,0.0255680942987797,722,0.0161130709540531,1667,0.0226005895725928,1023,0.01213962567640756,0.014764004824513972,0.01663195233955516,4,1,4,0,mixed
2773,XCL2,-0.0064292508504603,2394,-0.0235416052403095,846,0.0285858207504943,569,-0.0237997500400932,1107,-0.0007288406107455,2846,-0.005182725198222841,0.0214787552012065,0.01661705349842056,1,4,4,0,mixed
922,GBP1,0.0078080668658717,2272,-0.0341141935018118,324,0.0158584654848556,1445,0.0027361946434968,2688,0.0225633619918031,1029,0.002970379096843079,0.02207210535721939,0.0166160564975678,4,1,4,0,mixed
1451,LOC100129940,0.0190788916308739,1398,0.0148744158871234,1527,-0.0234393052126096,851,0.0152094072612729,1728,0.0103661306694566,1992,0.00721790804722344,0.017413680929805248,0.016593630132267282,4,1,4,0,mixed
566,CXCR1,-0.0235744720497185,1063,-0.0030731659559576,2596,0.0046742797804651,2469,-0.0473755074636982,144,-0.0041746718552616,2542,-0.014704707508834161,0.021022449017788693,0.0165744194210202,1,4,4,0,mixed
2582,TMEM232,0.019264882017857,1380,0.0120553659378602,1786,0.0252181613153687,749,0.0059100684692755,2430,-0.0204157120966863,1183,0.00840655312873502,0.017683344701870694,0.01657283796740954,4,1,4,0,mixed
2360,SLC7A7,-0.0309893769746637,610,0.001779758283133,2736,-0.0208591088825389,1040,-0.0103600347538291,2068,-0.0187506294386204,1311,-0.01583587835330382,0.012284671918081823,0.016547781666557022,1,4,4,0,mixed
1876,OTUD1,0.0262324115616702,874,0.013057473054849,1696,0.0032939731180936,2608,0.0219752830149612,1240,-0.0181653649758465,1347,0.009278755154745499,0.01769113012222828,0.0165449011450841,4,1,4,0,mixed
1593,LYVE1,-0.0084196352687952,2225,-0.0254432227502287,717,0.0156616915668918,1467,-0.0308519005419951,725,-0.0022716098656401,2704,-0.01026493537195346,0.018666091665079956,0.01652961199871018,1,4,4,0,mixed
831,FEM1A,-0.0242497103643997,1015,0.0093458989349087,2027,-0.0347327973257061,321,-0.0088288094791526,2175,-0.0054831072032467,2420,-0.012789705087519278,0.017116447134410417,0.01652806466148276,1,4,4,0,mixed
710,EOGT,-0.0069470054882059,2346,0.0012896878565891,2788,0.0138726491666022,1622,0.01987595786933,1393,0.0405332245597792,227,0.013724902792818922,0.01829279766735703,0.016503704988101282,4,1,4,0,mixed
1182,ITGAD,0.0261533794497177,880,-0.0115252749917486,1835,0.0235188232756128,845,0.0013978671944129,2809,0.019719100891463,1237,0.01185277916389156,0.016265925824148864,0.016462889160591,4,1,4,0,mixed
628,DNAH12,0.002297240439591,2734,0.0384490732473129,205,0.0309865953144936,442,-0.0102906638786381,2072,0.0002902507665411,2895,0.012346499177860102,0.021139887861722478,0.016462764729315342,4,1,4,0,mixed
1967,PKIA,-0.0041031789760812,2584,-0.0046058099725144,2435,0.0353493381258972,300,-0.0264318593423925,962,-0.0117997019136643,1858,-0.0023182424157510385,0.02290540429248137,0.01645797766610992,1,4,4,0,mixed
1798,NEUROD1,-0.0107321733602821,2053,-0.0303782703766432,469,-0.0121389904643453,1783,0.0203689059969026,1354,-0.008671005737782,2145,-0.00831030678843,0.018235587617562717,0.01645786918719104,1,4,4,0,mixed
2659,TRMO,-0.0031843160129934,2663,-0.003143621122159,2585,-0.0143521899867081,1577,0.0221250045989041,1226,-0.0393524257419443,250,-0.00758150965298014,0.022230274271983617,0.016431511492541778,1,4,4,0,mixed
43,ADTRP,-0.0009958062348837,2844,0.032612109558956,374,0.0066697610191414,2290,0.0409730752604688,283,0.0008405278191619,2827,0.016019933484568878,0.01939932389968791,0.01641825597852236,4,1,4,0,mixed
213,BOLL,0.0084040245630591,2228,-0.0260703083953298,680,-0.016448622579359,1393,-0.0284635849447062,846,-0.0021672216568839,2716,-0.012949142602643963,0.015790161813126164,0.0163107524278676,1,4,4,0,mixed
2013,PPBP,0.0075250448020234,2299,0.0235832758734043,843,0.0365014062648242,267,0.0026821429922481,2692,-0.0112213674935367,1912,0.01181410048779266,0.018576853792292534,0.01630264748520734,4,1,4,0,mixed
286,CA3,0.0117077523199508,1979,0.0211554907060484,1023,-0.0178489111278493,1281,0.0123737939232209,1935,0.018232693002058,1342,0.00912416376468576,0.015592465552202499,0.01626372821582548,4,1,4,0,mixed
1025,HDAC9,-0.0032097023434848,2661,0.0159701372365903,1436,0.0224201232347162,919,0.0067702748195893,2348,0.0328966936400444,479,0.014969505317491078,0.013924870059329951,0.016253386254885,4,1,4,0,mixed
2187,RORB,0.0003701079388813,2887,-0.0141179832401966,1597,0.0185395847425918,1223,0.022026678789393,1235,0.0257180691974572,843,0.010507291485625339,0.016865263287312297,0.01615448478170398,4,1,4,0,mixed
745,EXOC3-AS1,0.0216100591471655,1204,-0.0009482020980061,2814,0.0069246129001718,2263,0.0108700143687669,2039,0.0403594883466126,232,0.01576319453294214,0.015972617270977794,0.01614247537214458,4,1,4,0,mixed
1149,IL2RA,0.0077485941610093,2282,0.0070517113496658,2211,0.0409830251114601,166,0.0118152269045395,1978,-0.0130965251314274,1749,0.010900406479049458,0.019406184207611168,0.016139016531620417,4,1,4,0,mixed
545,CSF1,-0.0051631182891912,2493,-0.0088943095659244,2061,-0.0050461903189388,2440,-0.0342672824926566,560,0.0273206122421224,754,-0.0052100576849177195,0.021887037072047425,0.016138302581766677,1,4,4,0,mixed
1293,KRT73,-0.0129482253600368,1870,-0.0163183344958629,1407,-0.0078329110731389,2183,-0.0246370550011827,1060,0.0187538309634393,1310,-0.008596538993356401,0.016465777526341884,0.01609807137873212,1,4,4,0,mixed
2299,SHC3,-0.0016563067211729,2782,-0.0040501373337237,2497,-0.0287542007092868,558,0.0403203413046616,302,-0.0055946899034547,2405,5.300132740469893e-05,0.025014832875432425,0.016075135194459942,1,4,4,0,mixed
249,C1QTNF9,0.0068878826626362,2355,-0.0121255050079228,1780,-0.0294362656907974,513,-0.014486586055378,1782,-0.0173500219643006,1402,-0.01330209921115252,0.013106484632382214,0.016057252276207003,1,4,4,0,mixed
1241,KIAA1551,0.011075161731919,2026,0.0084439582490339,2098,0.0285945608856487,566,-0.0115366424974905,1997,0.0206234418476621,1167,0.01144009604335464,0.015129854897648334,0.01605475304235084,4,1,4,0,mixed
135,ARHGEF34P,-0.0147566224843497,1724,0.0296817229247889,495,-0.0045147276653331,2483,-0.0200272493926292,1378,-0.0111420168828124,1920,-0.004151778700067101,0.019736984796325067,0.01602446786998266,1,4,4,0,mixed
149,ASAH2B,-0.0032574785665692,2657,-0.0123131131986292,1759,-0.012878856389031,1713,-0.013757725926548,1837,0.0378793136562595,296,-0.0008655720849035792,0.0220706831323346,0.01601729754740738,1,4,4,0,mixed
373,CD1D,-0.0216413657496377,1201,0.0122210666363089,1766,-0.0127538694403517,1724,-0.0035093217759374,2632,-0.0298309481525044,634,-0.01110288769642446,0.016326317695270702,0.01599131435094802,1,4,4,0,mixed
2182,RNU4-2,-0.0007847469423166,2858,-0.0309079384450839,447,0.0048629325173424,2456,-0.0015061646352485,2801,-0.0418670051909143,190,-0.01404058453924418,0.020910459009207575,0.015985757546181138,1,4,4,0,mixed
2032,PRDM4,0.0233585136341727,1080,-0.024249204883536,795,-0.0027540131950634,2660,-0.0270613477172868,923,-0.0025045671596888,2684,-0.0066421238642804595,0.020366817591067073,0.015985529317949543,1,4,4,0,mixed
2125,RBMS3,0.0218779083932701,1180,-0.026142453361201,677,-0.0130256349659132,1693,-0.0004303496820565,2885,-0.0184176672382811,1331,-0.00722763937083634,0.018774582036936865,0.01597880272814438,1,4,4,0,mixed
1730,MT-ND4,-0.0093109269020783,2157,0.0305042186169962,460,0.0076499509520203,2202,0.0061568480612406,2404,0.0262274557733945,816,0.01224550930031466,0.016215318275104577,0.01596988006114598,4,1,4,0,mixed
2010,PP12613,-0.0088311863082683,2197,0.0330267799181043,357,-0.0035424805784427,2585,-0.02091084460437,1319,-0.0135130194716318,1709,-0.0027541502089216997,0.02099550911779219,0.01596486217616342,1,4,4,0,mixed
1980,PLCH2,-0.0194727505802188,1364,0.0048117433335885,2420,-0.0243547399011442,795,-0.0262044630429424,977,-0.0049617636772408,2461,-0.01403639477359154,0.01343210087511733,0.01596109210702694,1,4,4,0,mixed
1624,MAPK13,0.0135125430056581,1819,0.0161897934981949,1416,0.0219612296913859,950,-0.0060856181986721,2410,0.0218925590550492,1078,0.0134941014103232,0.011541868003383984,0.01592834868979204,4,1,4,0,mixed
410,CDH20,-0.0383696350617245,288,-0.0164845785496566,1394,-0.0044003990162412,2498,0.0129084308397411,1898,-0.0072826674386252,2266,-0.01072576984530128,0.018760249692674487,0.01588914218119772,1,4,4,0,mixed
461,CHN1,0.0198971431981741,1332,0.018057892364064,1279,0.0061514941217276,2336,-0.0326334032372519,638,0.0025586950336177,2675,0.0028063642960663012,0.02116561000963225,0.01585972559096706,4,1,4,0,mixed
1898,PATJ,-0.0153495557643452,1678,0.0397956310766584,180,-0.0020284825128408,2737,-0.0088040930001002,2177,-0.0131654250492219,1737,8.96149500300602e-05,0.022771781728390797,0.0158286374806333,1,4,4,0,mixed
2579,TMEM2,-0.0213818463001681,1225,0.0171161075998918,1360,0.0230688662867151,874,0.0151860575982539,1729,0.0023664007692905,2692,0.007271117190796639,0.017707255252412204,0.01582385571086388,4,1,4,0,mixed
1633,MC1R,0.0282519183388401,757,-0.0118139102680558,1810,0.0275617677584821,610,0.0049666413732033,2514,0.0065096194307376,2332,0.01109520732664146,0.016947823984039417,0.01582077143386378,4,1,4,0,mixed
1678,MIR576,0.0014666189237606,2798,0.0248784329608902,758,0.0079056484190219,2178,-0.0178969446878102,1540,0.026916410451427,773,0.008654033213457901,0.018397819171251575,0.015812811088581978,4,1,4,0,mixed
2744,VPREB3,0.0184167528190626,1450,-0.0147941900538095,1535,0.0030722194841048,2631,0.0254017381683367,1012,0.0172956956617803,1407,0.00987844321589498,0.015999645033988652,0.01579611923741878,4,1,4,0,mixed
1778,NCR1,-0.0192285956568148,1382,0.0186028844783606,1230,-0.0100570785132319,1975,-0.0231373704015176,1151,-0.0078593573123635,2219,-0.008335903481113441,0.016329589724622954,0.01577705727245768,1,4,4,0,mixed
1362,LINC00599,-0.0136529402009228,1809,-0.0092803737738729,2034,-0.0181526176383148,1257,-0.0147257512221519,1769,0.0228799779118524,1005,-0.006586340984682001,0.016774141864091527,0.01573833214942296,1,4,4,0,mixed
2821,ZHX2,0.0072234176303774,2328,-0.0190935596349165,1187,0.0132297543111182,1678,0.0238625039697036,1102,0.0152219200369352,1569,0.00808880726264358,0.016322914197390598,0.01572623111661018,4,1,4,0,mixed
908,GADD45B,-0.0059174378730218,2438,-0.0105974135652891,1917,0.007831477661798,2184,-0.0285515261730017,843,-0.0257188882462903,842,-0.012590757639160979,0.014938777204095427,0.01572334870388018,1,4,4,0,mixed
2552,TIAM1,-0.0207353093946948,1272,-0.0167507200223768,1383,0.0295588646146967,502,-0.0019991240754664,2763,-0.0095682995785975,2068,-0.0038989176912877605,0.02002378093885778,0.015722463537166442,1,4,4,0,mixed
1027,HDGFL3,0.0135090519139008,1820,0.0169427262679483,1373,0.0072228049187068,2244,-0.0206770873096083,1333,0.0201835780039677,1201,0.007436214758983059,0.01643283054467195,0.01570704968282638,4,1,4,0,mixed
2805,ZDBF2,0.0111490391947771,2020,-0.0334283856262466,348,-0.0141858278580828,1598,-0.0111232499962266,2024,-0.0086168818732067,2154,-0.011241061231797122,0.01588368509015758,0.01570067690970796,1,4,4,0,mixed
1530,LOC105372633,0.0231240133743794,1093,-0.0173426268919286,1341,0.0020537921778492,2734,0.0247447251120088,1055,0.0110892491063715,1926,0.00873383057573606,0.017274103799797016,0.0156708813325075,4,1,4,0,mixed
953,GNA14-AS1,0.0286334823042155,737,-0.0268680354214628,629,7.909817354263479e-05,2909,0.0166775992835014,1626,0.0060338058261179,2372,0.004911190033182926,0.02083101105139897,0.015658404201768047,4,1,4,0,mixed
1429,LINC02397,0.0122538971190126,1941,0.0050727678909238,2398,0.0039762888181878,2532,0.0188062791429875,1477,-0.0381573805601088,287,0.0003903704822005805,0.02236404325189346,0.0156533227062441,4,1,4,0,mixed
113,APOD,-0.0083867167033942,2232,-0.0098105721777978,1989,-0.0107421778937703,1919,0.0286868641326688,837,-0.0205124052866066,1176,-0.00415300158578002,0.018969953630484496,0.01562774723884754,1,4,4,0,mixed
2268,SERPINB9,-0.0188213801521231,1419,-0.0094608276961284,2017,-0.0048490726322473,2458,0.0033691260095904,2641,-0.0415375733544546,198,-0.0142599455650726,0.01722828988589988,0.01560759596890876,1,4,4,0,mixed
2160,RIMBP2,-0.0366370204141056,358,-0.0027675356596002,2629,0.0248199959968947,773,-0.002847664098544,2680,-0.0108115056890419,1951,-0.005648745972879401,0.021973955666244605,0.015576744371637283,1,4,4,0,mixed
1925,PDE4D,0.0238807315376957,1040,0.0046458788199083,2431,-0.0184309491151831,1231,0.0274568683447295,895,0.003461229598207,2605,0.00820275183707148,0.018445917266428163,0.01557513148314472,4,1,4,0,mixed
1400,LINC01480,0.0090698019683948,2176,0.0265957655610501,650,0.010047952688244,1977,0.0182745435575595,1513,-0.0138044209746111,1688,0.010036728560127462,0.015094691007788612,0.015558496949971901,4,1,4,0,mixed
487,CMAHP,-0.0300416429815403,661,-0.0024419868768923,2665,0.0170938301927888,1337,-0.0094208616744708,2142,-0.0187045907448363,1315,-0.008703050416990179,0.017752193951840894,0.015540582494105701,1,4,4,0,mixed
2313,SLAIN1,-0.0232127866335813,1088,-0.0030780146358662,2595,0.010631667611781,1924,-0.0288667178181477,822,-0.0115091784227137,1890,-0.01120700597970558,0.0158043005540803,0.01545967302441798,1,4,4,0,mixed
1806,NHS,-0.019342074104705,1377,-0.013570531575431,1653,-0.0308583387832426,448,-0.0029944614213364,2666,0.0104902394546832,1984,-0.011255033286006359,0.0157808846555568,0.015451129067879637,1,4,4,0,mixed
1324,LGALS3,-0.0339984697000299,456,-0.0146324854766553,1550,-0.001500146850677,2791,-0.0270387423920287,924,7.294393750781336e-05,2909,-0.015419380096376617,0.015120916902752687,0.015448557671379742,1,4,4,0,mixed
1861,OLIG2,-0.0206222234302053,1279,0.0114600702875114,1841,-0.0387871985042555,217,-0.0055591003048243,2464,-0.0005495974176693,2864,-0.0108116098738886,0.01941524652948881,0.01539563798889316,1,4,4,0,mixed
670,ECT2L,-0.0203471460186392,1307,0.006172751436604,2286,-0.0086619595658609,2110,-0.0220258962432729,1236,-0.0197587284414095,1234,-0.012924195766515701,0.01191125548386071,0.015393296341157301,1,4,4,0,mixed
196,BGLAP,0.0247531659054344,976,0.0067550366925748,2238,0.0191262062930756,1173,0.0071628999897124,2314,-0.0190756747384796,1287,0.007744326828463521,0.016878070262072824,0.01537459672385536,4,1,4,0,mixed
2709,UCN2,0.0268633115644485,845,-0.0293113357601756,511,0.0023376059130155,2708,0.0059672268738514,2423,0.0123018281738469,1815,0.0036317273529973397,0.020659452248361212,0.01535626165706758,4,1,4,0,mixed
236,C16orf45,0.0123517097658541,1930,-0.0027116813379636,2636,-0.0109187598575768,1900,-0.027106244261086,920,-0.0234913871968068,970,-0.010375272577515821,0.01602731739662929,0.01531595648385746,1,4,4,0,mixed
147,ARRDC5,0.0154297727634673,1668,0.00210282215144,2700,-0.0141604525482084,1599,0.0407006910861367,292,0.0041133012613477,2549,0.00963722694283666,0.020323034660945285,0.015301407962120022,4,1,4,0,mixed
977,GPR78,-0.0063055849251031,2402,-0.0469245195321682,91,-0.0069041655504928,2267,-0.0056175565920101,2453,0.0104921653396002,1983,-0.0110519322520348,0.021332222572796083,0.015248798387874879,1,4,4,0,mixed
1790,NEGR1,0.0219681400394917,1174,0.0020195873598235,2709,0.0129184556543012,1707,-0.0266605511048549,945,0.0126032642482647,1792,0.00456977923940524,0.018833329829271397,0.015233999681347202,4,1,4,0,mixed
272,C6orf163,-0.0172193682656216,1553,-0.0046132692564554,2433,-0.0152322323650413,1502,-0.0129417289960955,1895,0.0259567511666764,828,-0.004809969543307481,0.01785617571753308,0.015192670009978041,1,4,4,0,mixed
2809,ZFAND2A,-0.0261213210558937,885,-0.0274755834643812,585,-0.0077761525245526,2189,-0.0037797972540817,2607,0.0107439239003378,1959,-0.01088178607971428,0.0160884436408036,0.015179355639849401,1,4,4,0,mixed
1154,IL6,-0.0180348468670036,1477,-0.0118836036601782,1806,-0.0271557422249183,631,-0.0044301849242606,2554,0.0143040386986713,1653,-0.00944006779553788,0.015672968248621223,0.015161683275006398,1,4,4,0,mixed
1335,LILRB2,-0.0246023745694227,991,-0.0147828328919503,1536,-0.0039777383207652,2530,-0.0200798309776718,1375,0.0123336427908645,1813,-0.0102218267937891,0.014769233447333824,0.0151552839101349,1,4,4,0,mixed
1500,LOC101929626,0.0383260591563134,292,0.0132332412872185,1684,-0.0163168048776937,1402,0.0021572970651616,2744,0.0055837896095845,2408,0.00859671644811686,0.019852950507547686,0.015123438399194339,4,1,4,0,mixed
2485,TAC3,0.0120808975009232,1952,0.0042172028741294,2476,-0.0195395482911049,1143,0.0332232815745585,607,0.0065497015383068,2328,0.0073063070393626,0.018876581046271976,0.01512212635580456,4,1,4,0,mixed
2105,RAPGEF6,0.0193802070996373,1374,0.0159478512941626,1438,0.0378787197299371,240,-0.0020224760126317,2758,0.0003105972612393,2893,0.01429897987446892,0.016175649516578197,0.015107970279521599,4,1,4,0,mixed
279,C9orf131,-0.0321168577687272,549,-0.0055968793647397,2354,0.0140262126070062,1609,-0.0076780218594671,2272,-0.0159344880880438,1512,-0.00946000689479432,0.016770163458593102,0.0150704919375968,1,4,4,0,mixed
2340,SLC35F3,-0.0271943096757621,821,-0.0126542115640318,1721,-0.006593811373883,2298,-0.0041211485138952,2575,0.0247814460734134,892,-0.00515640701083174,0.01898222303722075,0.0150689854401971,1,4,4,0,mixed
1968,PKIA-AS1,-0.0257748531772661,909,0.004631752640901,2432,0.0040897036752523,2519,0.0392383032318044,337,0.0016074959965853,2760,0.004758480473455379,0.02308427314643174,0.01506842174436182,4,1,4,0,mixed
1932,PDK1,0.022038547050324,1171,0.010354560164622,1944,0.0094624694200299,2036,-0.0250342924125839,1037,0.0083729193814903,2177,0.00503884072077646,0.01769410068594925,0.015052557685810023,4,1,4,0,mixed
1259,KIRREL2,0.0103026536534082,2082,0.0197562299138893,1125,0.0364586341269149,270,0.0010918584043249,2829,-0.0076205521873287,2244,0.01199776478224172,0.017067648246592734,0.015045985657173199,4,1,4,0,mixed
1963,PIP4K2C,0.0326138667679425,535,0.0074834924578198,2177,0.0061082709196812,2343,0.0116979468962681,1988,-0.017324008764992,1405,0.00811591365534392,0.017780613793708103,0.015045517161340718,4,1,4,0,mixed
1376,LINC00943,-0.0076294995469753,2291,-0.0155158822427198,1482,0.0069455652504948,2261,-0.0393798139282916,332,-0.005495284531252,2418,-0.01221498299974878,0.017191070286937147,0.014993209099946702,1,4,4,0,mixed
453,CHD7,0.0028554819756575,2688,-0.0070720894415082,2207,-0.0051431342979721,2429,-0.0209334607149931,1318,-0.0389577512349025,265,-0.013850190742743679,0.016442302891655464,0.014992383533006682,1,4,4,0,mixed
700,ENAH,-0.0076500280987931,2288,-0.0021154435225666,2698,-0.0073915077719323,2228,0.0393880545762561,330,-0.0183941605189656,1333,0.0007673829327996997,0.022385553488934937,0.014987838897702738,1,4,4,0,mixed
2530,TEAD3,0.0104403537197469,2073,0.0040710524096042,2496,0.0299445541857501,486,-0.0077776917685562,2260,0.02265230037694,1017,0.011866113784697,0.014931901241598499,0.01497719049211948,4,1,4,0,mixed
1918,PCSK5,-0.0227445929937691,1113,0.0145354158074681,1560,-0.025766499213392,708,-0.0077230034524082,2265,-0.0040403459085891,2562,-0.00914780515213806,0.0162023515788718,0.0149619714751253,1,4,4,0,mixed
79,AMIGO2,-0.0130461213975544,1862,0.0090980371036184,2046,0.0165261186280704,1388,0.0173942412252346,1579,0.018455921122095,1330,0.0096856393362928,0.013230747948155942,0.01490408789531456,4,1,4,0,mixed
1232,KIAA0355,0.0113827055935898,2000,0.0020274101113312,2708,0.0206503152735973,1060,0.0279724388070712,868,-0.0124787586220007,1800,0.00991082223271776,0.015867944591279545,0.014902325681518041,4,1,4,0,mixed
2021,PPP1R1A,0.0096477928472584,2132,-0.01584246739027,1447,-0.0091109511770048,2074,-0.0038688584912939,2599,-0.035986932073539,353,-0.01103228325696986,0.01679690513134952,0.014891400395873219,1,4,4,0,mixed
2819,ZFYVE28,0.0087504381225045,2204,-0.0187740352123787,1217,0.0219996265304782,947,0.0212950620889267,1281,0.0035397613990277,2597,0.00736217058571168,0.01664346669446929,0.01487178467066316,4,1,4,0,mixed
29,ADAM12,0.0120197089458885,1960,0.0107512466838264,1905,0.0173454509755806,1326,0.013170779368724,1882,-0.0209914061124007,1146,0.00645915597232376,0.01554374840834685,0.014855718417284041,4,1,4,0,mixed
1356,LINC00484,0.0249047519622353,962,0.0004571933385623,2874,0.0312786609950496,424,-0.0027097528442149,2689,0.0148409895807874,1600,0.01375436860648394,0.01483656617188713,0.014838269744169902,4,1,4,0,mixed
489,CMKLR1,0.0248877425305327,965,0.0241656498209577,803,0.010877969214367,1904,0.0064669317516511,2380,-0.0076205617669811,2243,0.011755546310105478,0.013515161823334466,0.014803771016897917,4,1,4,0,mixed
1268,KLHDC7B,-0.0154502429020232,1664,0.0324712275924567,379,0.0062270877984035,2331,0.0169994634227633,1604,0.0026168580697702,2670,0.0085728787962741,0.017749828858913144,0.014752975957083381,4,1,4,0,mixed
1516,LOC102724784,-0.0300155725477565,662,0.0184240960101855,1251,0.0200743637697236,1105,0.0017132534578297,2785,0.0035326441918709,2599,0.002745756976370639,0.020131324443836543,0.01475198599547324,4,1,4,0,mixed
2872,ZNF549,-0.0230527541707551,1098,-0.0105016917833571,1930,-0.0079980779355918,2173,0.0074262358420506,2296,-0.0247514878369592,895,-0.01177555517692252,0.013039851284953939,0.014746049513742759,1,4,4,0,mixed
2426,SPINK5,-0.0007751609442999,2860,-0.0237514374561019,833,-0.0070794104228237,2255,-0.0395146337117352,325,0.0025290861697287,2683,-0.013718311273046398,0.017618824740607886,0.01472994574093788,1,4,4,0,mixed
51,AGR2,0.0037751562813449,2602,-0.0116101881635255,1831,0.0284099945967875,577,0.0202149357134895,1363,0.0095775638593294,2066,0.010073492457485159,0.015404327079229507,0.014717567722895359,4,1,4,0,mixed
1487,LOC101927780,0.0188532181648791,1414,0.0214268005096571,1006,0.004674919002347,2468,0.0147343445019867,1767,-0.0137609497837389,1695,0.0091856664790262,0.014326450942801182,0.01469004639252176,4,1,4,0,mixed
1280,KLRC3,-0.0001475131046205,2904,-0.0134671184436745,1659,0.0166388476003566,1378,-0.0231752818321059,1146,-0.0200090710886902,1213,-0.0080320273737469,0.016379297786585537,0.014687566413889538,1,4,4,0,mixed
1257,KIR3DL1,-0.0132484137326414,1845,0.0017566154753641,2739,-0.0146061399895062,1556,-0.0269868930260963,927,-0.0165365378709617,1466,-0.0139242738287683,0.010298882966366895,0.014626920018913938,1,4,4,0,mixed
381,CD247,-0.0111987892361025,2017,-0.0134184782783816,1665,0.0084217191048262,2133,-0.000568547112383,2874,-0.0393307282601453,252,-0.01121896475643724,0.01798817231269012,0.01458765239836772,1,4,4,0,mixed
173,B3GAT1,0.0080175454341885,2258,0.0290601360751129,519,0.0086369159336559,2114,-7.865824862509155e-05,2906,0.0271405754803363,763,0.0145553029349337,0.012852058854750227,0.014586766234383739,4,1,4,0,mixed
901,FZD3,0.0304760995214776,637,0.0261705359380681,675,0.0102453578117174,1959,0.0056226186707714,2451,-0.0003101985814516,2894,0.014440882672116582,0.013301048381109825,0.014564962104697224,4,1,4,0,mixed
2053,PRPH2,-0.0152052254953726,1694,0.0115679343955954,1832,0.0056314338726487,2382,0.0356019170869444,485,0.0047217930363206,2484,0.0084635705792273,0.018223341700986422,0.01454566077737634,4,1,4,0,mixed
1417,LINC01857,0.0089517636470609,2181,0.0230280197669397,875,-0.013709144157179,1639,0.0026330867607048,2699,0.0243173324561134,917,0.00904421169472796,0.015713381065806595,0.01452786935759956,4,1,4,0,mixed
96,ANKRD39,0.0048407262332335,2518,0.0024330943766791,2666,-0.0170058631006744,1344,0.0350520257266287,520,0.0132832922399545,1725,0.007720655095164281,0.01887855756731474,0.014523000335434041,4,1,4,0,mixed
2603,TNFRSF17,-0.0106041168160102,2063,0.0314042964674427,423,-0.0023436726552812,2705,-0.0147275281401924,1768,-0.0135351545700723,1706,-0.00196123514282268,0.01926809675023997,0.014522953729799762,1,4,4,0,mixed
1409,LINC01667,0.0221735773967395,1162,0.0208956112663815,1044,0.0167782767245029,1367,0.0028657297591045,2677,-0.0098879959670218,2032,0.010565039835941318,0.013763077528571177,0.014520238222750037,4,1,4,0,mixed
216,BRD7P3,-0.0056494836347916,2454,-0.0166485843537215,1388,-0.0013431775954712,2799,0.0339520325125833,571,-0.0149283080300682,1594,-0.0009235042202938401,0.02050747878535623,0.014504317225327162,1,4,4,0,mixed
2722,USP53,-0.0056105289149201,2457,-0.0055564488053247,2356,-0.0216187481255906,979,0.037681162042737,401,-0.0020071736450582,2726,0.0005776525103686791,0.02209045458658456,0.014494812306726121,1,4,4,0,mixed
694,ELMO1-AS1,0.0026412430617813,2709,0.0036742475039092,2535,0.0455846406002997,89,-0.0168880020917576,1609,0.0036347447169684,2590,0.007729374758240201,0.02290270470562384,0.014484575594943238,4,1,4,0,mixed
1477,LOC101926948,-0.003722229190786,2608,0.0206622889242088,1065,-0.0115180722926657,1844,-0.0048659527022826,2524,-0.0313986269343775,545,-0.0061685184391805994,0.018659778491904762,0.014433434008864121,1,4,4,0,mixed
206,BMP3,-0.0134388276401972,1825,0.0055420747725604,2357,0.0328202481290479,373,0.0012587817862796,2818,0.0189969808333104,1296,0.00903585157620022,0.017626131965145408,0.0144113826322791,4,1,4,0,mixed
889,FSCN3,-0.0050185905533878,2500,0.028557354293679,536,0.0012346955631532,2813,0.0249580515964061,1042,0.0122110390261911,1824,0.01238850998520832,0.01455052510951864,0.01439594620656344,4,1,4,0,mixed
1604,MAL,-0.0201702841396748,1318,-0.0130432161809189,1697,-0.0070364940855483,2257,0.018562838756529,1492,-0.0130347589963976,1756,-0.00694438292920212,0.014998664549647843,0.014369518431813718,1,4,4,0,mixed
1717,MS4A14,-0.0253377387580664,941,-0.0018852145993461,2727,0.0065544267338618,2301,-0.0260447920358876,981,-0.0115941640322847,1883,-0.0116614965383446,0.014329330702253796,0.014283267231889319,1,4,4,0,mixed
1395,LINC01375,-0.0121601776193762,1944,-0.0119070037177116,1802,-0.0094647970020058,2034,-0.0231729150604,1147,0.0147057198141071,1612,-0.0083998347170773,0.013961421049037269,0.01428212264272014,1,4,4,0,mixed
2389,SNHG18,0.0074010053574653,2308,-0.020646334663808,1066,0.0135902185436582,1653,0.0212992115488235,1280,0.0082936509414378,2186,0.005987550345515359,0.015881808132696382,0.014246084211038559,4,1,4,0,mixed
680,EFNB2,0.0335614889231191,475,-0.0145842503060806,1554,-0.0211163384435104,1016,-0.0005591532568761,2875,-0.0013517504372902,2781,-0.0008100007041276393,0.021117723722586003,0.01423459627337528,1,4,4,0,mixed
2845,ZNF302,-0.0307602331594495,627,-0.0012727236945391,2790,-0.0043637057744599,2502,-0.0155461307783779,1704,0.0192274365259628,1272,-0.006543071376172721,0.01846734469328425,0.014234045986557841,1,4,4,0,mixed
100,ANKS1B,0.0213785814954879,1226,0.022993912158127,879,0.0119638446027435,1807,-0.0065844813019548,2371,0.0082438420458903,2189,0.011599139800058781,0.011911270145961723,0.014232932320840701,4,1,4,0,mixed
1712,MROH9,-0.0220535071642369,1169,-0.0184322372627921,1247,-0.0095499930358409,2028,0.0011045390149142,2827,-0.0198491531364224,1225,-0.013756070316875618,0.009570376815909625,0.0141978859228413,1,4,4,0,mixed
2596,TNC,-0.0140984312572263,1779,-0.0073362450635168,2188,-0.0079011616441913,2179,-0.0253433638316798,1017,0.0163026838892953,1488,-0.0076753035814637795,0.015235868680808624,0.0141963771371819,1,4,4,0,mixed
731,ERRFI1,0.0153740790216397,1674,0.0025981903126253,2655,0.0094756362468237,2032,0.0255353665547703,1000,-0.0179793100098585,1366,0.0070007924252001,0.01630303377871543,0.0141925164291435,4,1,4,0,mixed
920,GATA6,0.0052915020562114,2479,-0.0211171664591224,1027,-0.0243361519943718,799,-0.0180160291898003,1535,-0.0021060853442576,2721,-0.01205678618626814,0.012926382370025672,0.014173387008752699,1,4,4,0,mixed
1184,ITGB2-AS1,0.0172995334769994,1546,-0.0155632969762108,1472,0.0017565194283531,2767,0.0300810002078357,765,0.0061277829008388,2367,0.007940307807563239,0.017115411828109134,0.014165626598047562,4,1,4,0,mixed
1586,LUM,0.0239933534477556,1031,0.0175335096843439,1318,-0.0129273285265792,1706,0.0158792376374837,1679,0.000448380983366,2878,0.008985430645273998,0.014990682175961778,0.014156362055905678,4,1,4,0,mixed
765,FAM153B,-0.0016050479171905,2787,0.0157322919720525,1454,-0.0139257088873693,1616,-0.0012611950620882,2817,-0.0382265107690448,286,-0.007857234132728059,0.019988638366608046,0.01415015092154906,1,4,4,0,mixed
2900,ZNF791,0.0041252521101659,2580,-0.0256516598830321,705,0.0094031756661031,2047,0.0072720815286597,2306,0.0241840668053489,929,0.0038665832454490997,0.01821019631531943,0.01412724719866194,4,1,4,0,mixed
1300,LAG3,-0.010892779377966,2038,-0.0011248329458755,2798,-0.0336673743230708,355,-0.019102558123105,1453,0.0058338931288228,2387,-0.0117907303282389,0.015469691440537874,0.014124287579768021,1,4,4,0,mixed
2174,RNF157,0.0056718118981757,2453,0.0023960972070969,2673,-0.028814196795631,553,0.0003417794228788,2891,0.0330692128599976,470,0.0025329409185036005,0.021964627090404254,0.014058619636756,4,1,4,0,mixed
456,CHI3L2,0.0093823488485372,2149,0.0207187022823206,1059,-0.0159987140521164,1429,0.0034101124640555,2638,0.0207314602782734,1162,0.0076487819642140605,0.015183501984943839,0.01404826758506062,4,1,4,0,mixed
1851,NUDT18,-0.007546829223051,2295,0.0039018377711708,2515,-0.0060804534054587,2346,-0.0260474700553881,980,-0.0263421769490509,804,-0.01242301837235558,0.013321739171673615,0.0139837534808239,1,4,4,0,mixed
437,CEP70,0.0203141664378296,1310,-0.0026728584854624,2645,0.0168778742928717,1355,0.0155352457070833,1705,0.0145013208596729,1631,0.012911149762399021,0.008983532102022613,0.013980293156583978,4,1,4,0,mixed
385,CD300E,-0.0220911259011856,1167,-0.0187173950775329,1220,0.0080072631814091,2171,-0.0182076110582566,1521,-0.0028232720412093,2656,-0.01076642817935506,0.012868401925726875,0.013969333451918703,1,4,4,0,mixed
1930,PDGFRB,-0.001325877510573,2811,0.0199546113255033,1109,0.0044625653663294,2491,0.0247306718279085,1056,0.0193124443102176,1264,0.01342688306387716,0.011214161183672156,0.013957234068106361,4,1,4,0,mixed
579,CYP7B1,0.0061868567974951,2412,0.0343200836606876,317,0.003637312805486,2572,-0.0109970309820773,2030,0.0143848676276873,1638,0.009506417981855742,0.0166235869836534,0.013905230374686661,4,1,4,0,mixed
849,FLJ22447,0.0125045012799052,1917,0.0006789753823519,2844,0.0234892551371512,849,-0.0265167709574237,957,0.0063067569191201,2352,0.00329254355222094,0.018690096149807222,0.013899251935190421,4,1,4,0,mixed
2324,SLC16A7,-0.0041498053484281,2578,-0.0158079012047932,1449,0.0142707161188738,1588,-0.0209927449410956,1311,-0.0142193863150631,1660,-0.00817982433810124,0.013956204890690745,0.013888110785650762,1,4,4,0,mixed
669,EBLN1,0.0043678675402433,2555,0.0328856250225591,365,0.0036978912280015,2563,-0.0173987615371125,1578,0.0110692534135832,1929,0.006924375133454922,0.018025866267138115,0.01388387974829992,4,1,4,0,mixed
2134,REEP1,-0.0137502336142395,1803,-0.0220438920210254,956,-0.0272198197300773,628,0.0016171324586083,2797,-0.0046657950214828,2495,-0.01321252158564334,0.011910623549319498,0.01385937456908666,1,4,4,0,mixed
654,DTX3,0.0370532088003142,338,0.007792997998278,2152,-0.0097091962573243,2009,0.0050453418657285,2507,0.00950472200099,2074,0.00993741488159728,0.016955631323968063,0.013821093384527,4,1,4,0,mixed
1298,KY,-0.0021826511212996,2745,-0.0026052359096692,2652,-0.0153677062244406,1491,0.005282961865772,2481,-0.0434649137865161,147,-0.011667509035230702,0.019262477746720304,0.0137806937815395,1,4,4,0,mixed
1609,MAML2,0.0067736023267427,2366,0.0276681177033473,573,0.0009394655306644,2836,-0.0298510453732131,778,0.0033022594890012,2618,0.0017664799353085008,0.02060750222617681,0.01370689808459374,4,1,4,0,mixed
1731,MT1A,0.012764200779619,1895,0.0179259446463575,1286,-0.001013260466286,2828,0.0233844641506427,1128,0.0134116589339821,1716,0.01329460160886306,0.009059037049563706,0.01369990579537746,4,1,4,0,mixed
2841,ZNF266,0.004209453542573,2575,0.0133363527123882,1676,0.018698705939805,1207,0.0316512473335587,686,-0.0005327185522897,2867,0.013472608195207039,0.012646627964974143,0.01368569561612292,4,1,4,0,mixed
284,CA12,-0.0244096624403309,1000,0.0013007449284812,2787,-0.0044565541105125,2492,-0.0197577712710269,1402,-0.0182346785868754,1341,-0.0131115842960529,0.010962313252253827,0.01363188226744538,1,4,4,0,mixed
2884,ZNF600,-0.011509685184369,1994,-0.0317497999234088,407,-0.0187721550375109,1198,0.0056387801935556,2449,-0.0003127256990566,2892,-0.01134111713015794,0.014846762303667379,0.01359662920758018,1,4,4,0,mixed
2877,ZNF570,-0.0143008612262251,1764,-0.0082563219570745,2117,0.0088426810721692,2095,-0.0035672144817196,2627,-0.0328762564610889,480,-0.010031594610787781,0.015340170293160586,0.01356866703965546,1,4,4,0,mixed
905,GABRB1,0.0279304284286835,776,-0.0056884068145267,2343,-0.0214564447826293,993,-0.0096617261404162,2122,-0.0030208181845269,2636,-0.0023793934986831205,0.018350834820355433,0.013551564870156522,1,4,4,0,mixed
1350,LINC00402,-0.0133605099822934,1831,-0.0082381925864472,2120,-0.0268114212721359,647,0.0089868836080165,2163,-0.0101431899892688,2011,-0.009913286044425759,0.012820935358425515,0.01350803948763236,1,4,4,0,mixed
2041,PRKAG2,0.0155472530407099,1659,0.0089678286368176,2055,-0.0139870499528039,1611,0.0117931163127529,1981,0.0172390756558987,1412,0.00791204473867504,0.012659360726902458,0.0135068647197966,4,1,4,0,mixed
2294,SH3BP5,0.0188261844905936,1417,-0.0010677622211558,2804,-0.0033020626030439,2607,-0.0103804091787761,2067,-0.0338709690408604,435,-0.005959003710648519,0.018999445836901035,0.01348947750688596,1,4,4,0,mixed
992,GRK5,-0.0261270500701523,884,-0.0193877538906541,1157,0.0016447560225353,2780,-0.0064314265595609,2386,-0.013743986649707,1696,-0.012809092229507801,0.01085252466669218,0.01346699463852192,1,4,4,0,mixed
891,FST,0.0036718187915834,2612,0.0014877609718132,2769,0.0498483795289196,52,0.007426658744402,2295,-0.0046965011108293,2488,0.01154762338517778,0.021857670170714594,0.0134262238295095,4,1,4,0,mixed
2060,PRSS22,-0.0206105727657087,1281,-0.0004463297363312,2876,0.0021677836644768,2722,-0.0139799895080743,1814,-0.0293468303468522,665,-0.01244318773849792,0.013343595453956057,0.013310301204288642,1,4,4,0,mixed
1882,P2RY10,0.0136785662495293,1808,0.0223740652940195,933,-0.0029713584427354,2643,0.0004398152837825,2883,0.026785022812681,780,0.012061222239455383,0.013103400497876972,0.01324976561654954,4,1,4,0,mixed
2704,UBE2J1,-0.0161295350245114,1622,-0.0069799740516326,2216,0.0268788356951661,644,-0.0114202101150895,2004,-0.0046768739897448,2493,-0.0024655514971624404,0.01697979221500578,0.013217085775228881,1,4,4,0,mixed
482,CLIP4,0.0023696464609011,2728,0.0285395472027435,538,0.0018541951898568,2754,-0.0132124964233107,1879,0.0200574816435412,1207,0.00792167481474638,0.016482316212788697,0.013206673384070661,4,1,4,0,mixed
2880,ZNF583,0.0078005211093827,2274,0.024687211843711,769,0.0052449485545745,2416,-0.0113353938400738,2011,0.0167807447685862,1439,0.00863560648723612,0.013555737669160302,0.01316976402326564,4,1,4,0,mixed
1071,HOOK1,-0.0077494967795198,2281,-0.0010095646628536,2811,-0.0109839887813011,1895,0.0269910579150145,926,-0.0190843651801465,1285,-0.0023672714977613003,0.01765242377601663,0.0131636946637671,1,4,4,0,mixed
227,C12orf40,-0.0235831459282661,1062,0.0071325557237197,2203,0.0039504656631047,2537,0.0080870860357093,2239,0.0228762856065301,1006,0.0036926494201595405,0.016905556830379084,0.013125907791465979,4,1,4,0,mixed
1921,PDCD1,-0.0012721074388005,2815,-0.0208853876207779,1046,-0.0034250478618845,2595,0.0306510447285716,736,-0.0093245394183575,2089,-0.0008512075222497594,0.019185668045118474,0.013111625413678399,1,4,4,0,mixed
1782,NDST2,0.0018223603213473,2773,0.0127738855970163,1714,-0.033807351570019,350,0.0047708230288972,2536,0.012376339531066,1808,-0.0004127886183384388,0.01926468745470246,0.01311015200966916,4,1,4,0,mixed
2862,ZNF470,0.016136058021233,1621,-0.0111985697868885,1867,0.0208170625261448,1045,0.0015011997646327,2803,0.0155502140744859,1538,0.008561192919921579,0.013197756091367651,0.01304062083467698,4,1,4,0,mixed
2422,SPEF2,0.0213181842694945,1233,-0.0059641258276279,2309,0.0133164537290876,1669,0.0163576979449122,1653,0.0082343161998159,2190,0.01065250526313646,0.010432672485808914,0.01303815559418762,4,1,4,0,mixed
1902,PBX4,-0.0082298094079191,2247,0.0140812384707165,1600,0.0249770755273333,762,0.0085687876106288,2196,0.0092384278033224,2100,0.00972714400081638,0.01199532574576601,0.013019067763984019,4,1,4,0,mixed
2343,SLC39A12,-0.0024957242992345,2721,-0.0010405685006701,2808,-0.0031586477695053,2623,0.0419685836977537,252,-0.0163914352525592,1481,0.0037764415751569205,0.022226235008968042,0.013010991903944558,1,4,4,0,mixed
2763,WNK2,0.0209601024205758,1257,0.0172481404397273,1348,0.0009698033616175,2832,-0.0216576469285762,1256,0.003844406401317,2576,0.0042729611389322785,0.016810018644078106,0.012936019910362759,4,1,4,0,mixed
1642,MECOM,-0.004327400207512,2562,0.0097863683718273,1994,0.0300374867443608,482,0.01635947895896,1652,0.0040410284528677,2561,0.01117939246410076,0.01299825365016686,0.01291035254710556,4,1,4,0,mixed
1334,LILRB1,0.0216074826794343,1205,0.0111054695737047,1874,0.0261125064237866,683,0.0056105577007099,2454,-0.0001027490056763,2907,0.012866653474391837,0.010906566953533032,0.01290775307666236,4,1,4,0,mixed
1634,MCC,0.0008744117865245,2851,0.0035426421082017,2547,0.0241093496022143,810,0.0200018515042561,1381,-0.0157742776621412,1521,0.006550795467811081,0.016038336419156567,0.01286050653266756,4,1,4,0,mixed
1043,HHIP,0.0217431149171002,1191,-0.0164127638678607,1402,-0.003404541467553,2599,-0.0221816902048264,1222,-0.0001062052300725,2905,-0.00407241717064248,0.017050282391501134,0.012769663137482559,1,4,4,0,mixed
2903,ZNF805,-0.0010606781256955,2836,-0.0077037443400493,2161,-0.0110228273208775,1893,-0.0338827852425042,576,0.0101302629927674,2012,-0.00870795440727182,0.01622882043915795,0.012760059604378782,1,4,4,0,mixed
622,DLGAP1-AS1,0.0184808642583258,1444,0.0125045153792044,1740,-0.0032726488451045,2610,0.0066265649234171,2363,0.0227757416872047,1011,0.0114230074806095,0.010232738534271021,0.012732067018651302,4,1,4,0,mixed
2237,SDCBP2,0.0045886067400869,2539,-0.0090678202207561,2049,-0.005559849117072,2388,-0.030715797848634,733,-0.0136246124168732,1700,-0.01087589457264968,0.012960106913013303,0.012711337268684439,1,4,4,0,mixed
372,CD1C,0.0120408687860825,1956,-0.0001717432147002,2898,0.0209759926409729,1034,0.0133936542414884,1868,0.0169026730777857,1429,0.01262828910632586,0.007948682068115135,0.012696986392205938,4,1,4,0,mixed
1121,IGFBP3,0.0289456703068833,717,-0.0059656581220527,2308,0.0026633777934808,2670,0.0171037337744105,1601,0.0086685338600849,2146,0.01028313152256136,0.01341176448470408,0.012669394771382441,4,1,4,0,mixed
1171,IRF4,0.0040125497860767,2592,0.023724053130034,836,0.0059177446213031,2360,-0.0020449933440424,2757,0.0276421164760975,735,0.011850294133893779,0.013039096976609555,0.01266829147151074,4,1,4,0,mixed
588,DDHD1,-0.0152725222820094,1685,0.0033620459568837,2568,0.0249686086927118,765,0.0168319604182982,1614,0.0024675631487973,2686,0.006471531186936321,0.015394681628889307,0.012580540099740078,4,1,4,0,mixed
2022,PPP1R26,-0.0040912581876266,2585,-0.0306068638138069,457,-0.0031921040937765,2619,0.0103046037317314,2071,-0.0146200837791065,1620,-0.00844114122851702,0.01522641960703094,0.012562982721209582,1,4,4,0,mixed
1892,PAPPA,0.0263731527615889,866,-0.001421469301962,2778,-0.0028057457503511,2655,-0.0197071444061713,1403,-0.012462885530282,1804,-0.0020048184454355,0.017528794469165207,0.012554079550071059,1,4,4,0,mixed
1231,KIAA0319,0.0122031619781365,1943,-0.0084346089523259,2099,0.0127102602929494,1727,0.0087456648963919,2183,0.0205174657340077,1174,0.009148388789831919,0.010730779031999128,0.012522232370762281,4,1,4,0,mixed
2017,PPM1L,0.0237548409064179,1047,-0.0135827326271795,1651,0.0053365293987668,2407,0.0036045064103674,2626,0.0161466276631932,1496,0.00705195435031316,0.014162603827476836,0.012485047401184961,4,1,4,0,mixed
1214,KCNH4,0.0048608307943042,2516,0.005130752855785,2393,0.0036802524674916,2566,0.0332028365843147,609,-0.0155377317315777,1539,0.00626738819406356,0.017399319310207415,0.01248248088669464,4,1,4,0,mixed
2392,SNORA118,-0.0118324876107551,1969,-0.0153613258329417,1496,0.0135988541870975,1652,-0.0051211285899266,2502,-0.0162555303818496,1490,-0.006994323645675099,0.01231637466276059,0.012433865320514098,1,4,4,0,mixed
578,CYP4V2,-0.033372960306942,488,0.0237306079265469,835,0.0001523210483362,2903,0.0034544071025096,2636,0.0013502697567418,2783,-0.0009370708945615003,0.020532200816355827,0.0124121132282153,4,1,4,0,mixed
1062,HLA-DQB1,-0.0271577902118966,824,-0.0064885501215407,2257,-0.0177854941844465,1288,-0.0088825526969752,2171,0.0014874642639585,2771,-0.0117653845901801,0.011010921564916478,0.012360370295763501,1,4,4,0,mixed
1727,MSX2P1,-0.0182147074873631,1466,-0.016229182254192,1414,-0.0114716622472075,1848,-0.0139624357108105,1818,0.0016878255819833,2756,-0.01163803242351796,0.00786352867552832,0.01231316265631128,1,4,4,0,mixed
641,DOK6,0.0307938480742423,624,0.0086650284452828,2077,0.0029303617372832,2648,0.018301094954656,1508,-0.0008185881774572,2832,0.011974349006801421,0.012753487851844558,0.0123017842777843,4,1,4,0,mixed
524,CPEB4,0.0145294422243371,1745,0.0126180421692893,1725,0.0106271298453697,1925,0.0024772520619887,2714,-0.0211879722325977,1131,0.003812778813677419,0.014710847205246898,0.012287967706716498,4,1,4,0,mixed
689,ELANE,-0.0437097533140292,162,-0.0042857041873931,2466,-0.0026476798156872,2673,0.0008348970959248,2855,-0.0098665959927829,2034,-0.01193496724279352,0.01817793688633514,0.01226892608116344,1,4,4,0,mixed
2869,ZNF540,0.0052314907334145,2484,-0.0125634080247608,1731,-0.0075535900062326,2213,-0.0115838332056332,1992,-0.0241340305747752,933,-0.01012067421559746,0.010568358778702363,0.01221327050896326,1,4,4,0,mixed
1491,LOC101928075,-0.0137930208416138,1798,-0.001538808891875,2763,-0.0003930223660843,2880,0.0247717859678425,1050,-0.0205593085840937,1170,-0.0023024749431648597,0.0173391855236645,0.012211189330301861,1,4,4,0,mixed
1314,LCMT1-AS2,0.0012373156004209,2821,0.0290881550667342,518,0.0164322477642777,1394,-0.0026481653557385,2696,0.0115429418418634,1886,0.011130498983511539,0.01263410789959313,0.01218976512580694,4,1,4,0,mixed
398,CD79A,0.0325266878939975,540,0.0037131879983548,2528,-0.0196009951597873,1138,0.002616816231729,2702,0.0021622896874092,2717,0.00428359733034064,0.01854554795064751,0.012123995394255559,4,1,4,0,mixed
592,DDX11L16,0.0022695143700444,2738,0.018640968415709,1227,-0.0010535512153812,2826,0.0109754963996514,2032,0.0275264043918246,744,0.01167176647236964,0.011734139999890182,0.01209318695852212,4,1,4,0,mixed
144,ARNTL,-0.0060334052097306,2428,-0.0036859362992117,2532,-0.0087109625782906,2104,0.0328055161896075,627,-0.0089918694878628,2115,0.0010766685229023608,0.017868467391464665,0.01204553795294064,1,4,4,0,mixed
871,FOXA1,-0.0078344491252307,2270,-0.0194355196589678,1151,-0.0174489874496902,1319,0.0026374728785262,2698,-0.0125403167192426,1794,-0.01092436001492102,0.008818911192081039,0.0119793491663315,1,4,4,0,mixed
2575,TMEM169,0.0140381164223882,1782,0.0055109351398715,2358,-0.0024531843471401,2694,0.0168727586333597,1610,0.0209404964067311,1149,0.01098182445104208,0.009402782361325995,0.01196309818989812,4,1,4,0,mixed
1808,NIPAL4,-0.0222246337224582,1156,-0.017776344151954,1297,0.0019997292973097,2741,-0.0057960534600673,2435,-0.0118782879644287,1852,-0.0111351180003197,0.009600330320375506,0.01193500971924358,1,4,4,0,mixed
842,FGFBP2,-0.003573226717561,2624,0.0246466667315149,771,0.0190244909565299,1180,0.0119101232646451,1969,0.0003965557685964,2882,0.010480922000745059,0.011988713953471838,0.01191021268776946,4,1,4,0,mixed
823,FCMR,-0.017570660917331,1517,-0.0104786899336007,1932,-0.0225563003189939,907,0.0021553381616209,2745,-0.0067536537146151,2309,-0.011040793344583962,0.009592698845682564,0.011902928609232321,1,4,4,0,mixed
23,ACSL6,0.0263679508135359,867,0.0101802281825072,1959,0.0067798807997529,2281,0.0146741527345341,1773,-0.0013221959912291,2787,0.0113360033078202,0.010239955631653449,0.011864881704311839,4,1,4,0,mixed
2672,TSPAN18,-0.0134741230968641,1823,0.003103068548009,2592,-0.013628575445079,1648,-0.0247972622919146,1048,-0.0042765604347829,2531,-0.01061469054412632,0.010568278075138781,0.01185591796332992,1,4,4,0,mixed
1405,LINC01586,-0.0017798798114842,2776,0.0067636614280429,2236,0.0005123810020505,2872,0.0385648434510215,367,0.0115452887115275,1885,0.01112125895623164,0.016211928172832298,0.01183321088082532,4,1,4,0,mixed
1726,MSS51,0.0086698573136057,2211,-0.004551443610833,2441,-0.0123376117037847,1757,-0.0246089305643994,1064,-0.0089673812049886,2118,-0.00835910195408,0.012090690521427357,0.01182704487952228,1,4,4,0,mixed
257,C2orf15,0.0020879515527595,2751,0.0092836737514469,2033,-0.0078138178356106,2186,0.0361814794620523,472,0.0036416849191269,2589,0.008676194369954999,0.016564883568599236,0.01180172150419924,4,1,4,0,mixed
1137,IL17RB,0.0128037200648783,1885,0.0059928603088962,2304,-0.025447323334421,729,0.0055867356416005,2457,0.0091740329330974,2105,0.0016220051228102808,0.015408081316007918,0.01180093445657868,4,1,4,0,mixed
785,FAM26F,0.0023106849436953,2732,-0.0118270067538837,1808,-0.0083636341545556,2137,-0.0055520008418188,2465,-0.0307833982335538,573,-0.010843071008023319,0.012305985389888741,0.01176734498550144,1,4,4,0,mixed
1649,METTL18,0.0217811694236339,1186,-0.0098089921991194,1990,0.0077355847523424,2194,0.0119343481623543,1965,0.0071171417891127,2278,0.00775185038566478,0.011435704964955917,0.01167544726531254,4,1,4,0,mixed
277,C7orf71,-0.0024048667215712,2726,0.0295388552140781,499,-0.0143048548687505,1585,-0.0108155772769105,2042,-0.0010654890318207,2810,0.0001896134630050398,0.017326918627570465,0.0116259286226262,1,4,4,0,mixed
1568,LRP1,0.0035532777665349,2628,-0.0089121170994267,2060,-0.0040391845252361,2522,-0.0253840626893775,1014,-0.0160906344158618,1500,-0.01017454419267344,0.01111326946254781,0.011595855299287399,1,4,4,0,mixed
365,CCSER1,0.0356009620922056,395,0.0044929910707722,2448,0.002060710593978,2732,-0.014442504439687,1786,0.0006717893650898,2857,0.00567678973647172,0.018301431130417815,0.01145379151234652,4,1,4,0,mixed
1373,LINC00909,-0.0068866393854701,2356,0.0048938005726844,2411,-0.0045017190852296,2485,-0.0340870954237709,567,-0.006720741747278,2311,-0.009460479013812839,0.01458797183471658,0.0114179992428866,1,4,4,0,mixed
1471,LOC100507387,0.0134250102399994,1827,-0.0063085341898636,2275,-0.0032713271810918,2611,-0.0246111966850883,1063,-0.0094389739244991,2077,-0.006041004348108681,0.01362962443030486,0.01141100844410844,1,4,4,0,mixed
346,CCL1,0.0023420584043764,2730,0.0120555429367342,1785,0.0071700788408736,2249,0.0282997847179682,854,-0.0071550906024367,2275,0.00854247485950314,0.013128548440702648,0.01140451110047782,4,1,4,0,mixed
1714,MRVI1,-0.0108729321020398,2042,-0.0003830488757668,2879,0.0196320720629333,1137,-0.0118850775963207,1972,-0.0139715786584595,1680,-0.0034961130339306997,0.013956465171838683,0.011348941859104022,1,4,4,0,mixed
2461,STXBP5,-0.0017804077896281,2775,-0.0062892183740626,2278,-0.0217925540117929,959,0.0121802715380471,1950,-0.0146907844930267,1613,-0.00647453862609264,0.012963597510608426,0.01134664724131148,1,4,4,0,mixed
2104,RAPGEF5,0.0387891220085091,277,0.0039275360007197,2511,0.0112482751226513,1875,0.0016833862487812,2793,-0.0007652470437589,2840,0.010976614467380479,0.0161828171599991,0.01128271328488404,4,1,4,0,mixed
485,CLOCK,-0.0339302491188209,461,0.0135862252742186,1650,-0.0012376197865678,2811,-0.0070588034857965,2326,-0.0005261116783157,2868,-0.00583331175905646,0.017445234986670343,0.0112678018687439,1,4,4,0,mixed
667,EBF1,0.0053973289937201,2468,-0.0089173343637227,2059,-0.0188258196535825,1195,-0.0050447706156433,2508,-0.0179404098170259,1369,-0.00906620109125086,0.009992365859524966,0.011225132688738901,1,4,4,0,mixed
897,FXYD2,-0.0305069013108574,634,-0.0077158081463775,2159,-0.0055524593571248,2391,-0.001010276335537,2840,0.0111767014588006,1915,-0.006721748738219219,0.015174520677184207,0.011192429321739458,1,4,4,0,mixed
1248,KIF3A,-0.0144294042187635,1754,-0.0173625234750571,1336,-0.0039514645573999,2536,-0.0109271865663599,2036,0.0091750577783435,2104,-0.007499104207847379,0.010579239948715275,0.01116912731918478,1,4,4,0,mixed
1620,MAP3K9,-0.0169466948568321,1571,0.0159978194547034,1432,-0.0003910473382691,2881,-0.0115223911865267,1998,-0.010763208020274,1957,-0.0047251043894397,0.013040827235878872,0.011124232171321061,1,4,4,0,mixed
1722,MSANTD2,-0.0110356858853793,2030,-0.0139577220498105,1611,-0.0199202314525187,1118,-0.0049452441041547,2519,0.0057243269114534,2394,-0.008826911316081959,0.0097605267510446,0.01111664208066332,1,4,4,0,mixed
907,GABRB3,-0.0160388011741397,1631,0.0183149608207335,1262,-0.0096305053026624,2021,-0.0001752078334291,2900,-0.0108415735110333,1950,-0.0036742254001062,0.01356003611609592,0.0110002097283996,1,4,4,0,mixed
21,ACKR4,-0.0168466702288045,1577,0.0198897242813362,1113,0.0034163903065361,2598,0.0084072064368435,2210,0.0064222757960139,2341,0.004257785318385039,0.013345094790753166,0.01099645340990684,4,1,4,0,mixed
422,CEACAM21,-0.0108355569183045,2045,-0.0115402868819046,1833,-0.0047397301774266,2464,0.0214480523030614,1270,-0.006328529065114,2348,-0.0023992101479376597,0.013641304357119771,0.01097843106916222,1,4,4,0,mixed
864,FMO3,0.0111654549107234,2019,0.0110477207810734,1881,0.006017977774731,2351,-0.0192867466629242,1434,0.0071567436599392,2273,0.0032202300927085606,0.012789485346575554,0.01093492875787824,4,1,4,0,mixed
1758,MYO6,-0.0030709787536832,2673,-0.0070373352378129,2212,-0.0174338796607426,1320,-0.0092334884185621,2152,0.0174188501140479,1397,-0.00387136639135058,0.013006069898043607,0.010838906436969739,1,4,4,0,mixed
2607,TNFRSF25,0.0230127487615034,1100,0.0051350082813528,2391,-0.0041391199885841,2516,0.0198532018446076,1394,0.0019751349197098,2730,0.0091673947637179,0.011735974368944729,0.01082304275915154,4,1,4,0,mixed
1828,NR1D2,0.0128992946616132,1874,0.0032533533114513,2576,-0.006759030236643,2284,0.0149225086231818,1753,0.015994212901002,1507,0.00806206785212106,0.009697577274074732,0.010765679946778258,4,1,4,0,mixed
714,EPHA4,0.0262305294946463,875,0.0011087095877404,2800,0.0121099790619871,1786,0.001173524423305,2825,-0.0130506465138264,1753,0.005514419210770479,0.014625097822250566,0.010734677816301039,4,1,4,0,mixed
1087,HSD17B3,0.0147691842151789,1722,0.002396177468338,2672,0.004145864691599,2514,0.0002080485910241,2899,-0.0320680650943202,516,-0.0021097580256360395,0.01765791148011858,0.01071746801209204,4,1,4,0,mixed
1934,PDPK1,0.025245228145469,946,-0.0029017936752962,2616,-0.0039581331040645,2535,-0.0139741133386222,1817,-0.0073753664655912,2259,-0.0005928356876210199,0.015077494583485191,0.01069092694580862,1,4,4,0,mixed
403,CD8B2,-0.0184476121135036,1447,0.0127737980313476,1715,0.0118621059896101,1817,0.0078723575606784,2251,0.0024348670398642,2687,0.0032991033015993395,0.012822597683743314,0.01067814814700078,4,1,4,0,mixed
2500,TBC1D3P1-DHX40P1,-0.0184495138732513,1446,-0.0222264457607402,943,-0.0025513213256605,2680,0.0051713197973611,2498,-0.0049792309946828,2456,-0.00860703843139474,0.011424080168318222,0.01067556635033918,1,4,4,0,mixed
2542,TGFBI,0.004726078825456,2527,0.0023332756496381,2679,0.0069103915823848,2266,0.0098837155478325,2112,-0.0294882681689859,654,-0.0011269613127349004,0.016096809402626963,0.01066834595485946,4,1,4,0,mixed
38,ADGB,0.0105965792832285,2065,-0.0086686973027952,2076,0.0306433962896716,457,0.0023584247437564,2720,0.0006145537939668,2861,0.00710885136156562,0.014829974265255568,0.0105763302826837,4,1,4,0,mixed
1416,LINC01835,-0.0127442215467235,1896,0.0054198586006207,2367,0.0243145193240475,801,0.002008039067536,2761,0.0076805559936362,2233,0.005335750287823381,0.013263275478179102,0.01043343890651278,4,1,4,0,mixed
1508,LOC102723604,-0.0028604862417396,2686,-0.0225392490124725,921,0.0027384768982199,2664,-0.000716480168411,2863,-0.0229186897232852,1004,-0.00925928564953768,0.012458001565989437,0.01035467640882564,1,4,4,0,mixed
12,ABHD11-AS1,-0.0147407286300833,1728,-0.0064835241480787,2258,-0.0151897114704215,1506,-0.0087622797721515,2182,0.0065823736164838,2325,-0.007718774080850241,0.008835444572226426,0.010351723527443759,1,4,4,0,mixed
1738,MTERF4,0.0042634839228701,2569,0.0138430708121575,1621,-0.0188396672225826,1194,0.0077228249898407,2266,0.0065945832315111,2323,0.0027168591467593597,0.012559507369250369,0.0102527260357924,4,1,4,0,mixed
2561,TLE2,0.0001455862376208,2905,0.0232690399989041,862,-0.0019886861425512,2742,0.0221036319721582,1229,0.0034941542969037,2604,0.00940474527260712,0.012287776271510783,0.010200219729627601,4,1,4,0,mixed
833,FERMT2,0.0088438987168812,2195,-0.0019446466435148,2722,0.0057070689908886,2373,0.0271916877113349,915,0.0070203388619724,2291,0.009363669527512459,0.010780170856423181,0.01014152818491838,4,1,4,0,mixed
1131,IKZF2,-0.0141767047462636,1773,-0.0039358972487705,2510,0.0147859209645738,1539,-0.013507941241221,1856,-0.0041000517405463,2551,-0.00418693480244552,0.011690984657397591,0.01010130318827504,1,4,4,0,mixed
1320,LEF1,0.0127701238370646,1893,-0.0018194329717713,2731,0.0114384958128977,1853,0.0018343020995912,2772,0.0225048875093661,1031,0.00934567525742966,0.009622265605478972,0.010073448446138179,4,1,4,0,mixed
240,C17orf47,-0.0010210271856834,2839,0.0112065331740813,1866,0.0007837636246828,2851,0.0096672465729853,2121,0.0274731718990241,746,0.00962193761701802,0.011319955616988484,0.01003034849129138,4,1,4,0,mixed
260,C2orf66,-0.0068027083780188,2365,0.0122803023352512,1763,0.016997838169952,1345,0.0071261810082264,2317,0.0060111691343482,2375,0.0071225564539518,0.008934088189324573,0.00984363980515932,4,1,4,0,mixed
2859,ZNF441,0.0066500393568277,2377,0.0045178799840172,2445,-0.0169117812945036,1354,0.0143982058910551,1789,0.0065350612059377,2330,0.0030378810286668203,0.011774064311818575,0.00980259354646826,4,1,4,0,mixed
2798,ZC2HC1C,0.0011933123623883,2825,0.0185982397971793,1232,0.0035544506360998,2581,-0.0124524063911459,1930,0.0129386733800523,1763,0.00476645395691476,0.011925067236928544,0.00974741651337312,4,1,4,0,mixed
2456,STEAP4,-0.000401282297978,2883,-0.0137212224401727,1633,0.0074073443421237,2227,-0.0234248769606911,1125,-0.0027768557270679,2658,-0.0065833786167572,0.012073039605177605,0.00954631635360668,1,4,4,0,mixed
1228,KDM7A,0.0042188491769979,2573,-0.0069899411365929,2214,0.0009066991516102,2839,0.0037617273301101,2608,0.0309919069501804,567,0.00657784829446114,0.014368268135137502,0.0093738247490983,4,1,4,0,mixed
1384,LINC01037,0.0196263827719751,1349,-0.0028757865225654,2619,-0.0156238849532009,1470,-0.0062648826244408,2397,-0.0022785482301586,2703,-0.0014833439116781195,0.012951928624725391,0.00933389702046816,1,4,4,0,mixed
2467,SUSD4,0.0125959733553904,1909,-0.0097474786214208,1999,0.0134376278412859,1662,0.0018125549694269,2777,0.008924297372894,2121,0.005404594983515279,0.009632262593538273,0.009303586432083599,4,1,4,0,mixed
1486,LOC101927692,0.0247858479518031,973,0.0030631501500108,2598,0.0069009994021716,2270,0.0006175166146048,2869,-0.0110571120543513,1930,0.004862080412847801,0.012997950456966173,0.009284925234588322,4,1,4,0,mixed
1021,HBG2,-0.0073115211502239,2315,0.0058965917402174,2316,0.0049497471850455,2447,0.0040277667299304,2584,0.0235602628104288,968,0.00622456946307964,0.011071480212696586,0.009149177923169199,4,1,4,0,mixed
2388,SNCA,-0.0033102817127085,2650,0.0001040603966687,2906,0.0232219348123234,863,0.0100150917307124,2095,0.0089885082471133,2116,0.00780386269482186,0.010329823668585668,0.00912797537990526,4,1,4,0,mixed
2002,PNMA3,0.007294658642734,2317,-0.02143383089611,1004,-0.0017570570590792,2766,-0.0002446183163658,2894,-0.0143247234246068,1646,-0.00609311421068556,0.011568661725711861,0.00901097766777916,1,4,4,0,mixed
2113,RASGRF2,0.0011816274725406,2827,-0.0164684010604887,1398,-0.0064090669438472,2315,-0.0189524828427442,1463,-0.0018699900505233,2735,-0.008503662685012561,0.008871480843901953,0.008976313674028801,1,4,4,0,mixed
1504,LOC102467081,0.0196615626781459,1347,-0.0154808176250266,1485,-0.002519551207466,2684,-0.004109667197431,2577,-0.0030112736862742,2638,-0.00109194940761038,0.012772786165481104,0.00895657447886874,1,4,4,0,mixed
1044,HHIP-AS1,0.0042394204278495,2572,0.0106913684599497,1910,0.0124614074053563,1745,-0.0022304702155673,2734,0.0150530532720888,1582,0.0080429558699354,0.0069944341121883895,0.008935143956162319,4,1,4,0,mixed
137,ARID5B,0.0105978297971936,2064,-0.0214702366043983,1001,0.003753049282618,2558,0.0048030993251877,2533,0.0036731297929161,2588,0.00027137431870342027,0.012485630347281795,0.00885946896046274,4,1,4,0,mixed
2319,SLC13A3,-0.0246372276450972,986,0.0003756414263779,2883,-0.0046839454290578,2467,-0.0127562994631948,1903,-0.0014581718916842,2773,-0.00863200060053122,0.010263597160870178,0.00878225717108238,1,4,4,0,mixed
2513,TCF7,0.0015273817268643,2794,0.0016558438049094,2751,-0.0021314129236785,2724,0.0254190150144005,1006,0.0128806909669606,1769,0.00787030371789126,0.011313131261132273,0.00872286888736266,4,1,4,0,mixed
781,FAM221B,0.0031972097573832,2662,0.0226981092481416,910,0.010375969869051,1949,-0.0029794334807185,2668,0.0038183862311365,2580,0.00742204832499876,0.009761021398652479,0.008613821717286158,4,1,4,0,mixed
1656,MIAT,-0.0004809966536309,2881,0.0094393658142539,2018,-0.0146917140387594,1549,-0.0122595586351898,1944,-0.0060174955831843,2373,-0.0048020798193021,0.009700343089568358,0.00857782614500366,1,4,4,0,mixed
2153,RGS9,0.0222745849185523,1150,0.0083986577409759,2102,-0.0050572752097228,2438,0.0066591496064433,2362,4.521352563107567e-05,2913,0.006464066116375955,0.010340408377455701,0.008486976200265076,4,1,4,0,mixed
1765,NAIF1,-0.0178988945674426,1488,0.0021245009234889,2697,-0.0058881243418862,2363,-0.002086564319011,2752,-0.0142965724524216,1655,-0.007609130951454499,0.008348732007596121,0.008458931320850061,1,4,4,0,mixed
143,ARMT1,0.0003491509203762,2888,0.0090600653553813,2051,0.0086733747487364,2108,-0.0071297609263737,2316,0.0166166915745875,1453,0.00551390433454154,0.009115458639597224,0.00836580870509102,4,1,4,0,mixed
1927,PDGFB,0.0035612786816129,2625,0.0034947911781568,2549,0.0087081675792616,2105,0.0130333895477148,1889,-0.0129156180455054,1765,0.00317640178824814,0.009835690682578831,0.0083426490064503,4,1,4,0,mixed
457,CHIC1,-0.0057350120230611,2447,0.0061596989076405,2287,-0.0058626970677287,2365,-0.007069628924774,2325,-0.0168476413575735,1433,-0.005871056093099359,0.008165164490860308,0.008334935656155559,1,4,4,0,mixed
2806,ZDHHC11B,-0.0089268921041882,2184,0.008538010334033,2091,-6.90417826787245e-05,2911,-0.0036479614625014,2618,-0.0201490183321679,1203,-0.0048509806695006446,0.010656245647203993,0.008266184803113846,1,4,4,0,mixed
2364,SLC9A2,0.0085644576306683,2216,0.0036796333384622,2534,-0.0123654372343249,1754,0.0059657700338224,2424,0.0101162012822034,2013,0.0031921250101662802,0.009038436038454403,0.00813829990389624,4,1,4,0,mixed
755,FABP3,0.0106359975514958,2060,0.0127429340250601,1716,0.0064147035027404,2314,0.0058083441225152,2433,-0.0040513625549878,2557,0.006310123329364739,0.006475286679929264,0.00793066835135986,4,1,4,0,mixed
1200,JAZF1,0.0054384799659858,2466,-0.0209639193068948,1039,0.0038165653798889,2550,0.0089163726245937,2168,0.0002302081238134,2899,-0.0005124586425225996,0.011851906762255442,0.00787310908023532,4,1,4,0,mixed
2680,TTBK2,-0.0031140520700173,2669,-0.0030480630288638,2601,-0.0110229786899562,1892,0.0111566336761319,2023,-0.0106613733412366,1968,-0.0033379666907884,0.008984977964392852,0.007800620161241159,1,4,4,0,mixed
2276,SFI1,0.0015898122854622,2788,-0.0096754178072437,2001,-0.0127439944248239,1725,-0.0046640411524141,2544,-0.0099455809041139,2028,-0.0070878444006266805,0.005657534244304008,0.00772376931481156,1,4,4,0,mixed
554,CTSL,-0.0161971285531355,1616,0.0048251513062628,2418,0.0021234968779916,2725,0.012736390802893,1904,0.0018600814040423,2736,0.00106959836761084,0.010607705308638497,0.00754844978886504,4,1,4,0,mixed
1469,LOC100506682,0.0092716633725829,2161,0.003834610043822,2522,0.0147178553746323,1547,0.0083367609064749,2217,-0.0013817041341858,2777,0.00695583711266526,0.006057548632651788,0.007508518766339579,4,1,4,0,mixed
2126,RBP7,-0.0036152035673514,2617,-0.0099040147485416,1979,-0.0147450362365482,1544,-0.0065735469651177,2372,0.0015558840189387,2766,-0.00665638349972404,0.006177992936541851,0.0072787371072995195,1,4,4,0,mixed
80,AMZ1,-0.0051230717515667,2494,-0.0019795352349657,2717,-0.004587476769327,2473,-0.0193400233772604,1431,0.0049775238607867,2457,-0.00521051665446662,0.008863890173233701,0.007201526198781299,1,4,4,0,mixed
2528,TDRP,0.0010586709906227,2837,-0.0092309984260001,2037,0.001712239310547,2777,0.0133360158377051,1871,0.010489899180178,1985,0.00347316537861054,0.008899954974067434,0.00716556474901058,4,1,4,0,mixed
2457,STK17A,-0.0126901380323099,1899,0.0098343659825842,1986,0.0083914195122584,2135,0.0033519319640175,2642,0.0011211525491274,2803,0.00200174639513552,0.00895304091868826,0.007077801608059481,4,1,4,0,mixed
1676,MIR4766,-0.0175581479070644,1519,0.0075749079736339,2172,0.0063350353930043,2324,0.0021314445265863,2746,0.0013447026285809,2785,-3.441147705179983e-05,0.01015068744404107,0.00698884768577396,4,1,4,0,mixed
2639,TRAT1,-0.0031587408228305,2664,0.0045686180513049,2439,-0.0001801199973936,2900,-0.0022595975408812,2731,-0.024476243399702,907,-0.00510121674190048,0.011235686099065882,0.00692866396242244,1,4,4,0,mixed
466,CILP,0.0017446399872164,2777,0.0298359121458275,486,0.0002678450267507,2891,-0.0017777048139727,2781,0.000678875268882,2855,0.00614991352294078,0.013302359636122441,0.006860995448529861,4,1,4,0,mixed
2148,RGS1,-0.001922822111601,2764,0.0118213548158962,1809,-0.0072996161256915,2237,-0.0008084445098073,2858,-0.0116213140647498,1881,-0.00196616839919068,0.008847393717724705,0.006694710325549161,1,4,4,0,mixed
1411,LINC01679,-0.011336173936908,2005,-0.0048693613133672,2413,0.0094363279301898,2040,-0.0048439852238909,2526,-0.0020262055345789,2724,-0.0027278796157110398,0.007609646339722398,0.006502410787786959,1,4,4,0,mixed
2244,SEC24A,0.0072255696310802,2326,-0.0017563064862213,2740,-0.0118282364670922,1821,-0.0040215831654317,2586,-0.0073925856404474,2258,-0.00355462842562248,0.007121221529260223,0.006444856278054559,1,4,4,0,mixed
2641,TREM2,-0.0009981751678165,2843,0.0159821335630912,1435,0.0066526681471545,2291,0.0062449135440801,2399,0.0023158315591603,2699,0.00603947432913392,0.006377082218624667,0.006438744396260521,4,1,4,0,mixed
1381,LINC01004,0.0005985440416845,2871,0.0066630765486316,2247,3.794854152972503e-05,2914,-0.0197599616882285,1401,0.0043825485873789,2523,-0.0016155687938007555,0.010504389434398905,0.0062884158814906456,4,1,4,0,mixed
1545,LOC284798,0.0013002917416717,2814,-0.011671586137678,1825,0.002515579702875,2685,0.0106522791270271,2055,0.0040144917300972,2567,0.0013622112327985997,0.00813255679447608,0.0060308456878698,4,1,4,0,mixed
921,GATS,0.0135496681640552,1815,0.0037744235395322,2526,-0.0051403394358469,2430,0.0060847506611671,2411,0.0008532957830609,2825,0.0038243597423937,0.006871799928571546,0.00588049551673246,4,1,4,0,mixed
226,C11orf91,-0.0021202262376126,2749,-0.0007590575535634,2835,-0.0232994649989268,859,-0.0003412061074141,2892,0.0011593051912098,2800,-0.005072129941261419,0.010256272426342299,0.00553585201774534,1,4,4,0,mixed
90,ANKRD20A11P,-0.006859318650454,2358,0.0002349528261947,2894,0.0023671636902498,2704,0.0039931933930834,2587,0.011879831428222,1851,0.00232316453745918,0.006760167157926579,0.00506689199764078,4,1,4,0,mixed
75,ALPK2,0.0067682185052581,2367,0.0038813355050479,2516,-0.0008922062007307,2840,0.0005963938693821,2872,0.0010701024051212,2808,0.0022847688168157196,0.0030442380416001117,0.002641651297108,4,1,4,0,mixed
1051,HIST1H2AJ,0.0617882229912231,19,0.0599984116728558,18,-0.013717515414835,1637,0.0291185643839965,808,-0.0067329909127901,2310,0.026090938544090066,0.03569069458799474,0.03427114107514011,3,2,3,2,mixed
969,GPR174,0.030000344004358,663,-0.0170845141270867,1362,0.0428991653812462,120,0.0447518496463696,190,-0.075461229118531,4,0.005021123157271221,0.0514861787565222,0.0420394204555183,3,2,3,1,mixed
2390,SNORA109,0.0382080252191271,297,-0.0117034971266788,1821,-0.0400463180711866,190,0.0997280067340668,3,0.000731207081152,2845,0.0173834847672961,0.053934717262793266,0.03808341084644226,3,2,3,1,mixed
1355,LINC00472,-0.0349720912526717,428,0.0235197812204641,848,-0.0081513462609987,2157,0.070928246546093,8,0.0468233157772175,101,0.01962958120602084,0.042247214369612394,0.036878956211489,3,2,3,1,mixed
1270,KLHL11,-0.0248544361294565,968,0.0387980444789332,201,-0.020348767608361,1082,-0.0370202591547025,435,0.0573095824801826,26,0.0027768328133191606,0.04228899804751275,0.035666217970327166,2,3,3,1,mixed
1838,NRIP1,-0.0682587832229694,16,0.0292248625543594,515,-0.0288401578467859,551,-0.0150120810518264,1746,0.0331910262811914,463,-0.009939026657206178,0.04236211258799283,0.034905382191426505,2,3,3,1,mixed
2045,PRKCQ-AS1,0.0436740863323087,163,-0.026927903139094,624,0.0120351451002818,1798,-0.030358506607443,752,-0.0574868483600242,24,-0.011812805334794138,0.03970531233484095,0.034096497907830335,2,3,3,1,mixed
1266,KLF6,0.0311544727428788,600,-0.0134218066324509,1664,0.0336860161185073,354,-0.0869095498407747,4,0.004175252633274,2541,-0.006263122995713101,0.04914280920664443,0.033869419593577144,3,2,3,1,mixed
1735,MT1M,0.0337746271273462,470,0.0435116831519244,126,-0.0009312581140155,2837,0.0247466992056864,1054,-0.0631667284777474,9,0.0075870045786388205,0.04286455635416166,0.03322619921534398,3,2,3,1,mixed
1659,MID2,0.0112306997216342,2014,-0.0341677143208311,322,-0.041680068229322,153,0.0600670859553294,29,0.0117617596573583,1865,0.00144235255683376,0.04113022400455578,0.031781465576895,3,2,3,1,mixed
1421,LINC02182,0.0294410216974446,687,0.0240615349043342,809,0.0393733972043634,201,-0.0084554903692117,2207,-0.0566466540226683,27,0.005554761882852438,0.03912178887597751,0.03159561963960444,3,2,3,1,mixed
123,AREG,-0.0255125813566606,928,0.055613837521695,29,0.0456397907063769,88,0.0036094100090395,2623,-0.026581007346244,791,0.01055388990684136,0.03869572346660997,0.0313913253880032,3,2,3,1,mixed
250,C1orf115,-0.021798676316442,1185,0.0153928124759941,1493,0.0120025141008661,1801,0.0408066360186498,289,-0.0612985460274435,11,-0.0029790519496751,0.03947942769802546,0.030259836987879096,3,2,3,1,mixed
2560,TKTL1,0.023605697667742,1057,-0.0191018474593437,1186,-0.0209855796312007,1032,0.0620230285291866,23,0.0203832309690896,1186,0.01318490601509476,0.034480529037180824,0.029219876851312516,3,2,3,1,mixed
368,CD14,-0.0763639495610977,6,-0.0213001813179002,1013,0.0238162348596942,826,-0.0195328646263342,1419,0.0040538197033415,2556,-0.01786538818845928,0.0375981028069024,0.02901341001367356,2,3,3,1,mixed
2511,TCF4,0.0271186630504779,829,-0.0314138556441134,422,-0.0073703569230856,2230,-0.0698430072841559,9,0.006570353472598,2326,-0.0149876406656558,0.03733176502954175,0.02846324727488616,2,3,3,1,mixed
296,CADPS2,0.0109646715088456,2034,-0.0613884629039283,17,0.0172298827146615,1331,0.0401335433418068,308,-0.0122397027552951,1821,-0.0010600136187819003,0.03853741603205744,0.028391252644907456,3,2,3,1,mixed
428,CENPF,0.0260553207065649,890,0.0733949970210726,12,0.009419819918769,2045,-0.0200405013741686,1377,-0.0130428335739429,1755,0.015157360539659001,0.03734115572149184,0.028390694518903598,3,2,3,1,mixed
1136,IL17C,0.0243101837576888,1008,0.0584269724620951,21,-0.0108347053372742,1909,-0.0421197823043086,248,-0.0061842654892837,2362,0.004719680617783479,0.03815439444054728,0.02837518187013007,2,3,3,1,mixed
1743,MTX3,-0.0138542593738811,1796,0.001562323824393,2759,0.0614353558690972,17,-0.0292291314430546,804,-0.0352052816589409,381,-0.0030581985564772803,0.03878039259355229,0.028257270433873362,2,3,3,1,mixed
601,DGCR10,-0.0216768308406404,1199,0.027088540261885,611,-0.0200597576347305,1107,0.0622424277520607,22,0.0095318889936714,2073,0.01142525370644924,0.03506551901138832,0.0281198890965976,3,2,3,1,mixed
2474,SYNE2,-0.0428658547342596,178,0.0233040975442615,859,0.0592384625028691,20,-0.0039708593052625,2588,-0.0077124693028259,2229,0.005598675340956519,0.0381060427709864,0.02741834867789572,2,3,3,1,mixed
1736,MT1X,0.0253283644112154,942,0.0102004937426626,1956,-0.0094253797088948,2043,-0.0361186299516552,473,0.0557222862438538,30,0.009141426947436361,0.034735119402588326,0.02735903081165636,3,2,3,1,mixed
1999,PMAIP1,-0.0277777992368234,785,0.0572696259240221,24,-0.0251012274743388,753,0.0164609037884901,1642,0.0096355034441046,2057,0.006097401289090919,0.03485470044481603,0.027249011973555802,3,2,3,1,mixed
552,CTSG,-0.0397280395836598,261,-0.0117172258195326,1819,0.0625057698474697,16,0.0038447078452638,2602,-0.0157691107121878,1523,-0.00017277968452934154,0.03835974172639642,0.02671297076162274,2,3,3,1,mixed
414,CDK6,0.0615527359135436,20,-0.031000844614542,441,0.0128541842306721,1717,-0.0196473649648429,1411,0.0067172004272126,2312,0.006095182198408679,0.03591798024310237,0.026354466030162643,3,2,3,1,mixed
2592,TMIGD2,0.0605932439165298,24,-0.0033171988957506,2571,0.0346678423330101,324,-0.0273157893218569,906,-0.0056395872052108,2398,0.011797702165344322,0.0352364609356519,0.026306732334471644,2,3,3,1,mixed
2747,VSTM4,0.0279795506988399,773,-0.0196390244962274,1137,-0.0024024516428453,2701,-0.061761451526186,24,0.0190485736789093,1292,-0.007354960657501899,0.035641149451244684,0.026166210408601582,2,3,3,1,mixed
1831,NR3C2,-0.0273512419848928,808,0.0064091404704996,2266,0.0255537519116385,723,-0.0612016570799078,27,-0.0092833626458989,2092,-0.013174673865712281,0.03318932528107048,0.02595983081856752,2,3,3,1,mixed
958,GNLY,-0.0127012991333522,1897,0.0564726819148092,26,0.0120492825062122,1794,-0.0173644038234844,1582,-0.0309843493244912,568,0.0014943824279387188,0.03444582173589091,0.025914403340469842,2,3,3,1,mixed
2588,TMEM56,0.0199697140306907,1327,-0.056198821877395,27,0.0179992048813398,1268,-0.0138297144099535,1831,-0.0179795368449183,1365,-0.01000783084404726,0.0312042056061299,0.02519539840885946,2,3,3,1,mixed
2260,SEPT12,-0.0268025264595776,848,-0.007906457854176,2142,0.0327788338102979,375,-0.0004938200936075,2881,0.0564190056594369,28,0.01079900701247474,0.03337512075628483,0.02488012877541918,2,3,3,1,mixed
514,COLQ,-0.0610510954253908,22,0.025055262010822,747,0.0294957780470403,509,0.0014244801265087,2807,-0.0064048242319884,2343,-0.00229607989460164,0.03619977324629566,0.02468628796835004,3,2,3,1,mixed
2121,RBM11,-0.002040539254257,2753,-0.0373758023700558,232,0.0082815832453688,2143,0.0612032569662851,26,0.0132646900540048,1727,0.00866663772826918,0.03541163877261349,0.024433174377994298,3,2,3,1,mixed
2253,SELP,0.0276919788310865,792,-0.013207755792863,1687,-0.0537183305375192,29,0.0064466048507495,2384,-0.0208602361254187,1156,-0.01072954775479298,0.030528845910881695,0.02438498122752738,2,3,3,1,mixed
1920,PCSK9,-0.004246289091047,2570,0.0096677631579598,2003,0.0278479215930319,597,-0.0671865136590665,11,0.0111497761350936,1918,-0.004553468372805639,0.036816022690490106,0.02401965272723976,3,2,3,1,mixed
2180,RNFT2,-0.0021479168917179,2747,-0.0012462032070585,2792,0.0238066642287422,829,0.061160012312615,28,-0.0313209372822574,550,0.01005032383206468,0.03460284310493347,0.023936346784478202,2,3,3,1,mixed
1382,LINC01013,-0.0375089171741634,320,-0.0123167427253748,1758,0.0532517756639339,30,-0.0115747027479181,1993,0.0038768353336911,2572,-0.0008543503299662601,0.03368874683695921,0.02370579472901626,2,3,3,1,mixed
500,COL11A1,0.0072729370448474,2321,-0.0109120402041478,1890,0.0045387170400217,2480,0.0631512553897531,20,-0.03010665649301,622,0.006788842555492877,0.03484472016431686,0.023196321234356,3,2,3,1,mixed
2206,S100P,-0.0121454381493573,1947,-0.0002206455041146,2896,-0.0080498711028146,2166,0.063009984000851,21,0.0304296457064303,599,0.014604734990198962,0.03178871961084208,0.02277111689271356,2,3,3,1,mixed
1660,MIP,-0.0099708212267646,2109,0.0580902206972802,22,0.0082157558995168,2149,0.0022916321869195,2726,-0.0307218732654798,575,0.00558098285829442,0.032919363178427044,0.02185806065519218,3,2,3,1,mixed
300,CALM1,0.0008356580880529,2854,-0.0142247379533187,1587,0.01215983298671,1781,-0.0654827704554364,15,-0.0159572927967309,1511,-0.01653386202614462,0.029692964170689635,0.021732058456049783,2,3,3,1,mixed
505,COL1A2,0.0080862818234238,2253,-0.0082455322212827,2119,-0.0166338454461486,1379,-0.0664705563663832,14,0.008337177954573,2180,-0.014985294851163539,0.03072096051838063,0.02155467876236226,2,3,3,1,mixed
1142,IL1R2,-0.0037094098209252,2609,0.0120975367446183,1782,0.0105382990707316,1931,0.0172911651417908,1588,-0.0587900510612844,16,-0.0045144919850137796,0.03132298345523015,0.02048529236787006,3,2,3,1,mixed
2491,TARP,-0.0594917292873775,27,-0.0068824793937825,2223,0.020720011350988,1055,0.0034886211643015,2633,-0.0092175236901611,2101,-0.01027661997120632,0.029937609611645818,0.019960072977322118,2,3,3,1,mixed
254,C1orf21,-0.0028167773808968,2689,-0.0013619472581735,2780,0.0146722111657846,1550,-0.0213376401457105,1277,0.057422945728138,25,0.00931575842182836,0.029765062253656303,0.019522304335740683,2,3,3,1,mixed
1668,MIR215,-0.0120296592028131,1959,-0.0116276569074469,1830,0.0539628634651565,27,-0.0099392033473647,2103,0.0099161421824879,2030,0.006056497238003941,0.028309086809918827,0.01949510502105382,2,3,3,1,mixed
1488,LOC101927827,-0.0001493576228301,2903,-0.0135884511861863,1649,-0.0542449270398737,25,0.0165249950694689,1636,0.0095696376981818,2067,-0.00837762061624788,0.028021916488133052,0.01881547372330816,2,3,3,1,mixed
1883,P2RY13,0.04611797344385,124,-0.0298020820115968,487,0.0515147552566135,38,-0.0204617648018778,1346,-0.036786721004756,334,0.0021164321764465784,0.04306492717758853,0.03693665930373882,2,3,3,0,mixed
2342,SLC38A11,-0.036015839005844,380,-0.0475073852258875,83,-0.0209880012778776,1031,0.046584898247448,155,0.0285688075310144,697,-0.005871503946229341,0.04125695463631627,0.035932986257614305,2,3,3,0,mixed
107,APBB1,-0.0229762249011552,1102,0.0312130779164806,429,-0.0513720206873051,41,0.0373663066020922,417,-0.0321004465249319,509,-0.00757386151896388,0.039626728031295425,0.035005615326393,2,3,3,0,mixed
2202,S100A12,-0.0500140309818418,73,-0.0473382310515775,86,0.0069540919344629,2260,0.0395298892671747,324,-0.0311625318053624,556,-0.016406162527428818,0.038660624343094224,0.03499975500808386,2,3,3,0,mixed
1229,KIAA0040,-0.0157583630945058,1646,0.0283873220740477,545,0.0331166281232523,367,-0.0462178553904235,160,-0.05104647259486,56,-0.01030374817649786,0.03988067674028445,0.03490532825541786,2,3,3,0,mixed
116,APOOL,-0.0156174200778087,1652,0.0262229451997692,669,-0.0229640557096112,880,0.0563265479077959,42,0.0497523509600097,68,0.01874407365603098,0.03657242628885387,0.03417666397099894,3,2,3,0,mixed
98,ANKRD55,-0.0217272857310512,1194,0.0318996421964627,402,-0.03689959152585,259,-0.0465022210184171,156,0.0331687869698898,464,-0.00801213382179316,0.03805553678206267,0.034039505488334156,2,3,3,0,mixed
1372,LINC00892,0.0342248299802015,450,-0.0330169514141374,358,0.0387694459345935,219,0.0362580975459209,467,-0.0267909197011227,779,0.00988890046909116,0.03642794003088886,0.0338120489151952,3,2,3,0,mixed
496,CNRIP1,0.0196998960492665,1344,0.0188535240192946,1204,0.0433716028966744,112,-0.0512052504544888,81,-0.0340289018005015,428,-0.0006618258579509622,0.040007471098060784,0.033431835044045156,3,2,3,0,mixed
1368,LINC00842,0.0239944228820731,1030,0.0278435951848033,563,-0.0477298872706653,62,0.0432865835923146,223,-0.0242765373677679,922,0.004623635404151559,0.03868245346743089,0.03342620525952485,3,2,3,0,mixed
2444,SSR4,0.0429766721940516,176,-0.0363706627751793,260,0.0201377476376223,1096,0.0433839665634466,220,-0.0232090606626669,980,0.00938373259145486,0.037268972377767835,0.03321562196659334,3,2,3,0,mixed
323,CBLN3,-0.0516669539585754,53,0.0229912863782082,880,-0.0343535485666367,333,-0.0505673806049727,95,0.0057671888083733,2392,-0.02156588158872066,0.034070235852972135,0.03306927166335326,2,3,3,0,mixed
2089,PZP,0.0442321111574351,149,-0.0275569161549509,580,-0.0271423542832215,632,0.0224336908580845,1202,0.0437563872080487,144,0.01114458375707918,0.036226557429856025,0.03302429193234814,3,2,3,0,mixed
4,ABCA5,-0.0449568622158796,135,0.032369171706157,384,-0.0219490560569166,952,0.037820938529374,396,0.0277562314183547,733,0.0062080846762179,0.03727859303972728,0.03297045198533638,3,2,3,0,mixed
1713,MRS2P2,0.0468330648278678,114,-0.0106962317048553,1909,-0.0261819028578538,681,0.0306299832712922,738,-0.0491154673302962,76,-0.0017061107587690596,0.03977816080395249,0.032691329998433064,2,3,3,0,mixed
1208,KATNAL1,0.040218006368384,247,-0.0320019059302347,398,0.0266939208683623,652,-0.0288613722480809,823,0.0355361172194758,366,0.0083169532555813,0.03572153170198036,0.032662264526907535,3,2,3,0,mixed
2550,THRB,-0.0354243228925164,409,0.0225612658940043,916,0.0166687830954893,1373,-0.0347906140307903,537,0.0533885325026047,39,0.0044807289137583205,0.0387365436972823,0.032566703683081,3,2,3,0,mixed
2158,RIC3,-0.0316119814468724,583,-0.0327228531501579,371,0.0182246306337246,1252,0.0371080919982592,428,0.0413469176130572,206,0.006468961129602141,0.03633036074824536,0.03220289496841426,3,2,3,0,mixed
2178,RNF19B,0.0325750819608304,536,0.0144340849079163,1566,-0.0295520868773553,503,-0.0520922678291566,71,0.0320889483994037,511,-0.0005092478876723011,0.03835626715609587,0.032148493994932456,3,2,3,0,mixed
706,ENPP3,-0.0154493351513061,1665,0.0542403994802959,33,-0.0068529349604597,2273,0.053883242108034,51,0.0299704299097347,627,0.02315836027725976,0.032968726868664006,0.03207926832196608,3,2,3,0,mixed
475,CLEC4C,0.0071665650917279,2331,0.0493617121498526,68,-0.0296426652097593,501,-0.0227209422397242,1180,0.0514967597895459,52,0.01113228591632858,0.03845498803401644,0.03207772889612198,3,2,3,0,mixed
444,CFAP44,0.0407977501332803,229,0.0342730285295452,320,-0.021382544032525,1001,0.0378177481694215,397,-0.025974176205502,827,0.013106361318844,0.03369816931558471,0.0320490494140548,3,2,3,0,mixed
2758,WDR88,-0.017881642346156,1491,0.0227656605881162,902,0.0470778372788033,70,-0.0387543832208208,356,-0.033257499839325,459,-0.00401000550787646,0.03735610389006584,0.031947404654644254,2,3,3,0,mixed
1555,LOC727896,0.0204429148485673,1298,0.0411664262183169,154,-0.0357929522742989,289,-0.0445275395448862,198,0.0176394292850974,1389,-0.00021434429344069985,0.03770724192263617,0.03191385243423334,3,2,3,0,mixed
1224,KCTD18,0.0282054284971824,762,-0.0478436301336838,80,0.0295079830333429,507,0.0411080134605561,275,-0.012532026475137,1796,0.007689153676452121,0.03710318463663452,0.03183941631998044,3,2,3,0,mixed
50,AGFG2,-0.0463506378214632,116,-0.0518787636925542,48,-0.0393024749144122,203,0.0166217156815705,1628,0.0046813576944936,2492,-0.023245760610473103,0.03154695664160009,0.031766989960898745,2,3,3,0,mixed
2681,TTC12,-0.0526557278841911,43,-0.010620028463596,1916,0.0294222943635294,515,0.0231769753422545,1145,-0.0425874782986583,172,-0.010652792988132301,0.03719723642560663,0.03169250087044586,2,3,3,0,mixed
2233,SCUBE3,0.0572872268693325,32,-0.0126616230541522,1720,-0.0299385680852486,487,-0.0394014359594853,329,0.0190568431265592,1291,-0.0011315114205988804,0.03952118341751628,0.031669139418955564,2,3,3,0,mixed
1566,LRIG1,0.0221866412394054,1159,-0.0535027870644442,39,0.035748263469191,291,0.0157469359484604,1694,-0.0291776693220982,674,-0.0017997231458971204,0.037801590495762455,0.031272459408719845,3,2,3,0,mixed
2146,RGMB,-0.0368381223946338,348,0.0271173226294489,610,-0.0249485987980008,767,-0.0426508567235371,237,0.0244411069040387,910,-0.010575829676536818,0.03380847323285245,0.031199201489931862,2,3,3,0,mixed
2159,RICTOR,-0.0361175219598995,378,-0.029470670466114,503,0.0300705361664818,480,0.0567154975140931,41,0.0029811226190377,2640,0.00483579277471982,0.039325065947581304,0.031071069745125218,3,2,3,0,mixed
1554,LOC646938,-0.0212462274740211,1239,-0.0219789250218791,961,0.0254854551148583,725,0.0431171988221435,226,-0.0425934342834115,170,-0.0034431865684619797,0.036048576806179365,0.030884248143262703,2,3,3,0,mixed
2429,SPON1,-0.0078406011373423,2269,-0.035429672982692,277,0.0195206739703882,1145,0.0461590028769116,161,-0.044728193374333,128,-0.0044637581294135,0.03784650780470543,0.03073562886833342,2,3,3,0,mixed
1070,HMMR,0.0131691783862461,1851,0.0524138899599827,47,-0.0412666759375558,162,0.0458691994243661,168,-0.0006999070445073,2850,0.01389713695770636,0.03795524637859097,0.030683770150531597,3,2,3,0,mixed
343,CCDC80,-0.0326705560596178,531,0.0497822822510482,64,0.0159518139498843,1434,-0.0504771265974886,96,0.0037166262745241,2586,-0.0027393920363299597,0.03976283913536361,0.030519681026512598,3,2,3,0,mixed
1406,LINC01588,-0.0094049648826144,2146,-0.0449636903203091,107,0.0450237098564395,92,0.0433786273313376,221,-0.009653213657074,2055,0.004876093665555919,0.038708299035169876,0.03048484120955492,2,3,3,0,mixed
1970,PLA1A,0.0271389804217245,825,-0.0406776745868105,165,0.0193734496692981,1154,0.0204058215937036,1352,-0.0445159168866116,130,-0.0036550679577391798,0.0356994216427288,0.03042236863162966,3,2,3,0,mixed
1393,LINC01281,-0.0403324668830407,242,0.0310495856970462,437,-0.0144877439492143,1562,0.0281129357076076,864,0.0378238586872188,298,0.00843323385192352,0.034154295687557436,0.03036131818482552,3,2,3,0,mixed
65,AKNAD1,0.0316754819481367,578,0.0193875224873269,1158,-0.0261855084914402,680,-0.0308157274295332,729,-0.0433432851462042,149,-0.0098563033263428,0.0331941594552818,0.03028150510052824,2,3,3,0,mixed
2834,ZNF204P,-0.0186927209027772,1427,-0.0190216601243308,1191,0.0430371727817761,118,-0.0482246088989117,127,0.0220395989352313,1066,-0.00417244364180246,0.036358458454126885,0.03020315232860542,2,3,3,0,mixed
1595,MAATS1,0.0474280284790705,105,-0.0260604749873053,682,0.0187360704707016,1202,-0.0365506893931864,456,0.0220236671824036,1067,0.005115320350336802,0.03524829385411514,0.030159786102533476,3,2,3,0,mixed
2831,ZNF174,-0.0215593937152364,1209,0.0245969359096475,774,-0.0316422620584733,415,-0.0352946173317298,504,0.0376111733180184,305,-0.0052576327755547185,0.03388637750124416,0.03014087646662108,2,3,3,0,mixed
1522,LOC105369911,0.0242275512106861,1017,-0.0199557113392684,1108,0.035936233895326,284,-0.0394482421165779,326,0.0307166723777425,577,0.006295300805581661,0.03383098160779603,0.03005688218792018,3,2,3,0,mixed
1194,IZUMO1,-0.0194361867860281,1367,0.0268272844246562,632,0.0189803857076967,1184,0.040351922989055,301,-0.0441704577836332,135,0.004510589710349318,0.03512585771212753,0.02995324753821384,3,2,3,0,mixed
2881,ZNF585A,-0.0186804029041783,1430,0.0215530869986063,996,-0.0169674486655303,1348,0.0495102296181708,111,0.0429369947950081,164,0.015670491968415322,0.03228162825919348,0.02992963259629876,3,2,3,0,mixed
341,CCDC68,-0.0151039078805414,1703,-0.051281290298753,51,0.0192443842091589,1165,0.0426187295738879,238,-0.0210487717133759,1144,-0.0051141712219247015,0.03659534894032564,0.029859416735143425,2,3,3,0,mixed
1990,PLEKHS1,0.0130008271491216,1867,-0.0202092596137589,1093,0.0269000946634098,641,-0.0480193337688955,133,-0.04096137182639,217,-0.013857808679302603,0.032880643485741136,0.02981817740431516,2,3,3,0,mixed
2539,TFRC,0.0334415429730181,483,0.0198358528146802,1116,-0.0397461299341239,193,-0.0367487865460842,448,0.0190820673780356,1286,-0.0008270906628948394,0.034650869077298925,0.029770875929188406,3,2,3,0,mixed
3,ABCA1,0.0335266097978694,477,0.0133348568413237,1677,-0.0390648141309337,210,0.0211854557536261,1292,-0.0414662152123919,201,-0.0024968213901012787,0.03523141931877178,0.02971559034722896,3,2,3,0,mixed
854,FLJ40194,-0.0388971044186472,275,0.0377861856971991,221,-0.0180281775501291,1267,0.0309072464034843,721,0.0226107428779506,1022,0.0068757786019715385,0.03352580224356747,0.029645891389482055,3,2,3,0,mixed
1965,PITPNM2,0.0232183807264321,1087,0.0332540399382564,352,-0.0283977760012915,578,0.0207362600783999,1328,-0.0425918899215256,171,0.001243802964054261,0.034233333162473664,0.0296396693331811,3,2,3,0,mixed
938,GIMAP5,-0.0188286549261621,1416,0.009587531983364,2007,-0.0232874424032996,861,-0.0532658881274051,55,0.0432272143610235,151,-0.00851344782249586,0.03651094671407065,0.02963934636025086,2,3,3,0,mixed
862,FMNL3,-0.0578191597399143,31,-0.0098168306020334,1988,0.050082277807888,51,0.0251626165376613,1027,0.0052199618934284,2436,0.002565773179406,0.040543647035246634,0.02962016931618508,3,2,3,0,mixed
2502,TBC1D9,-0.020422817707373,1301,0.0076701199216044,2163,0.0258751706720355,701,0.050194144906857,100,-0.0438911988126787,141,0.0038850837960890407,0.03713444093984325,0.02961069040410972,3,2,3,0,mixed
2200,RYR2,0.0324007652491957,543,-0.020225878718814,1091,-0.0437288713231383,109,0.0273975865285213,899,0.0242778137679499,921,0.004024283100742919,0.034022697065494725,0.02960618311752384,3,2,3,0,mixed
2559,TJP3,0.04852984893703,83,0.0223648607912681,934,0.046960899446347,72,-0.0101042922383903,2087,-0.0199831827672247,1215,0.01755362683380602,0.03170739090858074,0.029588616836052017,3,2,3,0,mixed
400,CD83,-0.0390270114620425,272,0.0121796832198766,1773,0.0299207862648767,490,0.0414221115403102,268,-0.0253380090841126,862,0.003831512095781679,0.03482495284206154,0.02957752031424372,3,2,3,0,mixed
2190,RSAD2,-0.0061142420040359,2422,-0.0227728174488474,901,-0.0431947005089386,114,0.0262439977652668,973,0.049252346717125,73,0.0006829169041139809,0.037195350920030804,0.029515620888842742,2,3,3,0,mixed
627,DNAH11,0.0182142322479032,1467,0.0424285238061869,140,0.0249162074456826,769,-0.029442248330133,792,-0.0325499166163193,496,0.004713359710664079,0.03379356278154545,0.029510225689244995,3,2,3,0,mixed
1679,MIR586,0.0330577824983067,502,-0.0267879106543283,634,0.014006756808869,1610,0.0402453322190397,306,-0.0331412264879389,466,0.0054761468767896395,0.03381820926918403,0.029447801733696523,3,2,3,0,mixed
27,ACVR2A,0.026912355802681,843,-0.0046886133744879,2428,-0.0467116011296835,73,-0.028765074732475,829,0.0400857975007031,237,-0.002633427186652458,0.03649608767463788,0.0294326885080061,2,3,3,0,mixed
1407,LINC01619,0.0110449429726974,2029,-0.0424199006534831,141,-0.0282621063001202,584,0.0416250498132257,262,0.0238034359966877,956,0.0011582843658014992,0.03540030230479125,0.029431087147242817,3,2,3,0,mixed
455,CHI3L1,-0.0225647079104447,1129,0.0298522895611399,485,-0.0389628412254156,215,-0.0247798722336167,1049,0.0309325688180714,570,-0.005104512598053139,0.03301141419556063,0.02941845594973766,2,3,3,0,mixed
2614,TNFSF8,0.0049452358881501,2507,-0.0442195629322454,119,0.0298620268260179,493,-0.0352665205244121,505,-0.0327810120366534,487,-0.015491966555828579,0.031582759661235714,0.029414871641495782,2,3,3,0,mixed
2346,SLC41A1,-0.0132048798479204,1849,-0.0429372851409372,133,-0.015721935455614,1458,0.0382933509854452,380,0.0367536479239433,335,0.0006365796929833801,0.03563826510377132,0.029382219870772018,2,3,3,0,mixed
846,FKBP11,-0.0201228343461452,1320,0.0011918186309013,2795,0.0481050605023331,58,0.0509792550872524,83,-0.0262897266415066,807,0.010772714646567,0.03684502344808247,0.02933773904162772,3,2,3,0,mixed
747,EXOC8,-0.0380424816892592,301,-0.0235412810254735,847,0.012964097391898,1702,-0.0162021678665174,1662,0.0555683518844373,33,-0.0018506962609829592,0.03709014942697026,0.029263675971517078,2,3,3,0,mixed
1221,KCNQ5,-0.051240296008615,57,0.0252181032102059,733,0.0401001736232609,188,-8.744948309689915e-05,2905,0.0296390141307163,645,0.00872590909449424,0.03663098397399652,0.029257007291179,3,2,3,0,mixed
1388,LINC01215,0.0384405103484373,285,-0.0318520408443037,404,0.0118889698220431,1814,-0.0371828494375353,424,-0.02664648671544,786,-0.009070379365359722,0.03284362031901242,0.02920217143355188,2,3,3,0,mixed
2003,PNPLA5,-0.0440207028740996,155,-0.0025110764666625,2660,0.0405079341904873,175,-0.0276342071927331,881,0.0313225023671791,549,-0.0004671099951657598,0.036498897661117656,0.02919928461823232,2,3,3,0,mixed
892,FSTL1,-0.0278119069831539,783,-0.003959704947094,2507,0.0233414715468268,856,-0.0466506687197884,151,0.0441792533402717,133,-0.0021803111525875592,0.03687251097150774,0.029188601107426958,2,3,3,0,mixed
1191,ITPKB,-0.0282257824060906,759,0.0236050020675223,840,0.0514688105934272,39,-0.0075649865350038,2282,-0.0346250409264132,398,0.0009316005586883794,0.036244697754884175,0.02909792450569142,2,3,3,0,mixed
2512,TCF4-AS1,-0.0505638751095365,64,0.0131074557341691,1694,0.0153130616107317,1494,-0.0370265484227394,433,0.0292281983204253,670,-0.005988341573389959,0.0353869764495771,0.029047827839520403,3,2,3,0,mixed
2761,WFDC5,0.031455718752116,587,-0.0385157021086612,203,-0.0305134126247694,461,-0.0384473654076111,375,0.0055683107297353,2409,-0.01409049013183808,0.03130689353615635,0.0289001019245786,2,3,3,0,mixed
1912,PCDHGA7,-0.0443007239008811,147,0.0211354583020134,1025,-0.0440858790902846,104,0.0107099261803134,2051,-0.0237015150082852,961,-0.016048546703424822,0.030583948187558826,0.02878670049635554,2,3,3,0,mixed
582,DACT1,-0.0298876439431057,667,-0.0251727677784121,736,0.0275075751525059,614,-0.0262314738849476,975,0.035106850462159,385,-0.003735491998360099,0.03214971950914387,0.028781262244226058,2,3,3,0,mixed
2150,RGS18,-0.0181331936070806,1471,0.029927903516921,482,0.0296964063823524,500,-0.0167996309890371,1618,-0.0491869958738018,74,-0.004899102114129219,0.03423430599621419,0.02874882607383858,2,3,3,0,mixed
2026,PPP2R2C,-0.0371249269239926,335,0.010204779901747,1955,0.0311234938865231,430,0.0528958218904401,59,-0.0120576571132854,1832,0.009008302328286439,0.0353152839362683,0.02868133594319764,3,2,3,0,mixed
9,ABCC9,-0.0303683301948836,645,0.0230247708885744,876,-0.0302134005624529,475,-0.017895331322102,1541,0.041802728678121,191,-0.0027299125025486205,0.03314993975692339,0.028660912329226785,2,3,3,0,mixed
2181,RNGTT,-0.0413055610237037,209,-0.0076103867026967,2169,0.0215343472784318,985,-0.03230028397025,650,0.0404591385585624,229,-0.0038445491719312384,0.03476400047368812,0.02864194350672892,2,3,3,0,mixed
2183,RNU5F-1,0.039270163384727,268,0.0048357990026628,2416,-0.0402033962929502,183,-0.0481270826356964,130,-0.0107685525026786,1956,-0.01099861380878708,0.035387759307411636,0.028640998763743004,2,3,3,0,mixed
1178,ISM1-AS1,-0.0355715326758671,398,0.0337893881840487,334,-0.0188452473992157,1193,0.0515798945045163,76,0.003202451568987,2629,0.00683099083649384,0.036054226778588945,0.028597702866526957,3,2,3,0,mixed
124,ARFGEF3,0.0406136808118576,234,0.0239493689365571,818,-0.0139093792708344,1618,0.0265400056756596,953,-0.0377239575917823,303,0.007893943712291521,0.03252849256510818,0.028547278457338197,3,2,3,0,mixed
2661,TRMT11,0.0411670664644187,213,-0.0382372286218527,210,-0.0007718999252937,2853,0.0276259226055923,883,0.0344432727516026,406,0.012845426654893438,0.032718169842537795,0.028449078073752,3,2,3,0,mixed
1072,HOPX,0.0179782140411313,1483,0.0353072605438128,278,-0.0375866176610185,245,-0.0313744081325931,703,0.0198789950495727,1221,0.0008406887681810394,0.03300972128116098,0.028425099085625675,3,2,3,0,mixed
531,CREB5,-0.0359658625975075,383,0.0040259103719692,2500,-0.031090180504241,433,-0.0193519436706197,1429,0.051373154180931,54,-0.006201784443893602,0.035699224758312845,0.028361410265053677,2,3,3,0,mixed
1923,PDE3B,0.0410749544613908,217,0.0273382674770864,593,-0.0212966731748229,1008,-0.0211300001760449,1300,-0.0307218213465992,576,-0.0009470545517979614,0.03268754997564394,0.02831234332718884,2,3,3,0,mixed
1719,MS4A3,0.0143104702698414,1762,-0.0182500968644504,1267,0.0039139896298069,2541,-0.0535834146196797,53,0.0509127662975466,58,-0.0005392570573870409,0.038778257481581944,0.028194147536265,3,2,3,0,mixed
2145,RGL4,-0.0416793579078743,203,0.024341493499426,794,-0.0105091500491002,1933,0.0154340577032059,1717,-0.0489233323100485,77,-0.012267257812878218,0.03286104809047104,0.02817747829393098,2,3,3,0,mixed
2628,TPRG1,-0.03744109169045,323,0.0383464234180822,208,0.019961570675123,1116,-0.0204827493367445,1343,0.0245681424096284,905,0.00499045909512782,0.0322852949177347,0.02815999550600562,3,2,3,0,mixed
1698,MMRN1,-0.0449895686949772,134,-0.0189992089841064,1192,0.0347754972280055,319,0.0329549755789616,623,-0.0090401904562574,2112,-0.0010596990656747817,0.0344837174953022,0.02815188818846162,2,3,3,0,mixed
1619,MAP3K8,0.0308634523586188,619,0.0339343277410648,330,-0.0214265500398652,995,-0.0378584127632582,393,-0.0164908726644325,1473,-0.0021956110735744604,0.03257411969492546,0.028114723113447898,2,3,3,0,mixed
643,DOPEY1,-0.0520665333299901,49,-0.0209108167827974,1043,0.029486481744758,510,0.0184754209109098,1496,0.0192954288652214,1265,-0.0011440037183796596,0.034368407686421874,0.028046936326735338,3,2,3,0,mixed
244,C1GALT1C1L,-0.0212454867029819,1240,-0.0009162094585181,2818,0.0317355725984532,408,-0.0499961470145303,103,0.03615446875844,349,-0.0008535603638274187,0.036271456457523894,0.028009576906584698,2,3,3,0,mixed
2450,STAP1,0.0484003204341311,86,0.0515137387475458,49,-0.0113864161635959,1858,0.0213004402941683,1279,-0.0070009766973311,2293,0.02056542132298364,0.02963927475247336,0.02792037846735444,3,2,3,0,mixed
308,CAPRIN2,0.0332972043096621,491,0.0185555366446334,1237,-0.0223810271434583,920,-0.0265973430184705,949,0.0384445362240273,279,0.0082637814032788,0.030813441615319345,0.02785512946805032,3,2,3,0,mixed
2204,S100A9,0.0061064673810798,2423,-0.0534584394557204,40,-0.0462048360213528,80,-0.0132653674883609,1877,0.0201865355424343,1200,-0.017327128008384002,0.03206360838781958,0.027844329177789638,2,3,3,0,mixed
2737,VIM-AS1,-0.0083942618853424,2231,-0.0452959444209915,103,0.0410727046404719,164,-0.0167022926105956,1625,0.0276257998147172,737,-0.0003387988923480814,0.03482359383549539,0.02781820067442372,2,3,3,0,mixed
676,EDNRA,-0.039653451779892,262,0.0071942532842396,2197,0.0157294776628185,1457,-0.0393259835641655,336,0.0371071285194775,319,-0.0037897151755043796,0.034362887868367206,0.02780205896211862,3,2,3,0,mixed
1900,PAX5,-0.0225448119050555,1132,-0.0306683995731426,455,-0.0177264022537234,1295,0.0513128920029021,79,0.0165458304954348,1461,-0.0006161782467169217,0.03416110224875507,0.027759667246051677,2,3,3,0,mixed
450,CGRRF1,-0.0311237658429946,602,0.026607992489024,649,-0.0178413123223994,1283,0.0305046716964675,745,-0.03208799909478,512,-0.004788082614936501,0.030986014972522274,0.027633148289133096,2,3,3,0,mixed
334,CCDC171,0.0222392339771271,1155,0.0541098118591095,35,0.0192059251018638,1168,-0.008478515788625,2205,-0.0340295560507062,427,0.010609379819753838,0.03338571566000627,0.027612608555486317,3,2,3,0,mixed
1181,ITGA2,0.0126187675235298,1906,0.0351549130023249,283,-0.0302332818935198,472,0.0211740748344929,1295,-0.0388395575475875,269,-2.5016816151940402e-05,0.03265731955645843,0.02760411896029098,3,2,3,0,mixed
879,FOXP3,0.0238225936636696,1045,-0.0496138311973253,67,-0.0180682369986743,1263,-0.0318494815679878,672,0.0143761748296836,1642,-0.01226655625412684,0.030920184630699548,0.027546063651468118,2,3,3,0,mixed
1147,IL22,0.0425106668702378,187,-0.0099335449867267,1977,-0.0200410457868197,1109,-0.0254150348630784,1009,0.0396623329448727,243,0.0053566748356971405,0.03310222974071962,0.027512525090347063,2,3,3,0,mixed
829,FCRL6,-0.0378319578591304,312,0.0259121486117861,692,-0.0331240434780013,366,0.0339114403410407,573,0.0067621293392935,2307,-0.0008740566090022804,0.03313529478476622,0.027508343925850397,3,2,3,0,mixed
2368,SLED1,-0.0235232774214244,1067,0.039035759721811,198,-0.0009802220203083,2830,0.0228071528027655,1174,0.0510763018736363,55,0.01768314299129602,0.030181049744482727,0.0274845427679891,3,2,3,0,mixed
2086,PWAR5,0.0523995388043555,46,-0.0219471042247896,963,-0.0186739117936836,1213,-0.0155338959963255,1707,0.0287806137204876,689,0.00500504810200888,0.03361723944227379,0.027467012907928363,2,3,3,0,mixed
1418,LINC01914,0.0377978600854502,313,-0.0017112825105045,2746,0.0363615990475094,272,-0.0357775963677549,479,0.0253794852191069,861,0.012410013094761418,0.03125653990344248,0.027405564646065184,3,2,3,0,mixed
693,ELL2,-0.0064867200788413,2391,-0.0294100061136763,509,0.0392633864747479,205,-0.0571582541248052,40,0.0046396865428323,2498,-0.009830381459948521,0.03624241376489771,0.027391610666980603,2,3,3,0,mixed
2227,SCML1,-0.0283328765064703,753,0.0241403154760683,804,-0.0372391103610042,253,0.0439137978927933,212,-0.0032991468025885,2620,-0.0001634040602402801,0.0343199307016115,0.02738504940778492,2,3,3,0,mixed
2283,SGCE,-0.0359090723732189,387,0.0256972184786249,699,0.0169283305571828,1353,0.0523849730788207,67,-0.0059179962107131,2382,0.01063669070613928,0.03335374427791031,0.027367518139712076,3,2,3,0,mixed
1331,LIG4,0.0331268122132968,500,0.0350794962052387,286,0.0132264591902164,1679,-0.0330000840821764,620,-0.0220152098424308,1068,0.0052834947368289404,0.031372736551045895,0.027289612306671818,3,2,3,0,mixed
1956,PI16,-0.0326929822978512,529,0.0261926951864127,672,-0.045726031183981,87,0.0039527615399704,2590,-0.0277925528833449,730,-0.0152132219277588,0.02948134161187177,0.02727140461831204,2,3,3,0,mixed
2220,SBK1,0.0402836127952797,244,0.0160553968140501,1427,0.0394973993710188,198,-0.0140421225150508,1808,-0.0263582745204783,801,0.011087202388963902,0.03048728972918775,0.02724736120317554,3,2,3,0,mixed
1474,LOC100996583,0.0133645329458375,1830,-0.0149211451584664,1524,0.0279636775430532,596,-0.0456410161387265,176,-0.0343271842550541,414,-0.010712227012671261,0.031108348841722405,0.027243511208227537,2,3,3,0,mixed
595,DEFA4,0.0475028126713101,103,0.0343361554742319,315,-0.0020683124110934,2731,0.0281778110916364,858,-0.0241032463609997,936,0.016769044093017063,0.029192113767049006,0.027237667601854303,3,2,3,0,mixed
872,FOXD1,0.0344792942997549,443,0.0237875434737716,830,-0.0179146417538068,1277,-0.0338219860691506,580,0.0261404557339971,820,0.00653413313691324,0.0303701293933746,0.0272287842660962,3,2,3,0,mixed
1532,LOC105373378,-0.0074568543232549,2304,0.0208672093273776,1049,-0.0356826957504128,292,0.0184917753277842,1495,-0.0536158536730859,38,-0.01147928381831836,0.03287109525284656,0.027222877680383083,2,3,3,0,mixed
2259,SEPT10,-0.0490657308982597,79,0.0188508500657669,1205,-0.008853833299463,2092,0.0275497911156279,888,0.0316426949996945,535,0.00402475439667332,0.033617141306437164,0.0271925800757624,3,2,3,0,mixed
1155,IL6ST,0.0398485647836634,258,0.0255359875293493,711,0.0075082259574415,2221,-0.0427773101952002,234,-0.0198706222821676,1223,0.002048969158617278,0.03354145478283937,0.027108142149564397,3,2,3,0,mixed
72,ALOX15P1,-0.0330505222335206,504,-0.0202853447051703,1086,-0.0100006172606152,1982,0.0326857386460987,634,0.0390726531067504,259,0.0016843815107086004,0.032344584560567366,0.02701897519043104,2,3,3,0,mixed
151,ASB1,-0.0283829167236325,751,0.035819267765146,269,0.0102114983259061,1962,-0.0466734969409535,150,0.0140068310858029,1678,-0.0030037632975462,0.03362431511219541,0.027018802168288197,3,2,3,0,mixed
1074,HOXB3,-0.0170413685357524,1563,0.022219734315035,945,-0.0036499119049703,2568,0.053112768908154,58,-0.0389654509944796,264,0.0031351543575973404,0.035663613528288444,0.02699784693167826,2,3,3,0,mixed
2372,SLFN5,-0.0084083300100733,2227,-0.029263041544262,514,-0.0167574916775756,1368,0.0405031100117493,297,0.0393081403120094,253,0.00507647741836956,0.032652020771385355,0.026848022711133922,2,3,3,0,mixed
546,CSGALNACT1,-0.0149470723909263,1708,-0.0283675716042552,546,0.0401073955398006,187,0.0253846310382546,1013,-0.0250966889536883,876,-0.000583861274162921,0.031262022040397984,0.026780671905385002,2,3,3,0,mixed
1316,LCN6,0.0298285645482621,669,-0.0250802166534602,746,-0.0289920049568184,542,-0.0334407950253639,597,0.016536766697791,1465,-0.00822953707791788,0.029207969391811417,0.026775669576339124,2,3,3,0,mixed
997,GUCA2A,0.0443393143880546,146,-0.0230463348920009,874,-0.0120363107725156,1797,0.0421280997322078,247,0.0122817935197618,1817,0.01273331239510154,0.03064683566749696,0.02676637066090814,3,2,3,0,mixed
2081,PTPRK,0.0401747228929892,249,-0.0079271384464476,2137,0.0361141155439948,276,-0.0387023894351676,358,0.0108834278776492,1947,0.0081085476866036,0.032667485545387356,0.02676035883924968,3,2,3,0,mixed
134,ARHGEF3,0.0075867955760402,2293,-0.0369956090671502,241,-0.0197050535245554,1131,0.0245287571553592,1066,-0.0448405978697978,126,-0.013885141546020798,0.02942310766179347,0.026731362638580558,2,3,3,0,mixed
2515,TCL1A,-0.0234709847553623,1070,0.0153898101828263,1494,0.0300721309132459,479,-0.0185850258144321,1490,0.0459433265423266,113,0.00986985141372088,0.030253880098950085,0.02669225564163864,3,2,3,0,mixed
2265,SERPINB1,-0.0192388908637853,1381,-0.0332196296959164,355,-0.0116022848010072,1836,0.0525651684071055,64,0.0166272615410457,1451,0.001026324917488461,0.03406826886285296,0.026650647061772014,2,3,3,0,mixed
253,C1orf194,-0.0290520759744859,711,-0.0297667136972952,492,0.0205629532593241,1064,0.0396774394634687,318,-0.01418642993163,1662,-0.0025529653761236595,0.03120849742070671,0.02664912246524078,2,3,3,0,mixed
2383,SMIM8,0.0436715329047273,164,-0.0290194775330102,522,0.0337324742543527,351,0.0202240354420423,1362,-0.0065403258648058,2329,0.01241364784066126,0.029868490463518537,0.02663756919978766,3,2,3,0,mixed
2783,ZAP70,0.0198417570328381,1336,-0.0082852751311193,2113,0.014925901485774,1528,-0.0531571668270799,57,-0.0366608186081049,337,-0.012667120409538402,0.03182979716421866,0.026574183816983243,2,3,3,0,mixed
2382,SMIM25,0.034910334684392,430,-0.0133860277910379,1670,0.0487725927014905,56,0.0094815063292628,2138,-0.0262327193919166,815,0.01070913730643816,0.03154880911520412,0.026556636179619963,3,2,3,0,mixed
87,ANKH,-0.0476649234637874,99,-0.0228358904498818,895,0.0010574248159734,2825,0.0054470953738213,2471,0.055621999728775,32,-0.0016748587990199001,0.03841872235819806,0.02652546676644778,3,2,3,0,mixed
202,BLK,0.0224928235174103,1137,0.0349817978934109,289,-0.0169290076291723,1352,0.0457477280160944,173,-0.0123657683173304,1809,0.01478551469608258,0.0281467325524716,0.026503425074683663,3,2,3,0,mixed
1623,MAPK10,0.0241904152687148,1022,-0.0463649033360581,96,0.021486763481022,988,0.0246959986084681,1057,-0.0156225996598142,1535,0.00167713487246652,0.03176655284108716,0.026472136070815437,3,2,3,0,mixed
571,CYB5D2,-0.0304960078901021,635,-0.019130980909142,1182,0.030922267020458,444,0.0127242508023035,1905,0.0390702704878909,260,0.0066179599022816605,0.030502430860504668,0.026468755421979295,3,2,3,0,mixed
2696,TXK,0.0332508331413319,494,-0.0120404532911478,1787,-0.0350050254728773,312,0.0236204103204447,1116,0.0282869173287086,710,0.007622536405292019,0.029763654000404382,0.026440727910902063,3,2,3,0,mixed
299,CALD1,-0.038106387850546,299,0.0415149027779362,151,0.000179306204869,2901,-0.0406253770253881,293,0.0117630798248243,1864,-0.005054895213660919,0.03477300524727298,0.026437810736712718,3,2,3,0,mixed
2873,ZNF559,-0.0170687453602765,1560,0.026852717857345,631,-0.0128597420983094,1715,-0.0320985779183312,659,0.0431992948925577,153,0.0016049894745971197,0.03186456228657735,0.026415815625363957,2,3,3,0,mixed
542,CRY1,-0.0427029057011856,181,0.0159138970059929,1444,-0.0430835753368129,116,0.0236461917030406,1115,-0.006715875762933,2313,-0.010588453618379602,0.03153035583458324,0.026412489101993,2,3,3,0,mixed
1029,HECTD4,-0.004618275693385,2536,0.031347196226146,425,0.0030697190911462,2632,0.0448171839814242,186,-0.048155426817112,84,0.00529207935764388,0.036058608366256364,0.02640156036184268,3,2,3,0,mixed
1019,HBEGF,0.0217450829447782,1190,-0.0294953706787815,502,-0.0420014768446705,140,-0.0175183680580203,1569,0.0212220751935238,1125,-0.009209611488634062,0.029326330135926237,0.026396474743954863,2,3,3,0,mixed
2509,TCEANC,0.0262840922819037,871,0.040143197577922,173,-0.0213090160678912,1004,-0.0196082740305206,1415,-0.0246358915028278,900,0.00017482165171721977,0.030609078441660508,0.026396094292213058,2,3,3,0,mixed
77,AMFR,-0.0500200281078387,72,-0.030568728971425,459,-0.0018526028996662,2755,0.0107760292296892,2047,0.038640293121086,272,-0.006605007525630936,0.03475250702005403,0.02637153646594102,2,3,3,0,mixed
2822,ZKSCAN8,-0.0043317899414567,2561,0.044482275666081,114,0.0285945687958343,565,-0.017383423772624,1580,0.0370339273220305,322,0.01767911161397302,0.027046380879913103,0.026365197099605296,3,2,3,0,mixed
2652,TRIM2,-0.0378804856978113,308,0.0204798612935075,1074,0.0187054269431318,1205,0.0199334653092235,1388,-0.0347254655105897,394,-0.0026974395325076402,0.030704515166469125,0.02634494095085276,3,2,3,0,mixed
2337,SLC30A4,-0.0213651421734464,1229,-0.0293059047540486,512,-0.0093609017133424,2050,0.0338881636177173,574,0.0377870881155644,301,0.0023286606184888606,0.031432825973359065,0.026341440074823818,2,3,3,0,mixed
1670,MIR301A,-0.013892361298943,1793,-0.0375159570463586,229,-0.0405294531019776,172,0.0150511791530442,1742,0.0245877590463015,904,-0.0104597666495867,0.029694880035567483,0.02631534192932498,2,3,3,0,mixed
1197,JAKMIP1,-0.041426339347977,206,0.0438080372061747,124,-0.0185266728459697,1224,0.0197760110331814,1398,0.0076466205403868,2239,0.0022555313171592406,0.03317622504457324,0.02623673619473792,3,2,3,0,mixed
537,CRIP1,0.0477629788432793,96,0.0077926062434278,2153,0.0200091923281253,1113,-0.0351549562719449,513,-0.0204420534885824,1182,0.003993553530861019,0.03284966053845048,0.02623235743507194,3,2,3,0,mixed
1189,ITM2A,-0.0275638059269503,797,0.0500436950606401,62,0.0026427153463254,2674,0.0364176483106702,461,-0.0143820258343129,1639,0.009431645391274501,0.03301297797286461,0.02620997809577978,3,2,3,0,mixed
2288,SGTB,-0.0227054644791902,1118,0.0356159956408471,272,0.0292789704271578,524,-0.0108123589416842,2043,-0.0326018429984269,494,-0.0002449400702592808,0.030906239930501053,0.026202926497461244,2,3,3,0,mixed
378,CD22,0.0009074316507177,2850,-0.019810444665914,1117,0.0483568607874971,57,-0.0258232618705703,989,0.0359296538564018,356,0.00791204795162646,0.03307733930206621,0.02616553056622018,3,2,3,0,mixed
1108,IFIT2,-0.0037662590878827,2603,0.0041344347306631,2484,-0.037424680161041,249,0.0315141052779718,692,-0.0539008258691094,37,-0.011888645021879642,0.03399861541951824,0.026148061025333603,2,3,3,0,mixed
195,BFSP1,0.0126271175857494,1905,-0.0264579904757803,655,-0.0151549062595491,1509,0.0466450950380198,152,-0.0295983498616069,646,-0.00238780679463342,0.032064231011635226,0.026096691844141102,2,3,3,0,mixed
758,FAM102A,-0.0524465553303924,45,-0.006143420692219,2290,0.008991371163247,2083,0.03001617848906,768,0.0328545865594687,485,0.0026544320378328588,0.0346929110953669,0.026090422446877416,3,2,3,0,mixed
1578,LRRTM3,-0.0073924193031026,2309,-0.0215443466530127,998,0.03884304516657,216,0.0253275792795681,1018,0.0371075082829346,318,0.014468273354591481,0.027383332829867598,0.026042979737037602,3,2,3,0,mixed
560,CXCL13,0.0403261382361404,243,0.0063286205505572,2274,-0.0153936908791864,1488,-0.0447822553555076,189,0.0231432112875435,983,0.0019244047679094199,0.0332631798572731,0.025994783261787023,3,2,3,0,mixed
1872,OSBP2,0.0286367488498738,736,-0.0264082587139117,657,0.0123438370148163,1755,-0.0188476946826714,1473,0.0436027581831552,145,0.00786547813025244,0.030070488897682147,0.02596785948888568,3,2,3,0,mixed
1543,LOC284009,-0.0011870378145698,2826,0.0431193877295538,130,-0.0444640708092409,102,0.032610868798332,640,0.0083590008070398,2179,0.007687629742222981,0.03418913443215754,0.025948073191747262,3,2,3,0,mixed
2335,SLC2A6,0.0199133235440728,1330,0.0275705158213712,579,0.0186909884190736,1209,-0.0500542215924243,101,-0.0134666193794045,1713,0.0005307973625377618,0.03237048444510149,0.025939133751269283,3,2,3,0,mixed
1277,KLRB1,-0.0103112359621341,2078,-0.0426770937217196,137,0.0460375257870801,83,0.006928931135379,2336,-0.0236635040134391,965,-0.0047370753549667395,0.033700451742057616,0.025923658123950376,2,3,3,0,mixed
2898,ZNF781,0.0443987224744117,144,0.0311900609312547,430,-0.0222127427865833,929,0.0209531119595784,1316,-0.010295706389381,2000,0.012806689237856097,0.028117834309517826,0.025810068908241817,3,2,3,0,mixed
611,DIP2A-IT1,-0.0170655629886603,1561,-0.0321465007263956,396,0.0340065713758405,343,-0.0252280494132479,1021,0.0204716677131184,1179,-0.003992374807868981,0.02939781547553022,0.02578367044345254,2,3,3,0,mixed
2367,SLCO3A1,-0.0327247316592792,526,-0.0274321899497377,589,0.0371319103967556,257,0.0074005721905571,2299,0.0239811117070137,944,0.001671334537061899,0.030895417415455987,0.025734103180668662,3,2,3,0,mixed
1889,PALLD,0.0315702855927744,585,-0.0267221495110987,639,0.000622785984408,2861,0.0424722152171803,241,-0.0270524481663647,765,0.004178137823379861,0.03224741814540263,0.025687976894365222,3,2,3,0,mixed
2223,SCG2,-0.0232014889856051,1089,-0.013454159870568,1662,-0.0403982721112664,177,0.0464118690948099,157,0.0049616804343325,2462,-0.005136074287659421,0.03315918978470489,0.02568549409931638,2,3,3,0,mixed
2749,VWC2L,-0.0279843690365423,772,0.0055576903260118,2355,-0.0222576561052133,926,-0.0243289014340083,1078,0.0482918189591048,81,-0.004144283458129459,0.03220068277183416,0.0256840871721761,2,3,3,0,mixed
987,GREM2,0.0503302782768999,66,0.0064467759873159,2259,-0.0210242167410706,1025,-0.0434415363978245,218,-0.0071766714888675,2271,-0.0029730740727093607,0.03503994639226021,0.025683895778395676,2,3,3,0,mixed
268,C3orf58,4.9632756940056616e-05,2914,-0.0195890597897495,1142,0.0352700115791411,303,0.0320443090449796,661,-0.0414601581917646,202,0.0012629470799093323,0.03303602097133044,0.02568263427251497,3,2,3,0,mixed
1080,HPX,-0.012081393097118,1951,-0.0174634612570045,1327,-0.0331300657958076,365,0.0196583842024614,1408,0.0460789048268772,110,0.0006124737758816986,0.031844841484696566,0.02568244183585374,2,3,3,0,mixed
2535,TEX29,-0.0041250827249792,2581,0.0194783910093038,1148,0.0446348340021263,98,0.0095842945282861,2129,-0.0505423776805663,63,0.003806011826834141,0.035223055103428186,0.025672995989052337,3,2,3,0,mixed
2604,TNFRSF18,-0.0162290218898863,1614,-0.018194201780572,1269,-0.0309984350141383,441,0.0347090770752858,538,0.027952778871686,726,-0.0005519605475249586,0.02974839356628236,0.025616702926313684,2,3,3,0,mixed
2605,TNFRSF19,0.0172156107505832,1555,-0.0267766167797924,635,-0.0122965604211949,1762,0.0203318359732564,1358,0.0514385849262153,53,0.00998257088981352,0.03051894011627721,0.02561184177020844,3,2,3,0,mixed
2626,TPD52,0.0248838055185357,966,0.0165572348351882,1392,0.0302323161225189,473,-0.0511630412068017,82,-0.0050357800121214,2452,0.0030949070514639373,0.03317552696709262,0.02557443553903318,3,2,3,0,mixed
2018,PPP1R13B,-0.0208270212152878,1265,0.0407264007723011,164,0.0075129286362719,2220,-0.0286675775836304,838,0.0300319379693647,625,0.005755333715803901,0.030442472801456774,0.02555317323537118,3,2,3,0,mixed
1961,PIK3R5,-0.0155743665932461,1656,0.0352631987350151,280,0.0012863978121114,2806,0.0331054996037155,615,-0.0425300561410821,175,0.0023101346833027587,0.03303711952954285,0.025551903777034042,3,2,3,0,mixed
2733,VCPKMT,0.0027931651983672,2692,0.0447692654941059,109,0.0392954969605065,204,-0.0063282684351955,2392,-0.0345439992550669,403,0.009197131992543437,0.0330402166592507,0.025546039068648396,3,2,3,0,mixed
2892,ZNF683,0.034629375199002,438,-0.034365601825939,312,-0.0096921181663701,2012,-0.0094752744210478,2139,0.0395110045810924,246,0.0041214770733475,0.03178086221342075,0.025534674838690263,2,3,3,0,mixed
616,DKK1,-0.0155294613903922,1660,-0.0418788662648998,146,0.027247655891123,626,-0.0273918648164555,900,0.0154519477793373,1550,-0.00842011776025744,0.029034563002934194,0.02549995922844156,2,3,3,0,mixed
1506,LOC102723471,0.0180908836560226,1473,-0.0148356209331535,1529,-0.0220272850326039,944,0.0216607432572862,1255,-0.050654416719194,60,-0.00955313915432852,0.030047139626533298,0.025453789919652036,2,3,3,0,mixed
874,FOXJ1,0.0373611690647217,328,-0.0177461787932456,1300,0.0218272756816914,957,-0.0215071749697263,1269,-0.0287310241538298,692,-0.0017591866340777196,0.02940990655955871,0.02543456453264296,2,3,3,0,mixed
1112,IFITM10,-0.0176399396474448,1509,-0.0506779268376378,55,-0.0204933574999286,1071,0.021595800485186,1263,0.0167553796050861,1442,-0.010092008778947819,0.029737499807822785,0.025432480815056658,2,3,3,0,mixed
1352,LINC00431,-0.0502026267814487,67,0.0136646168824234,1643,0.0298099000335414,495,-0.0013931774902214,2810,-0.0319720091717335,521,-0.00801865930548776,0.03278075448727429,0.02540846607187368,2,3,3,0,mixed
2000,PMCH,-0.0260135620995898,893,0.0181490380809366,1271,0.0339933305274727,344,0.0331152822386814,614,-0.0157420809297801,1524,0.00870040156354416,0.027962428406860404,0.02540265877529212,3,2,3,0,mixed
2897,ZNF75A,0.0286703857318223,734,-0.0309829040616501,443,-0.0112900640185273,1868,0.0227115985551152,1181,-0.0333033398917871,457,-0.004838864737005399,0.029228637518745104,0.025391658451780402,2,3,3,0,mixed
1779,NCR3,0.0206667176665956,1275,-0.0176770876270004,1306,0.0115721758741191,1838,-0.0296945755943375,782,-0.0473437437808691,98,-0.01249530269229846,0.028355082651089953,0.02539086010858434,2,3,3,0,mixed
1153,IL5RA,-0.0196147621790982,1350,-0.002491327748278,2661,0.0341837530150086,338,0.0391200975569174,339,-0.0313595800727563,547,0.003967636114358701,0.03160130216069253,0.025353904114411702,2,3,3,0,mixed
1948,PGLYRP1,-0.0291084749192965,709,-0.0264315680412976,656,-0.0076053187727105,2208,0.0251834841301831,1025,0.0383935683562577,280,8.633815062723815e-05,0.030463127989276435,0.025344482843949086,2,3,3,0,mixed
890,FSIP2,0.0379911777615288,304,-0.0226329238536309,913,-0.0130166122281319,1695,-0.0267368616500911,941,0.026315011398479,806,0.00038395828563077966,0.029713690025569683,0.02533851737837234,2,3,3,0,mixed
1689,MLLT11,0.0145826715945585,1739,0.0192334610169756,1172,-0.0390433196368244,211,-0.0146779373075911,1772,-0.0391349118879598,257,-0.01180800724416824,0.02809269984569748,0.02533446028878188,2,3,3,0,mixed
2131,RCBTB2,-0.0171317445220842,1558,-0.0482899265400517,73,0.0034702283339291,2591,-0.0336236416914353,588,0.0241171638802123,935,-0.01429158410788596,0.028846126919217015,0.025326540993542517,2,3,3,0,mixed
2438,SRD5A1,-0.0205197756777097,1290,0.0364560162078069,259,-0.0360062435022746,279,0.0282408682067704,856,0.0054014776100499,2426,0.0027144685689285803,0.030969471993150116,0.0253248762409223,3,2,3,0,mixed
104,AOAH-IT1,-0.005358562429122,2471,-0.0113959589245982,1850,-0.0306627008622701,455,0.0349780360141052,524,0.0441744607545521,134,0.006347054910533399,0.031906910503290115,0.025313943796929517,2,3,3,0,mixed
1835,NRADDP,0.0452665643475503,133,-0.0014345606248132,2774,-0.0432178407214131,113,-0.0142541628356427,1795,0.022385258479664,1044,0.0017490517290690596,0.03394070791185048,0.02531167740181666,2,3,3,0,mixed
671,EDA,-0.0249744419985263,960,0.0036729088392632,2536,-0.040339011778284,179,0.0098923831324325,2108,0.047664509593837,90,-0.00081673044225552,0.03402527868920072,0.0253086510684686,3,2,3,0,mixed
1271,KLHL14,-0.0092525538559574,2164,0.0334748696144508,344,-0.0116733667664552,1832,-0.030554838299883,740,0.0415605291650179,196,0.0047109279714346195,0.031194373116293465,0.025303231540352862,2,3,3,0,mixed
1603,MAGI3,-0.0318591732857842,568,-0.0246214764255029,773,0.0215685630402151,982,-0.0175334979223772,1566,0.0305794616437688,589,-0.004373224589936079,0.028431182233120286,0.02523243446352964,2,3,3,0,mixed
1774,NCALD,-0.0043449639625353,2557,-0.0442101364300362,120,0.0358892529891334,286,0.0109529571376024,2034,-0.0306464786397793,580,-0.006471873781123001,0.03205932597154389,0.025208757831817318,2,3,3,0,mixed
1414,LINC01730,-0.0351632384965029,422,-0.0225563240395865,918,0.0267068789874821,650,-0.0244645964180566,1070,0.0171400221533776,1420,-0.00766745156265726,0.027644376693013766,0.02520621201900114,2,3,3,0,mixed
1988,PLEKHH2,0.0126883327654372,1900,0.0444652861536693,116,0.0216547651737785,976,-0.0355525266532668,487,-0.0115276300354224,1888,0.00634564548083916,0.030832680059670447,0.025177708156314843,3,2,3,0,mixed
430,CEP112,-0.0269268812888034,838,-0.0173639376425515,1335,0.0320582023713646,396,0.0017897507581334,2778,-0.047697391766005,88,-0.011628051513572383,0.030234409555685186,0.025167232765371583,2,3,3,0,mixed
930,GDF15,0.0196146057410278,1351,0.0382674749935579,209,-0.0247565651503031,774,-0.012163612224046,1952,0.0307378887656267,574,0.01033995842517266,0.02747825269978628,0.0251080293749123,3,2,3,0,mixed
2713,UNC5CL,0.0399146390459812,256,0.0273824375274584,591,0.0179884308479948,1270,-0.0251400195485559,1030,-0.0150570126845086,1581,0.009017695037673978,0.027922661202014736,0.02509650793089978,3,2,3,0,mixed
1095,IBSP,0.0290513085524675,712,-0.0038319927305244,2523,-0.0418750070426291,143,0.0191029806161615,1452,0.031569439525279,540,0.006803345784150899,0.03058718981365308,0.025086145693412297,3,2,3,0,mixed
2119,RBAK,-0.03137220505507,591,0.0474448462647269,85,-0.0340952950202888,340,-0.0047940707683345,2534,0.0077137787452061,2228,-0.0030205891667520607,0.03329633437824558,0.025084039170725263,2,3,3,0,mixed
366,CCSER2,-0.0246035934827158,990,-0.0087497875801965,2071,0.0352199424501129,305,-0.0353548856982599,500,0.021450206941987,1108,-0.002407623473814459,0.030014313284595313,0.02507568323065442,2,3,3,0,mixed
2136,REP15,0.0438897142291134,159,-0.0160009465447773,1430,0.0253928573196956,734,-0.0316094279761277,689,-0.0083680045584185,2178,0.002660838493897099,0.03106812529794473,0.0250521901256265,2,3,3,0,mixed
733,ERVH48-1,0.0061186429869713,2421,0.0283649424466745,547,-0.0359937829885442,280,0.0247468139280956,1053,-0.0299596056604877,629,-0.0013445978574581005,0.03016000339756236,0.02503675760215466,3,2,3,0,mixed
867,FN1,-0.033872752556466,465,0.0022605018958053,2686,-0.0162657271468982,1408,-0.0346260604790598,543,0.0380165559598905,291,-0.00889749646534564,0.030271448960970865,0.025008319607623963,2,3,3,0,mixed
2536,TEX38,0.0427370920942873,180,-0.0261913706477589,674,-0.0286989909226205,562,-0.0156832214218027,1697,0.0116506973810124,1876,-0.003237158703376481,0.03027121247297308,0.02499227449349636,2,3,3,0,mixed
1935,PDZD4,-0.0014546722104917,2800,0.0469557954488059,90,-0.0292167630229694,527,0.0235136411550852,1121,-0.0238190292772931,955,0.00319579441862738,0.03213158105844794,0.024991980222929058,2,3,3,0,mixed
675,EDN3,0.0204133338799098,1303,0.0300891130503889,478,-0.020785976095763,1048,-0.0327297561595669,631,0.0209373369786627,1150,0.0035848103307263,0.02828193071110847,0.024991103232858258,3,2,3,0,mixed
1022,HBM,0.0284055926211794,748,0.0475703940971934,82,-0.0093400981664266,2052,-0.0323682363405307,649,-0.0070943963839242,2280,0.00543465116549826,0.03204455311701433,0.02495574352185086,2,3,3,0,mixed
2449,STAMBPL1,-0.0391572364251084,271,0.0016828796808572,2749,0.0509863688993796,46,-0.0006986730619609,2865,-0.032159018766062,505,-0.0038691359345788988,0.035691632876830845,0.024936835366673623,2,3,3,0,mixed
1701,MORC4,0.0417542156447301,201,-0.0245966993956142,775,0.0226583542759349,902,-0.0092645386690264,2150,-0.0259416487527277,831,0.0009219366206593395,0.030068106628352197,0.02484309134760666,2,3,3,0,mixed
128,ARHGAP29,0.0128458616122402,1880,-0.0010950114321537,2801,-0.0262740744672347,675,0.0508139217163637,87,-0.0330810859293671,468,0.00064192229996968,0.03365596070896686,0.02482199103147188,2,3,3,0,mixed
2786,ZBED6,-0.0148111543244774,1718,-0.0319198320910217,401,0.0130293564519722,1692,0.0384823635548059,374,-0.0257401141648802,841,-0.004191876114720239,0.029426165048620265,0.02479656411743148,2,3,3,0,mixed
1753,MYO15A,0.030410538562025,643,-0.0279211981832076,559,0.0232418851297244,862,0.0124714221982928,1923,-0.0297827538673604,638,0.0016839787678948406,0.028604847775857447,0.02476555958812204,3,2,3,0,mixed
951,GLYATL2,-0.0270071934328338,833,-0.0172561674586291,1346,0.039113056126426,209,0.0223653655756988,1206,0.0180799686399175,1356,0.00705900589011588,0.027995276363162153,0.024764350246701036,3,2,3,0,mixed
937,GIMAP4,-0.013357049294862,1832,0.0379084537051644,219,0.0218701022972214,956,-0.0164829832361094,1640,0.0341683222261837,420,0.01282136913951962,0.026033576635414248,0.024757382151908182,3,2,3,0,mixed
682,EGR1,0.0087040436742805,2209,0.0390182885708556,199,-0.0181738923184526,1256,-0.0479584176744947,135,0.0098410860655911,2038,-0.0017137783364440206,0.03282776721444967,0.0247391456607349,3,2,3,0,mixed
177,BAALC,0.0242192021852951,1019,0.0100306339990272,1971,0.0203805319756225,1077,-0.0350797550977121,518,-0.0339631162472477,430,-0.0028825006370030008,0.029347435534693316,0.02473464790098092,3,2,3,0,mixed
1308,LAX1,0.0463151724932949,118,0.0250155005706679,749,0.0266684332122513,655,-0.0075059134319852,2285,-0.0181386011064104,1351,0.014470918347563703,0.026553653229441445,0.02472872416292194,3,2,3,0,mixed
165,ATP7A,-0.0225855505280849,1128,-0.0068571564258662,2225,0.0260103248759253,692,0.0468698301361727,148,-0.0212721563179949,1123,0.004433058348030398,0.03075991818455608,0.0247190036568088,2,3,3,0,mixed
2300,SHD,-0.0339522407524732,459,0.0409347215471552,158,-0.0320802021878626,395,-0.0126581682360034,1911,0.0039563346476436,2569,-0.006759910996308081,0.030842119237401048,0.0247163334742276,2,3,3,0,mixed
638,DNTT,-0.0074110605625405,2307,0.0397650329007766,182,-0.018565793027554,1218,0.0169319894386133,1608,0.040770882106387,221,0.01429821017113648,0.026961237706176103,0.024688951607174277,3,2,3,0,mixed
848,FLICR,-0.0148910606272239,1713,0.0119478518991312,1799,0.0240943897863302,811,-0.0419633932877953,254,-0.0305226212326467,591,-0.010266966692440902,0.027886099712052727,0.024683863366625463,2,3,3,0,mixed
2100,RANBP3L,-0.0282438013857385,758,0.0021258849770847,2695,0.0275304240869424,612,-0.022613541431188,1186,-0.0428869570999429,166,-0.012817598170568458,0.02779102906110772,0.0246801217961793,2,3,3,0,mixed
1452,LOC100130027,-0.0239415481974115,1036,-0.0335489163179862,338,0.0161810164965392,1416,-0.0393803556651389,331,0.0102840291618256,2002,-0.01408115490443436,0.025620947786734148,0.02466717316778028,2,3,3,0,mixed
351,CCL21,-0.0329320686020971,515,0.0017313758970649,2745,-0.0299777898388315,484,0.0390167537190123,344,-0.0196318998680761,1248,-0.0083587257385855,0.029768119573912812,0.024657977585016377,2,3,3,0,mixed
473,CLEC2A,0.0126102644695335,1907,-0.0124267021066097,1747,-0.0112507835645365,1874,-0.047262742106267,145,0.0396687479555379,242,-0.003732243070468359,0.03231775823805018,0.024643848040496918,2,3,3,0,mixed
2173,RNF152,0.0317568796114695,572,-0.0329400629552333,360,0.0215157020466843,987,-0.01977453773397,1399,-0.0172021165343111,1416,-0.0033288271130721197,0.02823124284734201,0.02463785977633364,2,3,3,0,mixed
1064,HLA-DRB5,0.0409024210078189,223,0.0015834734627332,2756,-0.0408173288312829,169,-0.0312116510777345,708,-0.0085686999943682,2157,-0.007622357086566699,0.032010380778136595,0.02461671487478754,2,3,3,0,mixed
0,A2M,-0.0175710201479089,1516,-0.0240494026677044,810,0.0393763794018804,200,0.0340967952254752,566,-0.0078647103379823,2217,0.004797608294752,0.02977823726780779,0.02459166155619024,2,3,3,0,mixed
434,CEP135,0.0175406465687315,1521,-0.0040039067150547,2503,-0.0420961854872905,138,0.0362379380177692,468,0.0230255437637645,993,0.006140807229583999,0.030621114585586775,0.024580844110522082,3,2,3,0,mixed
1219,KCNQ1OT1,-0.0128780901814028,1877,0.0125018559618696,1741,-0.0317167080642153,411,-0.0152370833024624,1726,0.0505451484363266,62,0.0006430245700231388,0.032066355088591444,0.02457577718925534,2,3,3,0,mixed
1185,ITGB3,-0.0501959810554571,68,0.0202579584078142,1088,-0.0014260740123068,2795,0.0175297823221375,1568,0.0334569088398407,449,0.0039245189004057,0.03271736486348588,0.02457334092751126,3,2,3,0,mixed
2684,TTC22,0.043136028986372,171,-0.0053317954651904,2376,0.007628760369663,2205,-0.0333465807570264,602,0.0333603119678979,455,0.009089345020343219,0.030656022747005424,0.02456069550922994,3,2,3,0,mixed
243,C19orf18,-0.0219603603676242,1175,0.0145473164709847,1558,0.0083280833195944,2139,-0.0525785502310097,63,0.0252571240527688,868,-0.0052812773510572,0.03172619431667949,0.02453428688839636,3,2,3,0,mixed
2852,ZNF354B,0.031187411523177,598,0.0206687479683384,1064,-0.0219990212513574,948,0.0305123357453113,744,-0.0182822683865205,1339,0.00841744111978976,0.026432868322781827,0.024529956974940918,3,2,3,0,mixed
584,DCAF4L1,-0.0238918967871321,1039,-0.024881143092956,757,-0.0229398354457642,884,0.0213151609959515,1278,0.0295801935398451,647,-0.004163504158011139,0.027197335199183627,0.02452164597232978,2,3,3,0,mixed
915,GAREM1,0.0069518545812787,2345,-0.0100019864034751,1975,-0.0310229694051574,440,0.0442006755207242,205,-0.0303055798641743,606,-0.00403560111416078,0.031230954798392708,0.02449661315496194,2,3,3,0,mixed
1123,IGFBP6,0.012925538738677,1871,0.0332661551179672,351,-0.0185596709583977,1219,-0.0223395815879634,1208,-0.0353873262991019,369,-0.00601897699776376,0.028232726408053573,0.024495654540421442,2,3,3,0,mixed
1274,KLHL36,0.0410237600850074,218,-0.0090955454909193,2047,-0.0204686906705297,1072,0.0350170997438507,522,-0.0168347296587545,1434,0.005928378801730921,0.02965856603970231,0.02448796512981232,2,3,3,0,mixed
2836,ZNF211,0.050538242348365,65,0.0148029210483288,1534,0.0328998838288853,371,-0.0211753384412157,1294,-0.0028150811288044,2657,0.014850125531111799,0.028325479985307236,0.02444629335911984,3,2,3,0,mixed
1140,IL1B,0.0046082775024875,2538,-0.0287751217644273,529,0.0065772930785094,2299,0.0508247800882608,86,-0.0312921654325168,551,0.00038861269446272136,0.033369549845940163,0.02441552757324036,3,2,3,0,mixed
1345,LINC00310,0.0120804868195539,1953,-0.0287661679391267,530,0.031437962168416,421,-0.0199406776506227,1386,-0.0298179710467147,635,-0.007001273529698838,0.027401774177608754,0.0244086531248868,2,3,3,0,mixed
293,CACNB4,-0.038489568213646,283,0.0182460010347076,1268,0.0393065294712926,202,-0.0113723760457851,2006,-0.0146226352257273,1619,-0.0013864097958316394,0.03038465242260717,0.02440742199823172,2,3,3,0,mixed
1952,PHLDA1,-0.0259259202174946,899,-0.0270813941702361,612,0.0310411836305298,438,-0.0241411236969133,1087,0.0137669464654302,1693,-0.006468061597736802,0.02707514494274669,0.0243913136361208,2,3,3,0,mixed
2188,RPS6,0.0402556347081789,245,-0.0091855863187618,2040,0.0136683657927302,1642,0.0474172513392524,142,-0.0113656588828806,1902,0.01615800132770382,0.027220783590406996,0.02437849940836078,3,2,3,0,mixed
2273,SESN2,-0.0089213904660241,2186,0.0412188434190608,153,-0.0384902252821112,226,0.0072184115108338,2311,0.0260191940567147,822,0.0054089666476948,0.030995568336624073,0.024373612946948918,3,2,3,0,mixed
271,C5orf56,0.0234775853842064,1069,0.011491840448353,1838,-0.0067331625248994,2287,0.0318053839454075,676,-0.0482286969814424,83,0.00236259005432502,0.03177371315871193,0.02434733385686174,3,2,3,0,mixed
2101,RANBP6,0.0321781062162743,548,0.0053508655761216,2373,0.029364774088186,520,-0.0526955288073217,61,-0.002116561127662,2720,0.0024163311891196404,0.0341996255262488,0.02434116716311312,3,2,3,0,mixed
2631,TPSD1,0.0139553353819849,1787,-0.0261917160016266,673,0.0223081128501715,925,-0.0321983406641143,655,0.0270280553989017,769,0.000980289393063441,0.028021658388500233,0.0243363120593598,3,2,3,0,mixed
184,BCL11B,0.0252874387817924,945,-0.0297843313909435,490,-0.0095665442821763,2027,-0.0371224631704811,426,0.0199081395715637,1219,-0.006255552098048961,0.028270264231338743,0.0243337834393914,2,3,3,0,mixed
841,FGF9,-0.0147374662841086,1729,-0.0343606308574427,313,0.0168457543474769,1359,0.0221925570760985,1220,0.0334165037117939,452,0.004671343598763599,0.028203237224385676,0.024310582455384123,3,2,3,0,mixed
2756,WDR86,0.0243187492209836,1007,-0.0252470186951494,731,-0.0465903499246843,75,0.0068597970666888,2340,-0.0184830996245159,1328,-0.011828384391335439,0.02778759895956664,0.0242998029064044,2,3,3,0,mixed
2483,SYTL5,0.044194613778802,151,-0.0005061806951874,2868,-0.0413792532123718,160,0.0278348107782152,874,0.0075595292833121,2248,0.00754070398655402,0.03245487171961776,0.024294877549577702,3,2,3,0,mixed
2510,TCERG1L,0.0335327826563081,476,0.0018788555235575,2729,-0.0082287610784379,2148,-0.0576172915206986,37,0.0200471055254415,1210,-0.00207746177876588,0.03498481672296499,0.02426095926088872,3,2,3,0,mixed
2192,RSPO3,0.0033996173905001,2643,-0.0155310539867133,1480,-0.0416706608481324,154,0.0217356702425629,1249,0.038934905445306,266,0.0013736956487046593,0.03149661107211406,0.024254381582642943,3,2,3,0,mixed
1534,LOC105374297,0.0251082769042992,954,-0.0268871164146273,627,-0.002322246018761,2710,-0.0325464508462197,642,0.0343734947268745,409,-0.0004548083296868607,0.029993790082733954,0.024247516982156343,2,3,3,0,mixed
338,CCDC50,0.0186261887265205,1435,-0.0083562314650207,2104,0.0424293022384834,132,-0.0486826670305209,118,-0.0029125711369144,2647,0.00022080426650958034,0.03389413137413741,0.02420139211949198,2,3,3,0,mixed
2213,SAMD8,0.0048832969116976,2513,0.0063520509473154,2271,0.0386369515367945,222,-0.0264613975196895,960,-0.0445891615976981,129,-0.00423565194431602,0.03223237626104929,0.024184571702639022,3,2,3,0,mixed
2162,RIN2,-0.0107062516817751,2054,0.0286641748606253,532,-0.0054553237666532,2397,-0.0490997677270817,114,0.0268836225534152,775,-0.0019427091522939005,0.03194004172316022,0.0241618281179101,2,3,3,0,mixed
1332,LILRA4,-0.0175086787764311,1524,0.0266635586630177,646,0.043177343890462,115,0.0200852702841166,1373,-0.0132371676652706,1731,0.011836065279178923,0.026267664067381548,0.0241344038558596,3,2,3,0,mixed
2871,ZNF546,-0.0231512856679124,1091,0.0077978710475662,2151,0.0327985251984838,374,-0.0227707802884886,1178,-0.033990360441003,429,-0.0078632060302708,0.027555557827010243,0.0241017645286908,2,3,3,0,mixed
1081,HRAS,0.0053436580637683,2473,0.0304890633246388,461,-0.0425676856443347,128,0.0192414167701009,1438,-0.0227311650898174,1014,-0.0020449425151288204,0.0301503505835403,0.024074597778532016,3,2,3,0,mixed
139,ARL13B,-0.024005646971348,1029,0.0359047971070601,266,-0.0088765854404542,2090,0.0199079117201353,1389,-0.0316200189971909,536,-0.0017379085163595404,0.02883256939329663,0.024062992047237698,2,3,3,0,mixed
1434,LINC02471,-0.022508516079197,1136,0.0332422077180682,354,0.0218204736425465,958,-0.032265226191307,653,0.0104511616162929,1986,0.0021480201412807194,0.028350539623228813,0.024057517049482318,3,2,3,0,mixed
1251,KIF5C,0.0416028769097166,204,-0.0446680318270688,110,-0.032195564028357,389,0.0005449723027532,2877,0.0012091958790676,2796,-0.00670131015277768,0.03368904917862484,0.02404412818939264,3,2,3,0,mixed
2293,SH2D3A,-0.0344615587931058,445,0.0132652497022853,1680,0.0446254488732914,99,0.0121803861052903,1949,-0.0155088133860234,1542,0.00402014250034756,0.03026166692764279,0.02400829137199924,3,2,3,0,mixed
663,DYRK2,-0.0049257947194957,2510,0.03690126327124,245,0.0200939655749299,1101,-0.0381006290692703,387,-0.019928895929366,1217,-0.0011920181743924208,0.030130750193762445,0.02399010971286038,2,3,3,0,mixed
2855,ZNF394,0.0133434646150144,1833,-0.040885185993307,161,0.0349331014569498,315,-0.0279396044016606,872,0.0028238898547664,2655,-0.0035448668936474,0.0308047622154666,0.02398504926433964,3,2,3,0,mixed
2705,UBL3,-0.0098652629826396,2119,-0.0277754531903584,571,0.0287386960669603,559,-0.0370196858758716,436,0.0165133379427672,1468,-0.005881673607828421,0.028128672717934386,0.02398248721171942,2,3,3,0,mixed
2437,SRCIN1,0.0408209064055245,226,-0.0009341374341381,2815,0.0390314331842066,212,0.0222478219690605,1215,-0.0168749595711979,1431,0.01685821291069112,0.025245816084617092,0.023981851712825523,3,2,3,0,mixed
1035,HERC5,0.0327873227947259,524,-0.0513400856534043,50,0.0027108153574908,2667,-0.0016001452503692,2798,0.0314665198211799,543,0.002804885413924618,0.03417428446361241,0.02398097777543402,3,2,3,0,mixed
1944,PGAP1,0.0372924983460803,331,-0.0140282557012637,1607,-0.0289252807634998,543,0.0191165408130124,1450,0.0205246687932123,1173,0.0067960342975082995,0.027294541620174795,0.023977448883413698,3,2,3,0,mixed
1283,KLRF1,-0.0115519677430494,1992,0.0019966589293922,2714,-0.0351019350405806,310,-0.0308444750855649,726,0.0403858195389779,231,-0.007023179880164961,0.03043579814216751,0.023976171267513002,2,3,3,0,mixed
2635,TRAF6,-0.0320099491355514,555,-0.0348195135070672,292,-0.0149282504993281,1527,0.0295733243854723,787,0.0082876579120064,2187,-0.008779346168893599,0.02746711770739966,0.02392373908788508,2,3,3,0,mixed
1517,LOC105369423,0.0382122679036154,296,-0.0154494696325865,1486,0.0210840673610133,1023,-0.0127577328661471,1902,-0.0320661960437568,517,-0.00019541265557233983,0.028871314365735323,0.023913946761423815,2,3,3,0,mixed
2531,TEKT5,0.0128362885798488,1882,0.0319386096283522,400,-0.0414358118978531,158,-0.0197044735160663,1404,-0.0136467829102605,1699,-0.00600243402319578,0.028705950979120768,0.023912393306476182,2,3,3,0,mixed
439,CEP85L,-0.0239504510239711,1035,0.0390084133039582,200,-0.0120015059443503,1802,-0.0024150310055634,2717,0.0419660176322552,186,0.00852148859246572,0.030179532506267003,0.02386828378201964,2,3,3,0,mixed
2481,SYTL2,0.0353283612186373,414,0.0233939741699724,856,0.0177774415620069,1289,-0.038145311826372,386,-0.0046760861555413,2494,0.006735675793740662,0.028989189866326478,0.02386423498650598,3,2,3,0,mixed
698,EMP1,0.0225280128743823,1133,-0.02587813166333,693,-0.0319261241836248,400,0.0255585327651957,998,-0.0134152025329553,1715,-0.004626582548066421,0.027030752827014632,0.023861200803897625,2,3,3,0,mixed
959,GNRH1,-0.0407661636460517,231,-0.0232998907507989,860,0.0098251948343289,1996,0.0249793208416453,1040,0.0203772000770729,1187,-0.0017768677287606977,0.028830148798660898,0.023849554029979538,3,2,3,0,mixed
2156,RHOB,-0.0319946883773376,556,-0.0056033149193636,2353,0.0343874170523411,331,0.0055382467210162,2467,-0.0416813988447248,193,-0.007870747673613739,0.030396626110752556,0.023841013182956658,2,3,3,0,mixed
1357,LINC00494,0.0352021143854911,419,-0.0211749837675451,1022,-0.0054195357334333,2400,-0.0323909021560836,647,0.0250050993942249,881,0.0002443584245308002,0.029116434986673805,0.0238385270873556,2,3,3,0,mixed
637,DNM3OS,-0.0354926338771089,402,0.0281635858030736,551,0.0210644687276205,1024,-0.0262852710809851,970,-0.0081288394461742,2201,-0.004135737974714821,0.028142931311270453,0.023826959786992463,2,3,3,0,mixed
1312,LBX2,-0.0359657273998544,384,-0.0222801219946672,940,0.0006349226919562,2860,0.041045649785573,278,-0.0191846983091542,1276,-0.007149995045229321,0.02994798148507594,0.023822224036241,2,3,3,0,mixed
1572,LRRC34,-0.0213655759686399,1228,0.0239543440153246,817,0.0141560991073683,1600,-0.037050879238414,431,-0.0225773973516703,1026,-0.008576681887206259,0.02619829545102582,0.023820859136283422,2,3,3,0,mixed
1326,LGMN,0.031625663058083,581,-0.0302531839612934,471,0.0094335833023386,2041,0.028743981738659,832,-0.0189745023804938,1298,0.004115108351458681,0.0278657847576554,0.02380618288817356,3,2,3,0,mixed
486,CLSTN3,0.0205636294845934,1285,-0.0346429564695215,302,0.0159110663390941,1439,0.0376647871758939,405,-0.0101531619183941,2009,0.005868672922333161,0.028397515750395015,0.0237871202774994,3,2,3,0,mixed
567,CXCR3,-0.005624408686697,2455,-0.03427692528829,318,0.0205334176834696,1067,0.0089027214097441,2169,0.0495050665765995,71,0.007807974338965238,0.031037681014056108,0.023768507928960042,3,2,3,0,mixed
8,ABCC6P1,0.0095949948927239,2136,-0.0067833884922851,2234,0.0144646145956036,1563,0.0466275175038273,153,-0.0413099878743307,208,0.004518750125107801,0.032116383416837556,0.02375610067175412,3,2,3,0,mixed
383,CD274,0.0352825697394591,416,0.009502616141109,2014,-0.0238130812828383,828,-0.0326770764185456,635,0.0172560983552058,1411,0.0011102253068779988,0.028555312700423923,0.023706288387431558,3,2,3,0,mixed
1128,IGSF11,0.0175405925014551,1522,-0.0411036127006464,155,-0.0200514012582124,1108,0.0205503391525471,1340,0.0192354348981787,1271,-0.0007657294813355794,0.02823395447674012,0.023696276102207942,3,2,3,0,mixed
1940,PELI1,0.0260014176141553,894,-0.0179463270780709,1284,-0.0100326920836785,1979,-0.0491597457160855,112,0.0153105253191481,1562,-0.007165364388906299,0.029551564401373666,0.023690141562227658,2,3,3,0,mixed
1702,MOSPD2,-0.0360100570082884,381,0.0138032601647789,1624,-0.0229102084914484,886,-0.0159903554735884,1673,0.0296868790666057,643,-0.00628409634838812,0.027164704914402496,0.02368015204094196,2,3,3,0,mixed
607,DHRS13,0.0431890125457889,168,0.0134582439443418,1661,-0.0511682824948625,44,-0.0100719259970429,2089,-0.0003427267010883,2890,-0.0009871357405726003,0.034501076933371747,0.023646038336624882,2,3,3,0,mixed
1448,LOC100128059,0.0276082865695892,795,0.0197682012750349,1122,0.034440180122586,330,-0.0308240266019602,728,-0.0055523820502692,2412,0.00908805186299614,0.02695881768968635,0.0236386153238879,3,2,3,0,mixed
2020,PPP1R17,-0.0479514941505297,93,-0.0075820999277793,2171,-0.0274393934711679,616,0.0163266890936669,1657,0.018886532714164,1303,-0.009551953148329198,0.028621745206371303,0.02363724187146156,2,3,3,0,mixed
152,ASGR2,-0.0358184988940775,389,0.0249528382331849,755,0.008087321829293,2163,0.0399387447560836,311,-0.0093686913457494,2086,0.005558342915746919,0.02957792083491261,0.023633219011677677,3,2,3,0,mixed
1077,HPCAL4,-0.0132704804839443,1842,-0.0393066696083868,191,0.0181232496139362,1260,-0.038875137721252,347,0.0085696264012084,2156,-0.0129518823596877,0.026436388987309305,0.023629032765745538,2,3,3,0,mixed
1599,MAF,-0.0120459980291507,1955,0.0102196596767541,1954,0.0417695665239119,151,0.0299089942781132,774,-0.0241407553305652,932,0.009142293423812658,0.027629968157081984,0.023616994767699018,3,2,3,0,mixed
2306,SIPA1L1,0.0525229114783983,44,-0.026264807775196,666,0.0121341759557608,1784,-0.0144440119401915,1785,-0.0126984064071096,1786,0.0022499722623324,0.03138591130612275,0.02361286271133124,2,3,3,0,mixed
972,GPR183,-0.0400138741251594,254,-0.0198637405356284,1115,0.0013573174241404,2798,0.0072269525351363,2307,-0.049563511779103,69,-0.02017137129612282,0.024858952432438196,0.0236050792798335,2,3,3,0,mixed
2899,ZNF782,-0.0053884080451598,2469,-0.0324401174785174,381,0.0060758104048179,2347,0.0446419544824239,194,-0.0294394511041311,659,-0.0033100423481133004,0.03131738780193945,0.023597148303010018,2,3,3,0,mixed
1818,NMRK1,-0.013864672652969,1795,-0.0139068565085037,1616,-0.0051339879692091,2432,0.052618460126996,62,0.0324318398269101,499,0.01042895656464486,0.0303673284293682,0.02359116341691758,2,3,3,0,mixed
2781,YPEL4,-0.0363682046123371,369,0.0198064986570335,1118,-0.0141907798526768,1597,0.0263867747856034,965,0.0211971749554944,1130,0.0033662927866234802,0.027410054736613777,0.023589886572629042,3,2,3,0,mixed
1650,METTL25,0.0169723464915569,1568,-0.0049981698648115,2406,-0.0364856969566632,268,-0.0247634393967716,1051,0.0347135520332204,395,-0.0029122815386937993,0.029240810678562042,0.02358664094860472,2,3,3,0,mixed
258,C2orf16,0.0289213650985324,720,-0.0281119674931167,554,0.0285662763970784,570,0.0049466527830641,2518,-0.0273620003426367,752,0.0013920652885843002,0.02831174416368222,0.02358165242288566,3,2,3,0,mixed
1697,MMP9,-0.0365244783793132,363,-0.0409043682347821,160,0.0132462261356438,1674,0.005791184211614,2436,0.021400135209618,1113,-0.007398260211443899,0.0291569018380974,0.02357327843419422,3,2,3,0,mixed
81,ANGPT1,0.0279355276143178,775,-0.0145887711426304,1552,0.0266417417950667,657,-0.0486398954172225,119,-5.236244342792656e-05,2912,-0.0017407519187792654,0.03183433458636884,0.023571659682533067,2,3,3,0,mixed
696,EML4,-0.0112107829098497,2016,0.047674473388831,81,0.0299162176203833,491,0.0201676519210461,1368,-0.0088214013376429,2130,0.01554523173655356,0.025346584088969205,0.0235581054355506,3,2,3,0,mixed
46,AFAP1L2,0.0329845798040112,510,0.0078875219275205,2144,-0.0121056639602447,1787,-0.0308925710955039,722,0.033871650785933,434,0.006349103492343219,0.02827024366270656,0.02354839751464266,3,2,3,0,mixed
2262,SEPT7P2,0.0269180949434139,841,0.0116923584877189,1823,-0.0103874702261127,1948,-0.0523430969374217,68,0.0163180984324155,1484,-0.0015604030599972209,0.031476580440815194,0.02353182380541654,3,2,3,0,mixed
1539,LOC105379183,-0.0048300066911797,2521,0.0164724408458848,1395,-0.0386072849328603,224,-0.0248874699115987,1043,0.0328556117517692,484,-0.0037993417875969394,0.02920571482618556,0.02353056282665854,2,3,3,0,mixed
1218,KCNQ1-AS1,-0.0388113968893968,276,0.0274663431302653,586,0.0239329607556323,820,-0.0123044468483287,1941,0.0151125622514592,1579,0.00307920447992626,0.028133132570369642,0.023525541975016457,3,2,3,0,mixed
120,AQP7P1,-0.0198629824570933,1333,0.019355641635973,1161,0.00158004585231,2785,-0.0495436305225639,110,-0.0272186861670366,759,-0.015137922331682157,0.026558050660497268,0.02351219732699536,2,3,3,0,mixed
1827,NPTX2,0.0501768926320138,69,0.0006360437520067,2853,-0.0262633689351016,676,-0.0059604617542051,2425,0.0344283827562745,407,0.010603497690197663,0.03109083257523877,0.023493029965920342,3,2,3,0,mixed
2762,WHAMMP2,-0.0141808155833653,1772,-0.0247554134445699,766,-0.0330657879378558,369,0.0368691303230964,442,0.0085519718142051,2159,-0.005316182965697902,0.02827734227009674,0.0234846238206185,2,3,3,0,mixed
925,GBP5,0.0212288972175244,1241,0.0270125157615613,618,-0.0165573901781526,1384,-0.027487411109894,893,0.025133496189047,874,0.005866021576017221,0.025834514747281705,0.02348394209123586,3,2,3,0,mixed
2075,PTGS2,-0.0125337349624358,1916,-0.0346955434791012,300,-0.0205936862728413,1063,0.0165849720311224,1629,0.0329110153193973,477,-0.0036653954727717208,0.027730830182716482,0.0234637904129796,2,3,3,0,mixed
2215,SAMD9L,-0.0261728601284389,879,0.0152213448781144,1503,0.0162858056230828,1404,-0.0174421205298117,1576,0.0419692347577518,185,0.0059722809201396805,0.027700356269263936,0.02341827318343992,3,2,3,0,mixed
1652,MFSD9,-0.0004934799914305,2877,0.039958073395356,176,0.0191591815720024,1170,-0.0441176861177783,206,0.0133239169376609,1720,0.005566001159162101,0.03135666012551832,0.023410467602845618,3,2,3,0,mixed
1223,KCTD12,0.0068515965302994,2360,-0.0444042958409784,117,-0.0206774568113282,1057,0.0305243091829914,743,0.0144968520392385,1632,-0.0026417989799554604,0.029804528788530793,0.02339090208096718,3,2,3,0,mixed
261,C2orf74,0.0553529334514273,34,-0.0267101443741276,641,-0.011046721509129,1888,-0.0177265873751554,1554,0.0060739936266981,2369,0.00118869476394268,0.03257095881533961,0.023382076067307477,2,3,3,0,mixed
2416,SPACA6P-AS,0.0236172719963853,1056,-0.0212232466351728,1018,0.0104836689047587,1938,0.0221175664076204,1227,-0.0393489594704383,251,-0.0008707397593693406,0.02807064954962828,0.023358142682875102,3,2,3,0,mixed
2506,TCAF1,0.0328842549639498,520,0.0269020551244517,625,-0.0114202289879278,1855,0.0123166372339512,1939,-0.0330371260686174,471,0.005529118453161499,0.027503690306351705,0.023312060475779578,3,2,3,0,mixed
1581,LTA4H,-0.0188564916990149,1413,0.0169830424333322,1370,0.0001502555248083,2904,-0.0370465047477875,432,0.0434540572692211,148,0.0009368717561118401,0.031226285201564178,0.023298070334832797,3,2,3,0,mixed
1196,JAG2,-0.0225904263450503,1127,-0.0262759493322048,665,0.0212197955429914,1010,0.0342738099934139,557,-0.0120113982426294,1838,-0.00107683367669584,0.027222244966283744,0.02327427589125796,2,3,3,0,mixed
1390,LINC01251,-0.0311142717198178,604,0.0278173831484044,566,0.0182584197252032,1249,0.0268789546426092,933,-0.0122351442219878,1822,0.00592106831488224,0.02632563535608518,0.023260834691604483,3,2,3,0,mixed
1929,PDGFRA,-0.018014930643634,1479,-0.0013309689808223,2783,0.0243249758192708,800,-0.0295110731487963,790,0.0431188841470532,157,0.00371737743861428,0.02991262604029431,0.023260166547915316,2,3,3,0,mixed
944,GJB6,0.0160828887283056,1627,-0.0253853518561862,720,-0.0316509897825633,414,-0.010139384915046,2083,0.0329718407933566,474,-0.0036241994064266604,0.02751879293317369,0.023246091215091542,2,3,3,0,mixed
1478,LOC101927070,-0.0298254478885489,670,-0.0311077195922853,433,0.0375290411148255,246,0.0144336987824717,1787,-0.00329968703064,2619,-0.0024540229228354,0.02938870930943272,0.02323911888175428,2,3,3,0,mixed
2432,SPP1,0.001633123362926,2783,-0.0192055752260128,1175,0.0398623757697367,192,0.0211790844345944,1293,-0.0342672617500203,416,0.0018403493182447995,0.029859649323771897,0.023229484108658043,3,2,3,0,mixed
2691,TTN,-0.030196515198245,653,0.0014598773657909,2772,0.0076901955008182,2200,-0.0487261126591355,116,0.028053854248727,722,-0.00834374014840888,0.03076630735740205,0.023225310994543318,3,2,3,0,mixed
78,AMIGO1,0.0228145017571875,1108,-0.0215958938922555,990,0.0066500035260738,2292,-0.0451877690531303,182,-0.019877794533569,1222,-0.0114393904391387,0.026522959816702208,0.02322519255244322,2,3,3,0,mixed
774,FAM184A,-0.0319535903141264,560,0.0108179727047258,1900,-0.0254829306755774,726,0.0334617864280102,596,0.0143819116174718,1640,0.000245029952100799,0.02790013690629006,0.023219638347982317,3,2,3,0,mixed
451,CH25H,0.0227529127436005,1112,-0.0347591501108663,296,0.0217658722352682,963,0.0209779144866994,1312,-0.0157111404515388,1530,0.0030052817806326,0.02665239663943889,0.02319339800559464,3,2,3,0,mixed
187,BCL2L11,0.0382346070549007,295,-0.0315056955826704,415,-0.0162983811544195,1403,0.0148896375011458,1756,-0.0148028750484372,1604,-0.0018965414458961198,0.028031113634586744,0.02314623926831472,2,3,3,0,mixed
1847,NUAK1,-0.0082574228457497,2243,0.0400649079117294,175,0.0403195144851683,180,-0.0158043275255222,1686,0.0112835764823935,1907,0.013521249701603861,0.026277461947698415,0.02314594985011262,3,2,3,0,mixed
1752,MYLK,0.0280066589493749,771,0.0179489205605086,1283,-0.0132429602909963,1675,-0.0506080824268834,93,0.0058900794664359,2383,-0.002401076748312061,0.03101998503930041,0.02313934033883982,3,2,3,0,mixed
1526,LOC105371049,-0.0123042592504952,1934,0.0391662068942495,194,-0.0192237829580275,1167,-0.0344026842043934,555,0.0105459695840968,1979,-0.003243709986913959,0.028710164889563895,0.02312858057825248,2,3,3,0,mixed
2050,PRLR,-0.0155742132537169,1657,0.0272337984389195,600,-0.0182977238929366,1245,0.02891902798999,818,0.0255578378435016,849,0.009567745425151519,0.02424276741661364,0.02311652028381292,3,2,3,0,mixed
1560,LOC90246,0.0303115943336749,647,0.0340981263054239,325,0.0427164181726662,123,-0.0056908281209723,2444,-0.0027315111910466,2661,0.01974075989994922,0.022346845532669968,0.02310969562475678,3,2,3,0,mixed
1378,LINC00960,-0.0297039751722926,675,0.0114467885093104,1843,0.0347898379093255,316,-0.0171072078934936,1600,0.0224808946323869,1034,0.004381267597047321,0.02704513628440983,0.0231057408233618,3,2,3,0,mixed
600,DERL3,-0.0272810953411792,813,0.0034573999023654,2556,-0.017836673017585,1284,0.0238293673854021,1105,0.0430413080228178,161,0.00504206139036422,0.029015684174331334,0.023089168733869903,3,2,3,0,mixed
1760,MZB1,0.0206149644253966,1280,0.0047216432747656,2424,-0.0356537221668432,294,0.0283049086363853,853,-0.0261417208860006,819,-0.0016307853432592598,0.028238797324964485,0.02308739187787826,3,2,3,0,mixed
1843,NT5E,-0.0182512653317093,1460,0.0318992623620059,403,-0.0383190173892082,228,0.0115106439803575,2000,-0.0153942489603826,1554,-0.0057109250677873395,0.027501923657129657,0.023074887604732704,2,3,3,0,mixed
2707,UBXN10,0.0238591047136556,1041,0.0026948606596194,2640,-0.0282389124437689,586,-0.0386826993414183,360,-0.0218280537900486,1083,-0.01243914004039216,0.02536291319819243,0.023060726189702157,2,3,3,0,mixed
2137,REREP3,-0.0260155899026939,892,0.0191076857074547,1185,-0.0206692324167404,1058,0.0181946931313804,1522,-0.0312810219357094,552,-0.008132693083261719,0.024738519798747145,0.02305364461879576,2,3,3,0,mixed
2728,UTY,0.0184107503099854,1452,0.0151925616686741,1508,0.0303126353568334,469,-0.0345966786519687,544,-0.0167031970385251,1445,0.0025232143289998198,0.027077294139252864,0.02304316460519734,3,2,3,0,mixed
1007,H1F0,0.0482960990461818,87,-0.0095570339016947,2008,-0.0193837233942605,1153,0.0314926943734436,694,-0.0064814554461012,2336,0.008873316135513799,0.029324474335003087,0.023042201232336357,2,3,3,0,mixed
521,CPA6,0.0211189894252936,1247,0.0150570538353884,1514,0.0121725350274234,1777,-0.0310147804285593,716,-0.0357311773210451,365,-0.0036794758922998,0.027348848774267142,0.02301890720754196,3,2,3,0,mixed
1097,ICOS,-0.0187746811271491,1420,-0.0481822154430719,77,0.0102694329597829,1955,-0.023042412353535,1157,0.0147865108327305,1607,-0.01298867302624852,0.0259111043980521,0.02301105054325388,2,3,3,0,mixed
459,CHL1,0.0327940494892054,522,-0.0213207341615501,1010,0.0154859084189247,1480,-0.0187500526491614,1480,-0.0266840568514555,785,-0.0036949771508073812,0.026292469598348668,0.02300696031405942,2,3,3,0,mixed
2673,TSPAN2,0.0308418620114183,622,0.0192923573905859,1166,-0.012164930350716,1779,-0.0158122423886559,1685,-0.0368880765131391,331,-0.00294620597010136,0.02756246354446904,0.022999893730903043,2,3,3,0,mixed
1470,LOC100506985,0.0324640144438871,541,0.0005881493919604,2857,-0.0161670302422387,1417,-0.045081831480575,183,0.0206714980179809,1164,-0.00150503997379706,0.03067567299062219,0.02299450471532842,3,2,3,0,mixed
659,DUSP4,0.0174679267256557,1529,-0.0124979034730436,1742,0.0191574723656569,1171,-0.0322897011309757,651,0.0335061115590932,447,0.0050687812092773,0.02676357785758389,0.022983823050885015,3,2,3,0,mixed
2835,ZNF208,0.0127978091496411,1887,0.0250306886880479,748,0.0351982183165167,306,-0.0228935849806557,1165,-0.0189795231028806,1297,0.006230721614133878,0.02607423507603284,0.0229799648475484,3,2,3,0,mixed
699,EN1,-0.0072995355332327,2316,0.0211520700355271,1024,0.0291802275295184,529,-0.0194755595509294,1423,0.0377767646322126,302,0.012266793422619202,0.024526461352978295,0.02297683145628404,3,2,3,0,mixed
168,AVPR1A,0.0441948997656683,150,-0.0171128482790897,1361,-0.020398949437103,1074,0.0048137944038474,2531,-0.0282789054681725,711,-0.0033564018029698995,0.029277541842611835,0.022959879470776177,2,3,3,0,mixed
297,CALB2,0.0371488230766804,334,-0.0306730309953264,454,0.0037304279843839,2559,0.0281708744039443,859,-0.0150304751347159,1586,0.004669323866993261,0.028483707623627508,0.022950726319010177,3,2,3,0,mixed
136,ARHGEF4,0.0314066958617578,590,-0.0255715065019583,710,0.010483956539649,1937,0.0185864559874749,1489,-0.0286129351992377,696,0.001258533337537141,0.026955670602581725,0.022932310018015538,3,2,3,0,mixed
348,CCL15,-0.0260733149658824,888,-0.0064404535431753,2261,0.0008491499870794,2845,0.0410546864848739,277,0.0402352623139673,235,0.00992506605537258,0.029723085243964678,0.022930573458995657,3,2,3,0,mixed
1975,PLAT,0.0040305105426892,2591,0.0197579100866769,1124,-0.0353676260578991,299,0.0335315858136053,590,-0.0218065812118708,1086,2.915983464029867e-05,0.028536726244633565,0.02289884274254826,3,2,3,0,mixed
1979,PLCH1,-0.0088273920630752,2198,-0.0294333179760662,507,-0.0249359878518816,768,0.0151720299555935,1730,0.0361209993568199,350,-0.002380733715721921,0.027715628128582918,0.022897945440687278,2,3,3,0,mixed
1138,IL18R1,0.0336063055105058,473,-0.0174810989246764,1325,0.0108947520414168,1903,0.015776124847954,1690,-0.0366778147764693,336,0.0012236537397461804,0.02801932271373176,0.022887219220204463,3,2,3,0,mixed
423,CEACAM3,-0.0314256940715305,588,-0.0271672465783006,608,0.0250618706057822,755,0.0118707160091585,1974,0.0188985351640703,1302,-0.0005523637741640198,0.026693978225468908,0.02288481248576842,3,2,3,0,mixed
2325,SLC17A1,0.0139110782288896,1791,0.00942948658964,2020,-0.0191182223769759,1175,-0.0417779564334487,258,0.0301724188402076,617,-0.0014766390303374796,0.02869150540658533,0.02288183249383236,3,2,3,0,mixed
623,DLGAP1-AS2,-0.0241483287928047,1024,-0.0317375611228919,409,0.0262853242355005,674,0.0163829912860919,1649,0.015820121738051,1519,0.000520509468789359,0.026451166535861468,0.022874865435068,3,2,3,0,mixed
569,CXCR6,-0.0423716243906962,189,0.0039937702237933,2504,0.0197658300376427,1126,0.0457803740427314,170,-0.0024142461367901,2689,0.004950820755336219,0.032330755065137814,0.02286516896633074,3,2,3,0,mixed
991,GRIN3A,0.0246529973690976,984,0.0376877312605558,226,-0.0003233089483838,2889,-0.0241616474760992,1086,0.0274546476072909,747,0.013062083962492258,0.02506338261442647,0.022856066532285457,3,2,3,0,mixed
2004,POC1B,0.0191585851859715,1390,-0.0340081057516869,327,0.0148032056945847,1536,-0.0224591731722722,1197,-0.0238226018049293,954,-0.00926561796966644,0.02442032952542581,0.022850334321888918,2,3,3,0,mixed
857,FLT3,0.0290401835134081,714,-0.0119686989194564,1796,0.0068243598462394,2277,-0.0107124722581996,2050,0.0557024313369142,31,0.013777160703781141,0.0287298670074596,0.022849629174843542,3,2,3,0,mixed
2129,RCAN3,-0.0281045472333388,767,0.0101302196416867,1965,-0.0113478526169766,1862,0.0214031311871555,1273,0.0432290111730355,150,0.00706199243031246,0.027833179078127573,0.02284295237043862,3,2,3,0,mixed
1359,LINC00540,-0.0048301021960956,2520,0.0342744936149784,319,0.0192442494410609,1166,-0.0191984004984695,1441,0.0366547430024065,339,0.013228996672776138,0.024523095939176332,0.022840397750602183,3,2,3,0,mixed
1515,LOC102724552,0.0177093458293247,1503,-0.0474753430660667,84,0.0036142930468474,2576,0.0241733917371628,1084,-0.0209852112478081,1147,-0.00459270474010798,0.029579805265654843,0.022791516985441938,3,2,3,0,mixed
2520,TDO2,-0.0059399522768882,2433,0.0395058687408125,188,-0.0209131466589487,1037,0.0249721344189289,1041,0.0226158223589919,1021,0.01204814531657928,0.024711587827172237,0.02278938489091404,3,2,3,0,mixed
1466,LOC100506314,0.0272061916376306,818,0.0040928183909214,2490,-0.0189516679462903,1185,0.0170758499174827,1602,-0.0464830775212227,105,-0.003411977104295661,0.02962324657763813,0.02276192108270954,3,2,3,0,mixed
2352,SLC4A1,0.0493919283420477,75,-0.0119041944690731,1803,0.0322991980343125,386,-0.0106772128679743,2054,0.0094686922785723,2076,0.01371568226357702,0.026868056932352523,0.022748245198395977,3,2,3,0,mixed
1628,MAST3,-0.0477013528752157,98,0.0223063383971072,938,-0.001749592044944,2771,0.0221418919089919,1224,-0.0197772166593626,1232,-0.0049559862546846405,0.029726442557315762,0.02273527837712428,2,3,3,0,mixed
2088,PYHIN1,0.0069433151852136,2347,-0.0454651049802387,101,0.0238303144638489,825,-0.0287225343216605,833,0.0087069473286465,2142,-0.006941412464838041,0.028909549281677736,0.02273364325592164,3,2,3,0,mixed
2858,ZNF44,-0.0113201617024367,2006,-0.025956892548891,691,0.0102212695312798,1960,0.0323976949362201,646,0.0337122419954076,441,0.007810830442315961,0.02639820646909233,0.022721652142847038,3,2,3,0,mixed
885,FRMD8P1,0.0269169740631187,842,0.0365230565379282,257,-8.03124663067852e-05,2908,-0.0337686090134769,583,-0.0162784895441062,1489,0.0026625239154314034,0.029275956902469372,0.022713488324987353,2,3,3,0,mixed
1383,LINC01024,-0.0053492830864883,2472,0.032288724160271,389,-0.0276049577330579,607,0.0373945663754433,416,0.0109278845451641,1942,0.00953138685226644,0.026910712584784214,0.02271308318008492,3,2,3,0,mixed
2623,TP53INP1,0.0222705600030743,1152,0.0043976925471492,2456,-0.0202572934544358,1087,-0.0393720180485465,333,-0.027259600084366,756,-0.01204413180742496,0.024968037206048167,0.02271143282751436,2,3,3,0,mixed
1700,MOAP1,0.032935371693714,514,0.0160530378591143,1428,0.0107704022109117,1914,-0.0234803557993665,1123,-0.0301518376825945,618,0.0012253236563558,0.026978665787443557,0.022678201049140197,3,2,3,0,mixed
2714,UPK2,-0.0284347124200738,744,0.012518013770376,1739,0.0371814793800927,255,-0.0220508876453816,1233,0.0131333473965652,1741,0.0024694480963156993,0.027276049651415817,0.02266368812249786,3,2,3,0,mixed
777,FAM200A,0.0217241642635109,1195,-0.0174054262871802,1331,-0.0290100651408828,541,-0.0287105167954588,834,0.0164483494214605,1476,-0.00739069890771008,0.0246890759157536,0.02265970438169864,2,3,3,0,mixed
1455,LOC100132078,0.0278198500799029,782,-0.0259910512823283,690,-0.0256026443118012,719,0.0253687009546188,1016,0.0084179322684077,2171,0.00200255754175998,0.02645446838081223,0.02264003577941178,3,2,3,0,mixed
1084,HRNR,0.0257672868823165,910,-0.0541838534344323,34,-0.0108541829545307,1906,0.0039660649701504,2589,0.0184113103998612,1332,-0.0033786748273269785,0.031683138804155325,0.02263653972825822,3,2,3,0,mixed
129,ARHGAP31,-0.026700680272794,853,0.0070665060021493,2208,-0.0289009114702467,546,-0.048236797829735,126,0.0022686189567761,2705,-0.01890065292277006,0.023151060506065968,0.02263470290634022,2,3,3,0,mixed
2120,RBBP5,-0.0519912543392192,51,0.0088485689482453,2065,0.0012022585889081,2816,-0.0097188180839704,2119,-0.0413942263406772,205,-0.01861069424534268,0.026734719110812637,0.02263102526020404,2,3,3,0,mixed
2024,PPP1R9A,0.0031391087376124,2665,-0.0006572661031275,2847,0.0355649457556926,297,0.0439786464199569,211,-0.0298038525909554,636,0.0104443164438358,0.029799847354065108,0.02262876392146896,3,2,3,0,mixed
523,CPEB3,-0.0269356435044315,837,-0.0183334712931154,1260,-0.0347127690288173,322,0.0317924418410054,679,0.0013512042671939,2782,-0.00936764754363298,0.02664790049411987,0.022625105986912704,2,3,3,0,mixed
935,GHSR,-0.0097119349613825,2129,0.023435767940709,853,0.0183500803602577,1239,-0.0336689101844406,587,0.0278951215145703,728,0.005260024933942781,0.026237741683902957,0.02261236299227202,3,2,3,0,mixed
2255,SEMA5A,0.0293488700405536,697,-0.003053889108012,2600,0.0420925086751734,139,-0.0043598735528511,2559,-0.0341990428882214,418,0.0059657146333285,0.030220423451478122,0.0226108368529623,2,3,3,0,mixed
2399,SNORD89,-0.0436529462049422,165,0.0309139172560952,446,0.0209973665764969,1030,-0.0031153844861816,2654,-0.0143063763677597,1652,-0.0018326846452582806,0.029579231547928922,0.02259719817829512,2,3,3,0,mixed
2810,ZFAND4,0.0167014222273905,1590,-0.0050426420515854,2400,-0.0236877275898925,833,-0.0259386434791211,987,0.0415851548854716,195,0.0007235127984526191,0.02857006807914944,0.02259111804669222,2,3,3,0,mixed
1580,LTA,-0.0144308316643005,1752,0.0254071814387855,719,-0.0174221889239952,1321,-0.0354586626179603,493,0.0201710383384083,1202,-0.004346692685812442,0.02611046386924944,0.022577980596689962,2,3,3,0,mixed
2328,SLC22A23,-0.0349724444662322,427,0.015696506210814,1463,-0.005014656178816,2443,0.022192459655562,1221,0.0350105916547014,386,0.00658249137520584,0.02736877685344311,0.02257733163322512,3,2,3,0,mixed
2451,STARD4,0.0288842434216968,723,0.0329399427229121,361,-0.021135710284272,1015,-0.0069539581050566,2334,0.022921043818622,1003,0.01133111231478046,0.023967784865650762,0.0225669796705119,3,2,3,0,mixed
1721,MS4A7,0.011268857501004,2009,0.027169443582458,607,-0.0117644515276498,1825,-0.0412049232095679,272,-0.0212196948474125,1126,-0.0071501537002336395,0.026907553726340454,0.022525474133618443,2,3,3,0,mixed
715,EPHB1,-0.0183235329114244,1455,0.0247688539297728,765,-0.0311850338957864,429,-0.0271641725042202,917,0.011090608174065,1924,-0.00816265544151864,0.02474622931204228,0.02250644028305376,2,3,3,0,mixed
1156,IL7R,-0.0282892620110066,755,-0.0270182941693429,617,-0.0318545823653525,403,0.0067187347509337,2352,0.0186361140149899,1317,-0.01236145795595568,0.02330988476413152,0.02250339746232512,2,3,3,0,mixed
1120,IGF2,0.0066009390340281,2382,0.0067720095095986,2235,-0.0290963781942292,536,-0.0387826291009569,355,0.0312498579772502,553,-0.00465124015486184,0.028759813549640616,0.022500362763212604,3,2,3,0,mixed
518,CORO2B,-0.0089293752459685,2183,0.0377429452194859,224,0.0335048964499321,360,-0.0316390889796644,688,-0.00060399970274,2863,0.00601507554820902,0.029356995929828305,0.02248406111955818,2,3,3,0,mixed
2739,VMP1,-0.0147745521447329,1721,-0.0139051998760607,1617,0.0096303990010181,2022,-0.0376675728374914,404,0.0364094686807585,342,-0.00406149143530168,0.028135402295316258,0.022477438508012322,2,3,3,0,mixed
1887,PAG1,-0.0310026870407462,608,0.0066417230088728,2250,0.0056708762406791,2378,-0.0395828493114503,322,-0.029431996094387,660,-0.01754098663940632,0.02197755228582098,0.02246602633922708,2,3,3,0,mixed
1315,LCN10,-0.0490757302408318,78,0.0025127985064592,2659,-0.0195126018224427,1146,-0.0403729609313598,300,0.000782701415106,2838,-0.021133158614613824,0.023414844199803744,0.0224513585832399,2,3,3,0,mixed
2175,RNF157-AS1,-0.0300913411359615,657,-0.0041765702910766,2480,-0.0446543214883778,96,0.0202804866512416,1361,0.012977764236247,1758,-0.009132796405585458,0.027747169363729424,0.0224360967605809,2,3,3,0,mixed
295,CADM2,-0.0010793332101247,2833,0.0405973785846607,166,0.0233342692016526,857,-0.0126579936101812,1912,0.0344929073153654,405,0.016937445656274558,0.0229641043685871,0.022432376384396917,3,2,3,0,mixed
2870,ZNF541,-0.0379097683803189,307,0.0250154598580291,750,0.0241212148554853,808,0.0241381692488,1088,-0.0008396447301746,2828,0.006905086170364181,0.02733912909877721,0.022404851414561576,3,2,3,0,mixed
534,CRH,-0.0152810549262082,1683,0.0355113868912994,275,-0.0160582559219125,1425,-0.0221497202082638,1223,0.0229977289120444,995,0.0010040169493918602,0.02630067590432755,0.022399629371945663,2,3,3,0,mixed
2788,ZBTB14,-0.0204063126640061,1305,-0.0040289168412198,2499,0.0339822897897498,345,-0.0404108472792162,298,0.0130936426684811,1750,-0.0035540288652422397,0.02884774790641508,0.022384401848534595,2,3,3,0,mixed
2271,SERPINE2,0.01045606473646,2071,-0.0210319417993069,1034,0.011274388538775,1872,-0.0320627252169725,660,0.0370482188567735,320,0.0011368010231458197,0.02771692167482295,0.02237466782965758,3,2,3,0,mixed
2420,SPATA5,0.0319329830822228,561,-0.0303900501006155,468,-0.0160168210755216,1428,0.0122325334244381,1946,-0.0212568049383992,1124,-0.004699631921575079,0.025936764641096004,0.02236583852423944,2,3,3,0,mixed
2529,TEAD1,0.0373734494885469,327,0.002944468210273,2610,-0.0449977774522033,93,0.0085515540819565,2198,-0.0179442634747128,1367,-0.0028145138292279396,0.03076427645721679,0.0223623025415385,3,2,3,0,mixed
2572,TMEM107,0.0092696952669606,2162,0.0183998795725783,1253,0.0231221774788227,870,-0.0311030471236915,712,-0.0298781805439232,632,-0.002037895069850619,0.0264502270378021,0.022354595997195262,3,2,3,0,mixed
2280,SFRP5,-0.0348754184859528,433,-0.0174454685861824,1328,-0.0197588956045794,1127,0.0037564879310344,2609,0.0358511898455646,360,-0.006494420980023117,0.027384231958667297,0.02233749209066272,2,3,3,0,mixed
621,DLG5,-0.0234956018915533,1068,0.0497002601580608,65,0.008510459549862,2125,-0.0001624324050889,2902,-0.0297741553172283,640,0.0009557060188104601,0.03152993390789073,0.022328581864358658,2,3,3,0,mixed
2660,TRMT10B,0.0400377913044509,252,-0.0254729750063506,714,-0.0076467499564442,2204,-0.0305464664685285,742,0.007828100491843,2220,-0.0031600599270058803,0.028525452890450716,0.02230641664552344,2,3,3,0,mixed
2654,TRIM31,0.0405158637710709,238,-0.0109806534860568,1885,-0.0122787716349637,1764,0.0048111817600627,2532,0.0427445644726522,167,0.01296243697655306,0.027032386136770954,0.02226620702496126,3,2,3,0,mixed
449,CFH,0.0103219654619747,2077,-0.0131390661951502,1693,0.0415469355716496,155,0.0395344797242774,323,-0.0067762408822736,2306,0.014297614736095579,0.025456381708367105,0.022263737567065102,3,2,3,0,mixed
763,FAM13A,0.0142916497437256,1765,0.0111033089987885,1876,-0.0201617879358212,1094,0.0559559361091828,43,-0.0097988611312241,2040,0.01027804915693032,0.02929558588273802,0.022262308783748443,3,2,3,0,mixed
876,FOXN3-AS2,0.0074329432821137,2305,0.0265310679166669,653,-0.0424503335912641,130,0.0334118349562716,598,-0.0014607729015108,2772,0.0046929479324554595,0.029872825459666297,0.022257390529565414,3,2,3,0,mixed
1244,KIF13B,-0.0232939839567883,1084,-0.0404559885593082,168,0.0290666479493352,538,0.0173458147915512,1584,-0.001097758207813,2807,-0.003687053596604621,0.028540660752008794,0.022252038692959178,2,3,3,0,mixed
2571,TMED11P,0.0057695508432732,2446,-0.048226327232078,75,-0.0166671776529731,1374,0.0276207830599507,884,0.0129743472231766,1760,-0.0037057647517301216,0.029578028360934285,0.02225163720229032,3,2,3,0,mixed
830,FCRLA,-0.0163911656489375,1606,-0.005647119373312,2349,-0.0167002827568578,1371,0.0363098666267199,466,0.0361987669826253,346,0.006754013166047582,0.027295298995354572,0.0222494402776905,2,3,3,0,mixed
832,FEM1C,0.0299737444545385,664,-0.0204086573195999,1078,0.0339059837841914,348,-0.0240677058602899,1092,-0.0028413945145112,2652,0.0033123941088657807,0.027372534597160388,0.022239497186626177,2,3,3,0,mixed
2074,PTGFR,-0.0146610526652515,1735,0.0155994634972835,1470,-0.0512396984193405,42,0.0063087959681467,2395,-0.0232739463098343,978,-0.01345328758579922,0.026269369852696223,0.022216591371971302,2,3,3,0,mixed
1951,PHEX,0.0242714494970199,1014,-0.0482823414689901,74,0.0056317875041654,2381,0.0193178155537462,1433,-0.0135098835854766,1710,-0.0025142344999070404,0.029479199724406092,0.022202655521879642,3,2,3,0,mixed
2863,ZNF484,-0.0253063679638595,944,0.0247210001068228,768,0.012220034042055,1772,-0.0474993431045399,141,0.0012449498303727,2792,-0.0069239454178297785,0.029235687662898774,0.02219833900952998,3,2,3,0,mixed
2221,SCAI,0.0242742634017591,1013,-0.0119543166296262,1797,0.0101953510653866,1964,-0.0457635707442558,171,-0.0187341052665122,1313,-0.0083964756346497,0.02705946149275126,0.02218432142150798,2,3,3,0,mixed
711,EOMES,0.0221731025114995,1163,0.0240071986676019,812,-0.0010747197343815,2824,0.0475314406339283,140,-0.0160803946259121,1501,0.01531132549054722,0.024570208505591426,0.02217337123466466,3,2,3,0,mixed
1347,LINC00324,-0.0010619422937367,2835,-0.018887906783987,1201,0.0027522866078286,2661,0.0532590432775113,56,-0.0347930514592246,392,0.00025368586967831896,0.03321225739002523,0.022150846084457637,2,3,3,0,mixed
2896,ZNF737,-0.051159927829967,58,-0.0171523997532769,1355,0.0116878063801911,1830,0.0253046367918198,1019,0.0054431625290142,2422,-0.005175344376443762,0.029934008941560623,0.0221495866568538,3,2,3,0,mixed
1164,IPCEF1,-0.0392085840506176,269,-0.0174725399731096,1326,0.009739167832715,2006,0.0126764635487546,1910,0.031515228855729,541,-0.0005500527573057204,0.027793181241955858,0.022122396852185162,3,2,3,0,mixed
1607,MAMDC2,0.0253081488669164,943,-0.0113354943939668,1854,-0.0117636464724104,1826,-0.0314676192408207,699,0.0306094631374099,585,0.0002701703794256799,0.026618436020123523,0.02209687442230484,2,3,3,0,mixed
662,DUSP8,-0.0095900481833256,2137,-0.0254550860658457,716,-0.0068269222600426,2276,0.0446707379614544,193,0.0239095244327886,947,0.00534164117700582,0.02833289534545667,0.022090463780691377,2,3,3,0,mixed
179,BACH2,-0.0068733730197262,2357,0.0261953612801934,671,-0.0405207958286338,173,0.0275744369026667,886,-0.0092636328410599,2097,-0.0005776007013119595,0.028371955585209104,0.022085519974456,2,3,3,0,mixed
1118,IGF1,-0.0221549367999407,1165,0.035205598775535,281,0.0102687065815405,1956,0.020011608475876,1380,-0.0227502949121662,1013,0.00411613642416892,0.025831420991118202,0.022078229109011683,3,2,3,0,mixed
1010,HABP4,-0.0105810599036926,2066,-0.0276142709016841,575,-0.0501435839507693,49,0.0153535830323235,1722,0.0066825897831512,2315,-0.013260548388134261,0.026410531033638152,0.022075017514324138,2,3,3,0,mixed
1625,MARCH1,-0.0161042370374359,1626,0.0407635169071702,162,0.0226040014000724,906,-0.0232038371103343,1144,-0.0076434397407329,2240,0.0032832008837479004,0.027271298227218098,0.02206380643914914,2,3,3,0,mixed
1371,LINC00888,-0.0404713157138128,239,0.0041512164078856,2483,0.0041659990455841,2512,0.039091378412311,340,-0.0224103896467855,1042,-0.0030946222989635197,0.030228271269413718,0.022058059845275802,3,2,3,0,mixed
355,CCL5,-0.0150193879776098,1706,-0.0082958647055757,2110,0.0358371363363323,287,0.0349603597866425,527,-0.0161429905683585,1497,0.0062678505742861605,0.026763299843338452,0.02205114787490376,2,3,3,0,mixed
2048,PRKY,-0.0103068202015535,2080,-0.0191166115835518,1184,0.0271312482000226,634,0.0223528995468571,1207,0.0313249623304927,548,0.01027713565845342,0.02324106175738409,0.02204650837249554,3,2,3,0,mixed
2344,SLC39A5,0.0304133920587256,642,-0.0130784765399467,1695,0.0224223113751748,918,-0.0440470443585201,210,-0.0001631388918701,2903,-0.0008905912712873001,0.029727865629262704,0.02202487264484746,2,3,3,0,mixed
1875,OSMR-AS1,0.0087354792683165,2205,0.0337046500699082,335,0.0286014600372096,564,-0.0212357742826879,1288,-0.0178281271809629,1376,0.0063955375823567,0.025468810700400895,0.02202109816781702,3,2,3,0,mixed
1311,LBP,-0.009783891495457,2123,0.0482135097658975,76,-0.0009414472620011,2835,-0.0422095834735618,245,0.0089461069572791,2120,0.00084493889843134,0.03270804770114133,0.022018907790839298,2,3,3,0,mixed
2778,YOD1,0.0401838165710993,248,-0.004604404446863,2436,0.0262304287973638,677,-0.0087990855197053,2178,-0.0302253682689349,611,0.00455707742659198,0.028333447853374955,0.02200862072079326,2,3,3,0,mixed
2267,SERPINB2,-0.0345113108869956,441,-0.0314589405626446,417,0.0125246103469996,1742,0.0265225449913595,956,0.0050017624116942,2455,-0.004384266739917379,0.027248465234830353,0.0220038338399387,3,2,3,0,mixed
775,FAM199X,0.0202078912128104,1316,-0.0216001920252039,988,-0.0074720684330059,2223,0.0465930538592424,154,-0.0141414294614664,1670,0.00471745103047532,0.028241724201441807,0.0220029269983458,2,3,3,0,mixed
24,ACTRT3,-0.0053409604482168,2474,0.0173466695821338,1340,-0.0263823698362365,669,-0.025600339471548,995,0.0352662795127451,378,-0.0009421441322244789,0.02701902994269614,0.021987323770176037,2,3,3,0,mixed
1061,HLA-DQA1,0.0182829583818692,1457,0.021955382228655,962,-0.0436212682224055,110,0.0061606730539401,2403,-0.0198575675280012,1224,-0.003415964417188481,0.027807612417464607,0.0219755698829742,3,2,3,0,mixed
2838,ZNF248,0.0152120929178749,1692,-0.0204912434903962,1073,-0.0095014259495437,2031,0.0178500081782754,1545,0.046774148125073,102,0.00996871595625668,0.02622567044666143,0.02196578373223264,3,2,3,0,mixed
1052,HIST1H2BC,-0.013315252773015,1837,-0.0354820892006479,276,0.028086276690298,591,0.0296607535885656,784,0.0032482309224067,2624,0.00243958384552148,0.027774390225737782,0.02195852063498664,3,2,3,0,mixed
1813,NLGN4Y,-0.0227408788929913,1114,-0.0271997368603984,604,0.0130784737674842,1689,0.0330513472088731,617,-0.0136555629052036,1698,-0.0034932715364472005,0.025719015118342306,0.02194519992699012,2,3,3,0,mixed
359,CCR4,0.010759844908351,2050,-0.0543309249538096,32,0.0131743776499888,1683,0.0009781373723624,2841,-0.030390753404554,601,-0.011961863685532282,0.029369676650893375,0.021926807657813158,3,2,3,0,mixed
2341,SLC35G1,-0.0301641338000967,655,0.0133020871519512,1679,0.0210963332042719,1019,0.0190257485913302,1459,-0.0259199591031094,833,-0.0005319847911305603,0.02531938049919124,0.021901652370151882,3,2,3,0,mixed
735,ESM1,-0.0085618115141167,2217,0.0242165125690745,798,-0.0475670247160391,65,0.0228655701413816,1167,-0.0061825872500678,2364,-0.0030458681539535016,0.029313128699809926,0.021878701238135942,2,3,3,0,mixed
2230,SCN3A,-7.38701666627619e-05,2913,0.0185728211131919,1233,0.000773808148863,2852,0.0419859402532991,251,-0.0479688666249636,87,0.0026579665447455285,0.03306834337182471,0.021875061261396073,3,2,3,0,mixed
883,FRMD3,0.0093878227491758,2148,-0.0473105828307473,87,-0.010425815112616,1944,-0.0156286956545855,1700,0.0265973764297447,790,-0.007475978883805659,0.02787178386814815,0.021870058555373863,2,3,3,0,mixed
2349,SLC44A2,-0.0040729084890854,2586,0.0423152237273746,142,-0.0107524449617574,1918,0.025403303230197,1011,-0.0267742556656481,782,0.00522378356821614,0.028055885402758426,0.0218636272148125,2,3,3,0,mixed
2314,SLAMF1,0.0375017169399926,321,-0.0044591200941428,2451,-0.0074592753671251,2225,0.0373328282454628,420,-0.0225027829534801,1032,0.008082673354141482,0.02763770331074849,0.021851144720040683,2,3,3,0,mixed
2051,PRO1804,0.0185831017766354,1439,0.0121947272671056,1768,0.0101136693172343,1972,-0.0228355828026905,1172,-0.0454938353654284,120,-0.0054875839614287195,0.027554102967366014,0.021844183305818842,3,2,3,0,mixed
1351,LINC00426,0.0136310618794821,1811,0.0355957008525526,273,0.0085936574256583,2118,-0.0117166224101335,1986,-0.039652339978252,244,0.0012902915538614986,0.028407629961327948,0.0218378765092157,3,2,3,0,mixed
2685,TTC39B,0.0362930337821405,374,-0.0214531567914074,1002,-0.0284406748479957,575,-0.0121821506588894,1948,0.0108054871485447,1952,-0.00299549227352146,0.02648864238040205,0.02183490064579554,2,3,3,0,mixed
1674,MIR4472-2,-0.0217416907765386,1192,0.0197478060001453,1128,-0.0205189257667131,1070,0.0279398182857766,871,-0.0190949677984969,1284,-0.0027335920111653403,0.02445195231935579,0.0218086417255341,2,3,3,0,mixed
646,DPYSL4,-0.0473444888940808,106,-0.0066757617705954,2244,0.0151906334871578,1505,0.0003833200785411,2888,0.0394006472964892,249,0.00019087003950237906,0.03189513111121233,0.02179897030537286,3,2,3,0,mixed
1557,LOC728743,-0.0210046754942184,1253,-0.0262201992550375,670,0.0115219190852035,1843,0.0322720596996643,652,-0.0178066492487284,1379,-0.0042475090426233,0.02514858738770116,0.02176510055657042,2,3,3,0,mixed
1874,OSM,-0.044382842113904,145,-0.0239291122523039,820,-0.0167253275467279,1369,0.0141635761721495,1798,0.0095826356306764,2065,-0.012258214022021981,0.024306842706337525,0.021756698743152343,2,3,3,0,mixed
2044,PRKCQ,0.0514067786668194,56,0.0397970962314197,179,-0.0113837282255849,1860,0.0036240841189637,2621,-0.0025572508445993,2677,0.016177395989403716,0.027691098941085145,0.021753787617477403,3,2,3,0,mixed
2772,XCL1,-0.0369386812735256,341,0.0161630389727807,1417,0.0250496030595983,757,-0.0204309833504683,1349,-0.0101089311855436,2016,-0.005253190755431699,0.02566528843264078,0.0217382475683833,2,3,3,0,mixed
826,FCRL2,-0.0339093677033625,462,0.0040723957962019,2495,0.0360520697947665,277,-0.0191447061328058,1446,-0.0154842791797944,1547,-0.0056827774849988605,0.026976815216768726,0.021732563721386225,2,3,3,0,mixed
2331,SLC26A11,-0.0320462320888449,552,0.0140301993889572,1605,0.0227037779122481,897,-0.0028526278204897,2679,0.0369989850613353,324,0.007766820490641202,0.026526938646669242,0.021726364454375043,3,2,3,0,mixed
797,FAM90A25P,-0.0053817235456604,2470,0.0545129531453834,31,0.0040272764628363,2526,-0.0224372566273303,1199,-0.0222525456673877,1054,0.0016937407535682612,0.03162714992533772,0.02172235108971962,2,3,3,0,mixed
172,B3GALT2,-0.0222067230445397,1158,-0.020132780473436,1096,0.0149430201176693,1526,-0.0208366007620234,1323,0.030459067541336,597,-0.003554803324198761,0.02459927255855585,0.02171563838780088,2,3,3,0,mixed
2557,TIMD4,0.0261866450671468,877,0.0216316271682488,981,-0.0351061648098026,309,-0.0044390013328019,2553,-0.0212057729437886,1129,-0.0025865333701995006,0.026561481726704472,0.021713842264357738,2,3,3,0,mixed
2487,TADA2B,0.0474872736668467,104,-0.0058566483343455,2321,-0.0203649528942372,1080,-0.0059420843441182,2426,0.028881326264621,684,0.00884098287175336,0.028207699653062832,0.021706457100833722,2,3,3,0,mixed
1941,PEX1,0.0180824308210227,1474,-0.0194579040700707,1149,0.0210003628508643,1029,-0.0318438160269868,673,-0.0180084161611723,1362,-0.00604546851726856,0.02399058564777668,0.02167858598602336,2,3,3,0,mixed
1846,NTS,-0.0352555129645049,417,-0.0085534652384774,2089,0.0092309806845014,2066,0.0499606989787268,105,0.0053738803237067,2428,0.0041513163567905185,0.030984297882474057,0.02167490763798344,3,2,3,0,mixed
2799,ZC3H12B,-0.0185644738372256,1442,-0.0245125004336264,780,0.0284163189911171,576,-0.030469576543036,747,0.0063250157414216,2349,-0.00776104321626986,0.02459787344052128,0.02165757710928534,2,3,3,0,mixed
1954,PHOSPHO1,0.017350446699578,1540,-0.018525334534611,1240,0.0323304180725935,385,-0.0186367247467764,1484,-0.0213502465039736,1117,-0.0017662882026378995,0.024884953375667013,0.0216386341115065,2,3,3,0,mixed
1032,HELQ,-0.0032858327475199,2652,0.0145586201732426,1555,-0.0112051456398353,1877,0.0364556606135131,460,0.0426843577993188,169,0.01584153203974386,0.02368809992211333,0.02163792339468594,3,2,3,0,mixed
1761,N4BP2L2-IT2,-0.0061553455276345,2416,0.0535425216719475,38,0.020064220233627,1106,-0.008122499749923,2234,-0.0202047650891647,1197,0.00782482630777046,0.029475968346692905,0.021617870454459343,2,3,3,0,mixed
1964,PITPNC1,0.000242047864073,2898,-0.0529977868131312,43,0.0179154651377609,1276,-0.0038905419978105,2597,0.0328684942529963,481,-0.0011724643112222988,0.03247456217584565,0.02158286721315438,3,2,3,0,mixed
2622,TOX,-0.0484617765248785,85,0.017219271615707,1349,-0.0042366400400605,2509,-0.028442727045638,848,0.0095502308451874,2072,-0.010874328229936522,0.027257736408581628,0.02158212921429428,2,3,3,0,mixed
417,CDKN2B,-0.0383425876645557,290,0.022069826317248,951,0.0048950235913073,2454,-0.0232731461077947,1140,0.0193298685709151,1262,-0.0030642030585759997,0.02669048971660957,0.02158209045036416,3,2,3,0,mixed
1863,OR10P1,0.0199657860059449,1328,-0.012542912048697,1734,-0.0293067142411578,521,0.0216403464650579,1258,-0.0244455156720042,909,-0.004937801898171239,0.024283837972916493,0.021580254886572357,2,3,3,0,mixed
2397,SNORD157,-0.0190734252293087,1400,0.0173243117421049,1343,0.0289051547678282,545,-0.0281435300456142,862,0.0144536773382762,1633,0.00269323771465728,0.024820025808593,0.021580019824626442,3,2,3,0,mixed
2347,SLC41A2,0.0007245461798479,2862,0.0401667701800552,172,-0.0177695263030304,1290,-0.018592890568993,1488,-0.030619219291679,582,-0.005218063960759861,0.02773419221442985,0.0215745905047211,2,3,3,0,mixed
1637,MCOLN2,0.0328855193830084,519,-0.0315888929533274,411,0.0160426157134339,1426,-0.0059967407597102,2418,-0.0213425155912756,1118,-0.00200000284157418,0.026495966092536627,0.021571256880151102,2,3,3,0,mixed
269,C4orf45,-0.0127790161514761,1890,-0.0384405672184391,206,0.0135300824115851,1659,0.0157914277917758,1687,-0.0270503213137283,766,-0.00978967889605652,0.024114018756620843,0.02151828297740088,2,3,3,0,mixed
2627,TPPP3,-0.0385832479270532,282,-0.0294453858394168,504,-0.0184445068669551,1230,0.0182373924474991,1516,0.0028569142454591,2651,-0.013075766788093381,0.023354783547512872,0.02151348946527666,2,3,3,0,mixed
2247,SEL1L3,0.0169668700241178,1569,0.0108396025322039,1899,-0.0188015068848947,1196,0.0453647571264103,180,-0.0155550360981807,1537,0.0077629373399313185,0.026255821635637354,0.021505554533161476,3,2,3,0,mixed
827,FCRL3,0.015617068670286,1653,0.0286637865269149,534,-0.0022333852316056,2716,-0.0151452471583309,1736,0.045808395718996,115,0.01454212370525208,0.02419149810391308,0.02149357666122668,3,2,3,0,mixed
71,ALMS1,0.0363746687840663,368,0.0043135683286161,2465,-0.0191145238945942,1177,0.0164850440377249,1639,-0.0311623865090512,557,0.0013792741493523781,0.02711285418654336,0.02149003831081054,3,2,3,0,mixed
620,DLG3,-0.007335322560487,2312,0.0220908778161557,950,-0.0390216574933478,213,0.0312310870381415,706,-0.0077319298221927,2226,-0.00015338900434605957,0.027836798885238528,0.02148217494606494,2,3,3,0,mixed
2106,RAPH1,0.0218182039060485,1183,-0.0091041954471739,2045,0.0439927600457422,107,-0.0109852080667359,2031,-0.0215003140854812,1105,0.004844249270479941,0.02720242581066805,0.02148013631023634,2,3,3,0,mixed
668,EBF3,0.0216796100821834,1198,-0.0284366881738245,542,0.0030195513273119,2638,-0.0150960414180973,1739,0.0391076969395723,258,0.004054825751429159,0.027216092596436328,0.021467917588197882,3,2,3,0,mixed
1841,NSG1,-0.0196481200141728,1348,0.0216234004022659,983,0.0151237292330592,1512,-0.0288018153530095,827,0.0220802850796908,1065,0.0020754958695667195,0.024381819006532652,0.02145547001643964,3,2,3,0,mixed
230,C12orf65,0.0338001229147312,468,-0.0067861124137341,2233,-0.0249802181532518,761,0.0110826491380423,2026,-0.0306096498313548,584,-0.0034986416691134394,0.026509829482654394,0.021451750490222844,2,3,3,0,mixed
477,CLEC6A,0.009245235354525,2165,-0.0252490439641046,730,-0.0328583139499961,372,-0.01757926812764,1564,0.0221263564517472,1063,-0.008863006847093702,0.023497336335069133,0.021411643569602578,2,3,3,0,mixed
93,ANKRD28,0.0093330901030365,2155,-0.0062557733994731,2282,0.0528385185963835,32,0.0334995085831413,593,-0.0051217869382009,2445,0.01685871138897746,0.025717306174176804,0.02140973552404706,3,2,3,0,mixed
1445,LMTK2,-0.0434651719113208,167,0.0010696996300921,2803,-0.0017270219014395,2774,0.03544573771345,495,-0.0253366972007626,863,-0.006802690733996161,0.02983418162196333,0.021408865671412997,2,3,3,0,mixed
730,ERN1,-0.0081698356387396,2250,-0.0037115293097776,2529,0.0464472994628225,77,0.0024787841047774,2713,-0.0461975927553494,108,-0.0018305748272533396,0.033020751875172415,0.0214010082542933,2,3,3,0,mixed
1910,PCDHB4,0.0008485461484074,2853,-0.0110068605230087,1884,-0.0319068853827971,401,0.055896077973342,44,0.007345346882852,2262,0.004235245019759118,0.03251368748586615,0.021400743382081443,3,2,3,0,mixed
2646,TRIB1,0.0106895511450658,2055,-0.0159368835883018,1440,0.0112306265890206,1876,-0.0385875566653076,365,-0.030548078749719,590,-0.012630468253848401,0.023015857245125997,0.02139853934748296,2,3,3,0,mixed
2844,ZNF287,-0.0184067352531644,1453,0.023685411731081,839,-0.0345460183293857,328,0.0233629686748599,1131,-0.0069325441820843,2297,-0.0025673834717386992,0.02575929540306478,0.021386735634115063,2,3,3,0,mixed
327,CCDC102B,0.0059990179119647,2430,-0.0102449507068384,1953,0.0186777906340712,1212,-0.0317399130430513,681,0.0402697538960584,234,0.00459233973844092,0.027447378432771456,0.0213862852383968,3,2,3,0,mixed
1160,INPP5K,-0.025879296398009,902,0.0082996652993272,2109,0.0144373961725313,1566,0.0210967842371706,1303,-0.0371611915131236,317,-0.0038413284404207005,0.02597744345229306,0.021374866724032337,3,2,3,0,mixed
436,CEP290,0.0106852634536809,2056,0.0198062355144219,1119,-0.0122046471848979,1773,-0.0495468389871926,109,-0.0146262201879527,1617,-0.009177241478388082,0.02694031364925612,0.0213738410656292,2,3,3,0,mixed
2519,TCTE3,-0.0229477402661912,1103,0.0034830365205011,2552,0.0291443304501882,533,-0.0223728961398164,1205,-0.0287989285795567,687,-0.008298439602975,0.024360452550752133,0.021349386391250717,2,3,3,0,mixed
1908,PCDH8,-0.0036374968829102,2615,0.0125360455780891,1735,0.0102625787726066,1957,0.0431876719108446,224,-0.0370469965541059,321,0.00506036056490484,0.029091764551576853,0.02133415793971128,3,2,3,0,mixed
1126,IGLL1,0.0165494332069821,1596,-0.0203597333041469,1084,0.0395248972713811,196,0.0120138585038842,1961,-0.0181982639393701,1345,0.005906038347746081,0.0252572917478036,0.02132923724515288,3,2,3,0,mixed
1575,LRRK2,-0.0095005828429487,2141,0.0413173834889777,152,0.003664931853058,2567,-0.0040504652597843,2583,0.0481008801583251,85,0.01590642947952556,0.026813464085740635,0.02132684872061876,3,2,3,0,mixed
2823,ZMAT1,-0.0234351358097815,1074,-0.0304876228300526,462,0.0071068068079006,2251,0.0385236208522577,370,-0.0070550603445786,2286,-0.00306947826485088,0.02745879729338787,0.021321649328914203,2,3,3,0,mixed
2039,PRICKLE2-AS1,0.0280288399861237,769,-0.01498077714067,1520,-0.0176615033221198,1302,0.034266523701922,561,0.0116588448214973,1875,0.00826238560935064,0.023930923946337248,0.02131929779446656,3,2,3,0,mixed
304,CAMK2N1,-0.0367207226944213,352,-0.0269611426584021,622,-0.0038476845343997,2547,0.038740157309707,357,0.0003199384945006,2891,-0.0056938908166030994,0.02927848848040007,0.02131792913828614,2,3,3,0,mixed
362,CCR7,-0.0037599685389957,2604,0.0231662585126465,868,0.0243670943339483,794,-0.0232982653298695,1138,0.0319835210181467,520,0.01049172799917526,0.02323758370197071,0.021315021546721342,3,2,3,0,mixed
1879,OVOL1-AS1,-0.0248761181510931,967,0.0033749390791656,2566,0.022753002722103,891,-0.0235042021198096,1122,0.0318774014902288,527,0.00192500460411894,0.025971131234295307,0.021277132712480017,3,2,3,0,mixed
1803,NFIL3,-0.0176907239870867,1504,0.0227969988180264,899,-0.0364113961149969,271,-0.0211123960432548,1302,0.0083275031747852,2182,-0.00881800283050536,0.023899525850730224,0.02126780362763,2,3,3,0,mixed
2767,WNT5A,0.0157124097107868,1648,-0.0307733221540729,451,-0.0226685249258956,900,-0.0147430052414746,1764,0.0224160459367751,1041,-0.006011279334776239,0.023700723197932965,0.021262661593800997,2,3,3,0,mixed
685,EHD3,0.0282078160235804,761,-0.0065108071628266,2256,-0.0257256279963472,712,-0.0315050086756055,693,0.0143363327816142,1645,-0.00423945900591694,0.025534830998554837,0.021257118527994782,2,3,3,0,mixed
221,BTNL9,-0.0292014030248968,704,-0.0024833040593988,2662,0.0278334655457658,598,-0.0184606491113111,1498,0.0282564183182215,713,0.0011889055336761205,0.026295169717585283,0.021247048011918797,2,3,3,0,mixed
1174,IRX6,-0.0294024346552013,692,0.0046870338684165,2429,0.0383490590349387,227,-0.0206252289161048,1335,-0.0131588393899455,1740,-0.004030082011579279,0.026807037769185315,0.02124451917292136,2,3,3,0,mixed
1004,GZMB,0.0316878375188504,577,-0.0196543355785781,1134,-0.0021628761077713,2723,0.0275966543057286,885,0.0250782137498315,877,0.012509098777612221,0.022378529661965175,0.021235983452151982,3,2,3,0,mixed
2350,SLC46A3,0.0074281330780375,2306,-0.0121821850871927,1771,-0.0094626571598998,2035,-0.0319541743284661,663,0.045086722053482,124,-0.00021683228880782084,0.028925643278862666,0.02122277434141562,2,3,3,0,mixed
320,CAVIN1,0.0239085767273335,1038,-0.0247487941979332,767,-0.009745690187594,2005,0.0325474115102565,641,-0.0151155453584863,1578,0.0013691916987153003,0.025286071316904347,0.0212132035963207,2,3,3,0,mixed
1995,PLPP4,-0.021015556655174,1252,0.0049816611904306,2407,0.0184674448990098,1228,0.0267590475985255,938,-0.034810487908879,391,-0.0011235781752174199,0.02612001937258218,0.02120683965040378,3,2,3,0,mixed
2565,TLR4,-0.0225162891867922,1134,-0.0298670319696911,483,0.0049309792172632,2449,-0.0428688710984271,231,0.0058284979834441,2388,-0.01689854301084062,0.021605816068904375,0.021202333891123543,2,3,3,0,mixed
2292,SH2D2A,-0.0231965594163023,1090,0.0177228643045043,1301,-0.0224779738484443,914,0.0083823526904603,2212,0.0342007105741643,417,0.0029262788608764604,0.025271409224597172,0.0211960921667751,3,2,3,0,mixed
1476,LOC101060091,-0.0383543359431191,289,-0.0334593998019629,347,0.0254142214375585,733,0.0066637171284924,2361,-0.0020474837162223,2722,-0.00835665617905068,0.02709196363815716,0.021187831605471042,2,3,3,0,mixed
939,GIMAP6,-0.0121069123630772,1949,0.0228589186829119,893,-0.019340056282034,1159,-0.0146094298277026,1776,0.0369951199189731,325,0.0027595280258142394,0.025431990830423346,0.02118208741493976,2,3,3,0,mixed
2042,PRKCA-AS1,-0.0305328970088771,633,-5.13847275439858e-05,2912,0.0308405421850178,449,0.0277298763770365,878,-0.0166607856680222,1448,0.002265070231522203,0.02694566101250647,0.021163097193299518,2,3,3,0,mixed
1403,LINC01550,0.019095512972788,1395,-0.0256258947906969,707,0.0318402733808264,404,-0.0275137884934203,892,0.0016461894965893,2757,-0.00011154148678269934,0.026432860222110485,0.021144331826864184,3,2,3,0,mixed
301,CALY,0.0257529954433759,913,-0.0034580716318992,2555,-0.014853053873003,1533,0.0342384789074939,563,0.027357658239127,753,0.013807601417018919,0.02158271218385029,0.021132051618979804,3,2,3,0,mixed
1157,INHBA,-0.0215013053076314,1216,0.0366218977271683,253,-0.0177053796779963,1296,-0.0263258941759915,968,0.0030286646441647,2635,-0.005176403358057241,0.025909456515329218,0.021036628306590442,2,3,3,0,mixed
723,ERCC4,-0.0023380794203481,2731,-0.0171441583074235,1357,0.030082075460666,478,0.0254182656876081,1007,-0.0301935552822773,614,0.001164909627645041,0.026245351885686004,0.0210352268316646,2,3,3,0,mixed
597,DENND2C,0.0154078546489676,1670,0.0124574900696664,1744,-0.0219765860546412,949,-0.0217284281144722,1250,0.0335644560636188,445,0.0035449573226278793,0.024553131497900206,0.02102696299027324,3,2,3,0,mixed
349,CCL18,0.0325417387074915,538,0.030999579370094,442,0.0003719551865209,2884,-0.0290902875294218,810,-0.0121184225465519,1827,0.004540912637626539,0.026972572112882637,0.02102439666801602,3,2,3,0,mixed
1432,LINC02446,-0.0210825280676287,1248,0.0085933699626562,2084,-0.0175822824795768,1308,-0.0327371091243161,630,0.0251205101456157,875,-0.007537607912649941,0.023696710387721615,0.021023159955958697,2,3,3,0,mixed
1890,PALMD,-0.0471714921188511,108,-0.0053175801465629,2379,0.0139727655492426,1613,-0.0263027622539259,969,0.0123350258994265,1812,-0.01049680861413416,0.02618080267650955,0.021019925193601803,2,3,3,0,mixed
91,ANKRD20A5P,-0.0119322987405871,1963,0.0241842798923133,800,0.0294068551232801,517,-0.0237396099338818,1110,-0.0157878161248968,1520,0.00042628204324553985,0.02451498476080698,0.02101017196299182,2,3,3,0,mixed
1733,MT1G,-0.0367033369916568,354,0.0173569616035283,1337,-0.0316288656705627,416,0.0011996139379135,2822,0.0181593729835284,1348,-0.006323250827449861,0.02636317792706661,0.02100963023743794,3,2,3,0,mixed
1850,NUDT16,-0.011264000096491,2010,0.0311842282675331,432,0.0013347458152118,2802,-0.0174881165986554,1572,0.0437564890449891,143,0.00950466928651752,0.026785659417348007,0.02100551596457608,3,2,3,0,mixed
234,C15orf48,0.0034579117585708,2637,0.0060144135090566,2303,-0.0357606659524406,290,0.0459451200597882,167,-0.0137705048289364,1692,0.0011772549092077197,0.030085739013259564,0.02098972322175852,3,2,3,0,mixed
929,GDAP1,-0.0056225436760812,2456,-0.0024520375100544,2664,0.0424546477994693,129,0.0481296590151508,128,-0.0062591788451635,2355,0.015250109356664201,0.027535589810718065,0.02098361336918384,2,3,3,0,mixed
2784,ZBBX,-0.0178924027621537,1490,0.0181117192088049,1274,0.0135762566696685,1656,0.0483177046281275,125,-0.0070146817429931,2292,0.01101971920029082,0.02553978503571731,0.02098255300234954,3,2,3,0,mixed
880,FPR1,0.0042101092995153,2574,-0.0181393586612012,1272,-0.0502114649101284,48,0.0215997706039214,1262,-0.0107262928463899,1963,-0.01065344730285656,0.026842486437406696,0.02097739926423124,2,3,3,0,mixed
289,CACNA1A,-0.0368664439142056,345,-0.0184664222582584,1244,-0.0098425384713178,1992,0.0389323032563596,346,0.000732022058468,2844,-0.005102215865790839,0.028209555388611376,0.02096794599172188,2,3,3,0,mixed
818,FCGBP,-0.016153187664065,1618,0.0332100709942622,356,0.025422485747502,732,-0.0289486482746306,817,0.0011016499196893,2805,0.0029264741445515796,0.026488458258346028,0.020967208520029822,3,2,3,0,mixed
1317,LCORL,0.0269971592371993,834,0.0402980346433662,171,-0.012029730593141,1799,-0.0211139902041794,1301,-0.0043775406217581,2524,0.0059547864922974,0.026387301181312946,0.0209632910599288,2,3,3,0,mixed
1133,IL10RA,0.0346331600941006,437,-0.0147743156329407,1537,-0.0065458108495082,2304,-0.0380686290633625,388,0.0107834829417999,1954,-0.00279442250198218,0.02732692746049651,0.02096107971634238,2,3,3,0,mixed
1529,LOC105371880,-0.0488603098303686,81,0.0005206479008263,2866,0.0246513372321561,779,0.0246204020039693,1061,-0.0061431385702413,2365,-0.0010422122527316395,0.03014034129170262,0.02095916710751232,3,2,3,0,mixed
1734,MT1H,-0.029464062427715,685,0.0016033518176817,2755,0.0237289973840725,831,0.0267303200666088,942,-0.0232408744530032,979,-0.00012845352247103995,0.025924567418354832,0.02095352122981624,3,2,3,0,mixed
199,BICDL1,-0.0252346706168783,947,0.0329503007879842,359,-0.0024081133088219,2699,-0.013554219016216,1852,0.0304951259910304,593,0.0044496847674196805,0.02618673816347902,0.02092848594418616,2,3,3,0,mixed
2189,RPS6KA5,-0.041188657905457,211,0.0210581674428567,1032,0.0101310284705524,1970,-0.0023294092032935,2722,-0.0299295144449231,630,-0.0084516771280529,0.026394305468870956,0.02092735549341654,2,3,3,0,mixed
1318,LDB2,0.045645969700392,129,0.0136989501978375,1637,0.0120848527132649,1788,-0.0233383051054836,1133,-0.0098497141537515,2036,0.007648350670451861,0.026298604838134905,0.0209235583741459,3,2,3,0,mixed
1222,KCNS1,-0.0176598538659644,1507,0.023415930327787,855,-0.0037714188860399,2554,-0.0344388295707783,554,0.0253087546298865,865,-0.0014290834730218195,0.025936241426590543,0.02091895745609122,2,3,3,0,mixed
1809,NKG7,-0.0217748966174442,1188,0.0056942382096714,2342,0.0094748895227521,2033,0.029560780804107,788,-0.0380712913421202,289,-0.003023255884606779,0.026804414787695102,0.020915219299218978,3,2,3,0,mixed
333,CCDC168,0.0156821349043583,1650,-0.015716204061403,1459,0.0193613730619008,1156,-0.000882335863288,2849,0.0528452913009423,41,0.01425805186850208,0.025713490165343487,0.02089746783837848,3,2,3,0,mixed
57,AJAP1,0.0097205458766406,2128,-0.0188658863505514,1202,0.010970536492088,1896,-0.0506470109754738,92,0.0142613010755908,1658,-0.006912102776341159,0.027840536794487843,0.02089305615406892,3,2,3,0,mixed
1198,JAKMIP2,0.0145300358242879,1744,0.0077383439456835,2158,0.0379914662929482,235,-0.0399001776945006,312,-0.0042090062877321,2536,0.0032301324161373816,0.028600378301776835,0.02087380600903046,3,2,3,0,mixed
1707,MPP7,0.0318168402867823,569,-0.0096243905371758,2006,-0.0137865895241628,1632,-0.0402798957202361,304,0.0088580520336118,2128,-0.004603196692236121,0.02687935200056285,0.020873153620393763,2,3,3,0,mixed
672,EDAR,0.0356061426292319,394,-0.0038138821059757,2525,0.0246622229150341,778,-0.0346532189418848,542,0.0056295310306924,2400,0.005486159105419582,0.027260850237896844,0.02087299952456378,3,2,3,0,mixed
2746,VSIG4,0.0123991012697698,1927,-0.0200387984578937,1104,0.0273522230952203,622,-0.0318701928889165,669,0.0127000158718741,1785,0.00010846977801079946,0.024901686858743534,0.02087206631673488,3,2,3,0,mixed
1512,LOC102724153,0.0047558750670795,2526,-0.0251500440527372,739,0.0165609486934155,1383,0.0302775603713151,756,-0.0276057238431386,738,-0.0002322767528131396,0.025534021293301047,0.020870030405537178,3,2,3,0,mixed
1050,HIST1H2AG,-0.0240616672493183,1027,-0.0145565379492189,1556,0.030392041058168,464,0.0273247509576848,905,-0.0080098622481681,2208,0.0022177449138294997,0.0250037033916247,0.020868971892511624,2,3,3,0,mixed
501,COL14A1,-0.029056931776787,710,0.0152022180944879,1506,-0.0054198145479977,2399,0.0251486529125827,1028,-0.029445064581942,657,-0.00471418797993122,0.02496565560429751,0.02085453638275946,2,3,3,0,mixed
563,CXCL6,-0.0247969958313054,971,0.0273311394108608,594,-0.003932144651549,2539,0.0415939780841287,263,-0.0066171096592494,2321,0.006715773470577141,0.027044782453734786,0.02085427352741866,2,3,3,0,mixed
2689,TTLL2,0.0317067468700471,576,-0.014381150165708,1571,0.0114686213560627,1849,-0.0137292007422512,1843,0.0329607216675592,476,0.00960514779714196,0.02322321229837323,0.02084928816032564,3,2,3,0,mixed
1360,LINC00563,0.0481439247272648,89,-0.0284252777596426,543,-0.002056299099954,2733,0.0189912465776148,1461,0.0065917781807876,2324,0.00864907452521412,0.02810760041914276,0.02084170526905276,3,2,3,0,mixed
811,FBXO21,0.0022941305220938,2736,0.0375706021117485,228,-0.0203098621187636,1084,0.0026759929908548,2694,-0.0412167457229248,210,-0.003797176443398261,0.029424445614738278,0.020813466693277098,3,2,3,0,mixed
1086,HS3ST5,-0.0240282703793589,1028,-0.0197064616331369,1130,0.0061267111945987,2342,0.0389595647621577,345,-0.0151810197824165,1571,-0.0027658951676311793,0.026044669153605825,0.020800405550333738,2,3,3,0,mixed
1769,NAP1L5,0.0203221092005886,1309,-0.0050070852952503,2404,0.0312042976070235,427,-0.0268934018318609,931,-0.0205153709366965,1175,-0.00017789025123912116,0.025277185843735714,0.02078845297428396,2,3,3,0,mixed
1301,LAIR2,0.0088053218886121,2202,0.0243847004149053,791,-0.0084166087500379,2134,-0.0345142338697761,550,-0.0277968557903086,729,-0.007507535221321039,0.024622493358136485,0.020783544142728,2,3,3,0,mixed
2563,TLR10,-0.0380605860529383,300,0.0181073499064498,1275,0.0277200381974003,602,-0.0118625692159548,1975,0.0081380148294702,2199,0.0008084495328854396,0.026213377927715376,0.02077771164044268,3,2,3,0,mixed
189,BCL9L,0.0040642576473325,2587,-0.0195435828250284,1144,-0.0300145620495261,483,0.0048637317295453,2525,-0.0452489302239294,123,-0.01717581714432122,0.02176822141769236,0.02074701289507234,2,3,3,0,mixed
285,CA2,0.0363085893996608,373,-0.0218837848110401,966,0.0176949288231634,1298,-0.0052771217196099,2482,-0.02256342806508,1028,0.0008558367254188403,0.02570806403200477,0.02074557056371084,2,3,3,0,mixed
1001,GYPB,-0.0278114000903292,784,0.0210858618433549,1030,0.0249735898543619,764,-0.023355725197744,1132,0.0064801459817354,2337,0.00027449447827580087,0.024641799803582817,0.02074134459350508,3,2,3,0,mixed
517,COQ10A,-0.0182159885456788,1465,-0.033563568324887,337,-0.0159456235310078,1436,0.0262390535455638,974,0.0096879990103154,2049,-0.00635962556913888,0.023941174449475636,0.02073044659149056,2,3,3,0,mixed
345,CCDC9,-0.035432203292979,407,-0.011928673301609,1800,0.0346613140185569,326,0.0011749011062654,2824,-0.0204478122628419,1181,-0.0063944947465215205,0.026524453670405703,0.020728980796450438,2,3,3,0,mixed
1796,NETO1,-0.0334715979674322,482,0.0300262057706673,479,0.0126955913328761,1731,-0.0194563299966283,1426,-0.0079808819846722,2212,-0.00363740256903786,0.02529421233064993,0.020726121410455222,2,3,3,0,mixed
66,AKTIP,-0.0413393416588341,208,-0.0051322714100951,2392,0.0076914101254926,2199,-0.020192608679769,1366,0.0292241681083328,673,-0.00594972870297456,0.026829257616707396,0.020715959996504718,2,3,3,0,mixed
203,BLNK,-0.0261436085318782,883,-0.0164716253330857,1396,0.0051101141066524,2434,0.0397830595052902,315,0.015970684110263,1510,0.00364972477144834,0.026230078604434753,0.0206958183174339,3,2,3,0,mixed
955,GNG11,-0.0067134797599115,2370,0.0244313733534691,788,0.024444234979176,788,-0.0194954144980038,1422,0.0283431418572173,707,0.01020197118638942,0.02180875532033083,0.020685528889555542,3,2,3,0,mixed
581,DAAM1,0.0248066795591798,970,0.0067533472534061,2239,-0.0226719504391039,899,0.0189028730202751,1468,-0.0302056138656219,612,-0.0004829328943729595,0.024716027103417415,0.02066809282751736,3,2,3,0,mixed
363,CCR8,-0.0367292475522131,350,0.0114098546391635,1847,0.0253521690440007,737,-0.0162746829804546,1660,0.01352663972725,1708,-0.0005430534244507005,0.025339276021574982,0.02065851878861638,3,2,3,0,mixed
2820,ZFYVE9,-0.0098746099051857,2116,-0.0024209536967889,2669,0.0183756714579949,1236,0.0393441888653357,335,0.0332567330509663,460,0.015736205954464462,0.021545700502661674,0.0206544313952543,3,2,3,0,mixed
1800,NEXMIF,0.0184468889143589,1448,-0.020403002182385,1080,0.0217033191755229,969,-0.0211453319934604,1298,-0.0215356855339746,1102,-0.00458676232398764,0.022546192280271323,0.020646845559940362,2,3,3,0,mixed
2906,ZNF831,0.0273153602329266,811,-0.023056783344711,871,0.0032452285786991,2615,0.0073666367029431,2300,-0.0422441742274943,182,-0.005474746411527299,0.027282086716886606,0.02064563661735482,3,2,3,0,mixed
1602,MAGEE1,-0.0001530260927036,2902,-0.0526240951842842,44,0.0121885045530688,1774,0.0100956803809386,2088,-0.0281585741451058,715,-0.01173030209761724,0.027949537464520335,0.020643976071220198,2,3,3,0,mixed
2007,POU2F2,0.0040392845964698,2590,-0.0200735437376489,1100,-0.0332930029283951,361,0.0265668220100827,950,-0.019006916926862,1295,-0.0083534713972707,0.023695165767955998,0.0205959140398917,2,3,3,0,mixed
1338,LINC-PINT,-0.0331539011559681,498,0.0015487057660471,2762,0.0059337493521747,2357,0.0260334648090779,983,-0.0362795328997948,344,-0.007183502825692639,0.026798886478466993,0.02058987079661252,3,2,3,0,mixed
1513,LOC102724404,0.0147566841145828,1723,-0.0339079599203535,332,-0.0085789637524111,2119,0.0222481267480599,1214,-0.0233931386184727,974,-0.005775050285718921,0.024065380426511906,0.020576974630776002,2,3,3,0,mixed
1254,KIR2DL4,0.0392915740842388,267,-0.0197493023720101,1127,0.0033678289065014,2603,-0.0394339852503348,327,-0.0009918625506109,2816,-0.0035031494364431196,0.029325192727049743,0.0205669106327392,2,3,3,0,mixed
397,CD7,0.0025033226109914,2720,0.0228221138693366,897,-0.0101749107829973,1967,-0.0507651612489811,88,-0.0164902592136935,1474,-0.010420978953068781,0.027095620258954976,0.02055115354519998,2,3,3,0,mixed
1245,KIF19,-0.017228409309502,1552,0.0174963066069304,1323,0.0349397699981653,314,-0.0283482941399588,850,-0.0047081589532662,2486,0.00043024284047373987,0.02573224318151302,0.020544187801564542,2,3,3,0,mixed
2554,TIFA,-0.0288250496030204,728,0.0004799251334832,2872,-0.0036409257596345,2570,-0.0442576338480558,202,0.0254795644432277,856,-0.010152823926799958,0.027096666505031872,0.020536619757484317,2,3,3,0,mixed
2118,RASSF9,0.0068419858380098,2362,0.0275133043067852,582,-0.0114463762811728,1852,-0.0367701304965114,445,0.0201106464999046,1204,0.0012498859734030796,0.025901176318352516,0.020536488684476762,3,2,3,0,mixed
1492,LOC101928100,-0.0204968481990243,1293,0.0118042784920939,1815,0.0196375637534733,1136,-0.0169449616895535,1607,-0.0337387059532994,439,-0.007947734719261999,0.02266437323868293,0.020524471617488875,2,3,3,0,mixed
2839,ZNF25,0.0247840034119439,974,0.0245271864704882,779,-0.0298004404448713,496,-0.0076156323656165,2279,0.0158609271824043,1516,0.005551208850869721,0.02376648491507291,0.020517637975064843,3,2,3,0,mixed
618,DKK4,0.0364957804618851,365,-0.0099771772940259,1976,-0.0150591924906135,1515,-0.0210202561186432,1310,0.0200337690991861,1211,0.00209458473155772,0.02489744958008941,0.020517235092870758,2,3,3,0,mixed
2708,UBXN10-AS1,-0.0122711531625635,1936,0.0024162406439948,2670,-0.0027559407620523,2659,0.0299147240321587,773,0.0552133974383885,34,0.014503453637985242,0.0276390745220261,0.02051429120783156,3,2,3,0,mixed
1657,MICALL2,-0.0247194730729965,980,0.0056992592159397,2339,0.0256219310664974,718,0.0348383481114913,536,-0.0116234116862055,1880,0.005963330726945279,0.024854702209859792,0.02050048463062608,3,2,3,0,mixed
1291,KRT17,-0.010626859931966,2062,0.030770712160095,452,-0.0168721375222371,1356,0.0279484169865956,870,0.0162506194371471,1491,0.00949415022592692,0.02201668744956647,0.020493749207608162,3,2,3,0,mixed
62,AKAP2,-0.0333318802186567,489,0.0200720260712195,1102,0.0099674730154005,1985,-0.0085897202478907,2194,-0.0305035559848026,592,-0.008477131472945999,0.02376022106081024,0.020492931107594002,2,3,3,0,mixed
2433,SPPL2A,0.0273766298145354,804,-0.0231219136392549,869,-0.0093270934531256,2054,-0.0408366702102972,288,0.0017535409468557,2747,-0.00883110130825732,0.025748127168592105,0.02048316961281376,2,3,3,0,mixed
2765,WNT10A,0.0506966729215145,62,-0.026083184363499,679,-0.0074881179415121,2222,0.0140487723801257,1807,0.0040362175669517,2563,0.007042072112716161,0.028601845314551712,0.0204705930347206,3,2,3,0,mixed
2326,SLC18A2,0.0234607632174816,1071,0.0161605828089322,1418,0.0310274446410675,439,-0.0054680377047855,2468,-0.0262357237658412,814,0.007789005839370922,0.023394143211791868,0.020470510427621602,3,2,3,0,mixed
583,DCAF17,0.0127995100283785,1886,0.0215288349044364,999,0.0315205436196478,418,-0.0214233611382682,1272,-0.0150740085157906,1580,0.005870303779680781,0.02310165936817784,0.020469251641304302,3,2,3,0,mixed
2911,ZSCAN16,0.0210320560801926,1251,-0.0031818201048923,2581,-0.031626517290322,417,0.0254628057715451,1003,-0.0210378446620907,1145,-0.0018702640411134611,0.025130479034051353,0.020468208781808543,2,3,3,0,mixed
2161,RIMS1,0.0439803071706942,156,0.014831200513826,1530,0.0057082011733905,2372,-0.0340226178035661,569,-0.0037867795122435,2583,0.005342062308420219,0.028354918272199645,0.02046582123474406,3,2,3,0,mixed
5,ABCA8,-0.0134253919261259,1826,0.0114077066012229,1848,0.0185996469752111,1217,-0.0383611474439599,378,0.0204964455789137,1178,-0.00025654804294762066,0.025237257259689748,0.0204580677050867,3,2,3,0,mixed
790,FAM49A,0.0257320456197786,915,-0.0241758007603792,802,-0.0203587329903799,1081,0.0241243747035013,1089,0.0078972352973921,2216,0.002643824373982579,0.0238248203914137,0.02045763787428622,3,2,3,0,mixed
809,FBXL4,0.0185677759320135,1440,-0.0063448463713967,2272,0.0249742708956702,763,-0.0266388942453423,946,-0.025758494461894,840,-0.003040037650189859,0.024164308205975506,0.020456856381263343,2,3,3,0,mixed
1247,KIF21B,-0.0333805562522166,487,0.0346966782990956,299,0.0087580917039727,2099,-0.0196589121073894,1407,-0.0057499168849945,2393,-0.0030669230483064405,0.02630270649335712,0.02044883104953376,2,3,3,0,mixed
2257,SENP7,-0.0322335523730942,545,0.02280562001811,898,0.0132023553453187,1681,-0.0172963799874574,1586,-0.0165961412182127,1457,-0.00602361964306712,0.023057412504697627,0.0204268097884386,2,3,3,0,mixed
1367,LINC00824,0.0052117817075895,2487,-0.0168714406007201,1377,-0.0266295365199703,659,-0.0311973701492834,709,0.0221332398002937,1060,-0.009470665152418121,0.02255897331397305,0.0204086737555714,2,3,3,0,mixed
1269,KLHL10,0.0114265933250431,1998,0.0186806948922086,1223,0.0260538693718283,687,-0.0197674872121696,1400,-0.0260098833305863,824,0.0020767574092648193,0.023473615405308356,0.02038770562636718,3,2,3,0,mixed
851,FLJ31356,0.0331540266197786,497,0.0059390568498393,2311,-0.0217011247310394,970,-0.0365337499222368,458,-0.0045885127972894,2503,-0.0047460607961895395,0.026685879035683507,0.020383294184036702,2,3,3,0,mixed
1385,LINC01140,0.038245090073665,294,-0.0079201167841926,2140,0.0195391584851908,1144,-0.0031537094179062,2653,-0.0329993531680044,472,0.0027422138377505207,0.027241963897023474,0.0203714855857918,2,3,3,0,mixed
2196,RUNX1T1,0.0131570607343841,1853,-0.0109049291752774,1892,-0.0067694266073577,2282,0.0342008213324206,564,-0.0367949737665798,333,-0.0014222894964820404,0.026698794922781283,0.02036544232320392,2,3,3,0,mixed
884,FRMD4B,0.0394355035901273,265,0.0043919106385793,2457,0.0308045890413841,450,-0.0123061183830713,1940,-0.0148048329196366,1603,0.00950421039347656,0.024710038850090627,0.020348590914559723,3,2,3,0,mixed
853,FLJ37453,-0.0273640564072151,805,0.0280223352749351,557,-0.0057254911795259,2370,0.0318776026243529,667,-0.0086809982543647,2144,0.00362587841163646,0.025458939564785135,0.02033409674807874,2,3,3,0,mixed
141,ARL6,-0.0022583088442754,2739,0.0100360889787522,1970,0.0057147897971777,2371,-0.0411422881609528,273,-0.0425085898066228,178,-0.01403166160718422,0.025757097606414453,0.02033201311755618,2,3,3,0,mixed
909,GADL1,-0.0191865512819057,1387,-0.0143053008074145,1578,0.0413500062751405,161,0.0020893833031775,2750,0.0247229198607821,897,0.00693409146995598,0.02577677523808806,0.02033083230568406,3,2,3,0,mixed
2436,SPTSSB,0.036419693074768,367,-0.010808730849473,1902,-0.0052847767386377,2413,0.0139789133068997,1815,0.0351528712753172,383,0.013891594013774839,0.022007975976546624,0.02032899704901912,3,2,3,0,mixed
2593,TMOD2,-0.0239573182113665,1034,0.0335355633633748,339,0.0012232439414257,2814,0.0253826983630654,1015,-0.0175283824672132,1391,0.00373116099785724,0.025406697876088936,0.02032544126928912,3,2,3,0,mixed
1386,LINC01164,0.0247234274356077,979,0.0334664544219953,346,-0.0128790686506558,1712,0.0141176562915094,1803,-0.0164353936829902,1477,0.00859861516309328,0.022343183054998755,0.02032440009655168,3,2,3,0,mixed
1662,MIR1281,-0.0354710208953613,406,-0.002056432189031,2705,-0.018545400716789,1222,0.0368037723695929,443,0.0086992688362338,2143,-0.0021139625190709195,0.027450887397820194,0.0203151790014016,2,3,3,0,mixed
148,ARSA,0.0338772940076514,464,-0.0429199460336561,134,0.0060024555803836,2354,-0.0010594848544493,2834,-0.0177094843309812,1385,-0.004361833126210319,0.02848439349946226,0.020313732961424323,2,3,3,0,mixed
2562,TLR1,0.0226836553589876,1122,0.001935863941295,2724,-0.0159041656225431,1441,-0.0395990119271401,320,0.0214153889149076,1112,-0.0018936538668985988,0.026362896639682096,0.020307617152974678,3,2,3,0,mixed
2240,SDR42E1,-0.0200196339266824,1323,-0.0328950849253642,364,0.0025517158602065,2679,0.0275203774392003,891,-0.0184811707893685,1329,-0.00826475926840166,0.02370009086456855,0.020293596588164382,2,3,3,0,mixed
2091,R3HCC1L,-0.0253431423963599,940,-0.0224416106715817,929,0.0201769625741403,1092,-0.023938430079422,1098,0.0095604765465186,2069,-0.008397148805340938,0.021592250814493594,0.0202921244536045,2,3,3,0,mixed
2083,PTX3,-0.0221516614838484,1166,-0.0138696296099569,1618,-0.0227228608679945,895,0.015604690115249,1701,0.0271051400659631,764,-0.0032068643561175398,0.02305518496257612,0.02029079642860238,2,3,3,0,mixed
1759,MYOZ1,0.0205324325345091,1287,-0.0133381235191154,1674,0.0257939395633087,705,0.0072206491650749,2309,-0.0345546641997222,402,0.0011308467088110203,0.02502290033108415,0.02028796179634606,3,2,3,0,mixed
441,CES1,0.0263747233699809,865,-0.0212150385588999,1019,-0.0038559983847821,2545,0.030836619695426,727,0.0191275693039837,1279,0.01025357508514172,0.02208876767175971,0.02028198986261452,3,2,3,0,mixed
1622,MAP9,0.0196645636116741,1346,0.0225291869977291,922,-0.0342910355498504,336,-0.0108003889368073,2044,-0.0140676503836372,1676,-0.0033930648521783404,0.024120101528312666,0.020270565095939618,2,3,3,0,mixed
640,DOCK9-AS2,-0.042571268559211,186,0.0324349546220692,382,0.020148053806266,1095,-0.0006464287303984,2867,0.0055219344467166,2415,0.0029774491170884796,0.02853448297310383,0.020264528032932237,3,2,3,0,mixed
2634,TRAF5,0.0106742630970611,2057,0.0150168489272853,1517,-0.0371967137111484,254,-0.0376556803086619,407,-0.0007763738109988,2839,-0.00998753116129254,0.025704281149221672,0.020263975971031103,2,3,3,0,mixed
945,GK5,-0.0462335750965285,120,0.0207699313749538,1058,-0.0081747763231272,2154,-0.0119128782804432,1968,0.0141140128308313,1671,-0.006287457098862759,0.026359163144545762,0.020241034781176802,2,3,3,0,mixed
324,CBR3,-0.0173239250036722,1544,-0.0137688872084429,1628,0.0244088833743724,792,-0.0333609004656392,601,0.012295388861078,1816,-0.005549888088460781,0.023428690735008046,0.020231596982640942,2,3,3,0,mixed
1589,LY96,0.0211249361549773,1246,0.0047649189216565,2422,0.0290282096875696,540,-0.0211917131055673,1291,-0.0249633395245174,885,0.0017526024268237398,0.02433363559858966,0.020214623478857618,3,2,3,0,mixed
2407,SOCS3,0.0195787820887946,1352,0.030904616291262,448,0.0283644239277311,581,-0.0198413660817226,1395,-0.0023585598790049,2694,0.011329579269412039,0.02179684806070028,0.02020954965370304,3,2,3,0,mixed
577,CYP2F1,-0.0162428804277046,1613,0.0370215740237439,240,-0.0078925621009546,2181,0.0201926633473321,1365,-0.0195838148687895,1250,0.0026989959947254596,0.02475665165807804,0.020186698953704937,2,3,3,0,mixed
1567,LRIT3,-0.0158514762170874,1637,0.0056400597781091,2350,0.0179794516114783,1271,-0.0261637297745304,978,0.0352638655188499,379,0.0033736341833639,0.024887316959856246,0.02017971658001102,3,2,3,0,mixed
650,DST,0.0169087381098726,1572,-0.0281530797705424,552,0.0125177492192983,1743,0.0172882187961605,1589,-0.0260029820152673,825,-0.0014882711320956601,0.023447591553127107,0.02017415358222822,3,2,3,0,mixed
2537,TEX43,0.0128234345004743,1884,-0.0381992963776483,211,-0.02108564245402,1022,-0.0025771395773709,2704,0.0261499629532148,818,-0.004577736191070021,0.025758080778246737,0.02016709517254566,2,3,3,0,mixed
1387,LINC01191,0.0073814779089177,2310,-0.0218077214939306,973,-0.0062711495277915,2326,0.031479274810413,697,-0.0338843289455099,433,-0.004620489449580259,0.025503618008947338,0.02016479053731254,2,3,3,0,mixed
1085,HS3ST3B1,0.0237504836417359,1048,0.009218908644685,2038,-0.01685155565703,1357,-0.0188854357374357,1472,-0.0320979948488931,510,-0.006973118791387579,0.022786332009538966,0.02016087570595594,2,3,3,0,mixed
17,ABLIM1,-0.040800074014308,228,0.0030094434440623,2603,-0.0067598498656766,2283,-0.0319819593356942,662,0.0182201472651863,1343,-0.011662458501286041,0.024465042190166392,0.02015429478498548,2,3,3,0,mixed
2848,ZNF331,-0.0510496719570117,59,0.0007646239799078,2833,0.010839654207337,1908,-0.0106899490536457,2053,-0.0274056821223644,750,-0.0155082049891554,0.024428344568948473,0.020149916264053318,2,3,3,0,mixed
70,ALKBH8,0.0227051849870715,1119,0.0005036117482567,2870,-0.0424454530117835,131,0.0232724703610539,1141,-0.011820832753044,1857,-0.00155700373368908,0.02732496199454631,0.020149510572241923,3,2,3,0,mixed
1396,LINC01393,-0.0331076986969174,501,0.0080850253667935,2127,0.0005878542646356,2865,-0.0445637848376949,196,0.0143809740412282,1641,-0.010923525972391001,0.02625813757633694,0.020145067441453918,3,2,3,0,mixed
1503,LOC101930114,0.0279118412968235,777,-0.0025646470540387,2657,0.0136828811527847,1640,0.0374771121144316,413,-0.0190633891976619,1290,0.01148875966246784,0.022808212791457103,0.02013997416314808,3,2,3,0,mixed
1905,PCDH15,0.0245800756159946,992,-0.0332496166190676,353,-0.0136510717519623,1646,-0.0176818166807241,1559,0.0114751106394979,1894,-0.005705463759252302,0.023332552926967485,0.0201275382614493,2,3,3,0,mixed
2163,RLN2,0.0047028165397554,2528,-0.0077066627905455,2160,-0.0069756898944789,2259,-0.0416343967696141,261,0.0394189983930337,247,-0.0024389869043698804,0.029102003914502683,0.02008771287748552,2,3,3,0,mixed
2409,SORCS3,-0.0296667517909245,677,0.0080928515542096,2125,0.0168171480894792,1362,-0.0364136673451964,462,0.0093898008664018,2082,-0.006356123725206062,0.024700955769731536,0.020076043929242303,3,2,3,0,mixed
1302,LAMA2,-0.0281279835102953,766,-0.0166774964974894,1386,0.0129674703536031,1701,0.0195622919365225,1418,-0.0229495942842594,1000,-0.0070450624003837005,0.02178692414985497,0.02005696731643394,2,3,3,0,mixed
599,DENND5B,0.0423625856885779,190,-0.0256155007681824,709,0.0274368287721793,617,0.0027825877763636,2683,-0.0019660616372796,2731,0.009000087966331758,0.026505293787217988,0.020032712928516556,3,2,3,0,mixed
1484,LOC101927596,0.0330568101672716,503,0.010624203037459,1915,0.0216943411533036,971,-0.007866911678244,2252,-0.0269024097631266,774,0.0061212065833327195,0.02384613662068443,0.02002893515988096,3,2,3,0,mixed
1793,NEK11,0.025599788313349,923,-0.0019759473099819,2718,-0.0222327809537885,927,0.028985364712193,816,-0.0212878578962814,1122,0.00181771337309804,0.024649309981096133,0.02001634783711876,2,3,3,0,mixed
1366,LINC00675,0.0378455935961395,309,0.0033956443182172,2563,-0.0195026151416574,1147,-0.0191134956358353,1451,-0.0201942100631871,1199,-0.003513816585264619,0.025177215160072902,0.020010311751007297,2,3,3,0,mixed
255,C20orf202,-0.0097240920280363,2127,0.012870554598665,1706,-0.0055589674194027,2389,-0.0232673396990026,1142,0.0486180056427596,80,0.0045876322189966,0.027798196806093488,0.02000779187757324,2,3,3,0,mixed
446,CFAP52,-0.0102723480800609,2087,-0.0075730135317508,2173,-0.0228496099080839,887,0.0407608525151953,290,0.0185703665389535,1324,0.003727249506850642,0.02560185544402306,0.02000523811480888,2,3,3,0,mixed
1115,IFT74-AS1,0.0134058425571672,1829,0.0040786698843964,2494,0.0389693668873159,214,-0.0176940934866917,1558,-0.0257724758468093,839,0.0025974619990756995,0.02578047288985703,0.0199840897324761,3,2,3,0,mixed
335,CCDC186,-0.0085502004403599,2218,0.0218628849205156,971,0.030272766204537,470,-0.0018194935648755,2776,0.0373360113467063,314,0.0158203936933047,0.020083550827423583,0.01996827129539886,3,2,3,0,mixed
2594,TMPRSS2,-0.022492264205258,1138,-0.0128715421804058,1705,0.0044973074921943,2488,-0.041012571616335,280,0.0188794051340411,1304,-0.010599933075152678,0.023283440385132782,0.01995061812564684,2,3,3,0,mixed
2544,TGM1,-0.0329267351222179,516,0.0144001574462693,1568,-0.0161523774354284,1418,0.0170339463847753,1603,-0.0190992222429992,1282,-0.00734884619392018,0.022007621605480105,0.01992248772633802,2,3,3,0,mixed
2005,PODN,-0.0160734492905679,1629,0.0310660620713895,435,-0.0303434015379048,468,-0.010233246174218,2077,0.0118934529839729,1849,-0.0027381163894656603,0.024253170648098905,0.019921922411610622,2,3,3,0,mixed
1346,LINC00312,0.0270362642974974,832,0.0136516715957656,1646,0.0426159340490129,126,-0.0059936091452364,2419,-0.0101975347527266,2007,0.01342254520886258,0.022206615149498312,0.01989900276804778,3,2,3,0,mixed
596,DEFB1,0.0167081627777249,1589,-0.0221864052310663,947,0.0291393497711236,534,-0.0216446403771181,1257,-0.0097351506976384,2048,-0.00154373675139486,0.023301550302181527,0.019882741770934263,2,3,3,0,mixed
1614,MAP1B,0.0286992404574065,733,-0.0222651685485333,941,-0.003176607782745,2621,-0.0124737620488564,1922,0.0327809483198945,488,0.004712930079433259,0.024741674019086606,0.01987914543148714,2,3,3,0,mixed
2874,ZNF567,0.0023086050514897,2733,-0.0098468358191719,1984,0.0451170626241839,91,-0.0068095774085422,2345,-0.0352974205894378,376,-0.000905633228295661,0.029266091982863257,0.019875900298565098,2,3,3,0,mixed
2717,USP30-AS1,0.0261447074586055,882,0.0170497739840838,1363,-0.0206971119270687,1056,-0.009929711616144,2106,-0.0255538636540347,850,-0.0025972411509116197,0.023024344592055435,0.01987503372798734,2,3,3,0,mixed
1289,KRT1,-0.010176030747281,2093,0.0074304487280461,2183,0.0138175069781213,1628,0.0321138710897754,658,-0.0357831245955498,361,0.0014805342906223985,0.025741306699655762,0.01986419642775472,3,2,3,0,mixed
1026,HDC,-0.0250904145260572,956,0.0031588449085948,2583,0.0080824486081073,2164,-0.0240539481275126,1094,0.0388127076206417,270,0.00018192769675480085,0.02640874089520781,0.01983967275818272,3,2,3,0,mixed
2496,TAS2R60,-0.0187039115298216,1426,0.0072131749066793,2194,-0.0075522424649556,2214,-0.0435650421865416,217,0.0221537449957561,1059,-0.008090855255776679,0.02510126585055877,0.019837623216750838,2,3,3,0,mixed
2701,UBASH3A,-0.0124646305655445,1921,-0.002334458011348,2678,0.0309158307899054,446,-0.0449368509574904,185,0.0085070741641908,2163,-0.004062606916057339,0.027954303393266124,0.01983176889769582,2,3,3,0,mixed
1574,LRRC40,0.019080818836286,1397,0.0407436202121581,163,0.0057284096506243,2369,-0.0184633221053715,1497,-0.0151266240699996,1576,0.006392580504739459,0.02460852750549607,0.0198285589748879,3,2,3,0,mixed
2035,PRF1,-0.0093675882681398,2151,-0.0206695949885127,1063,0.005682193553427,2375,0.0158315514639134,1681,0.0474983753864634,96,0.00779498742943026,0.026221154301022863,0.01980986073209126,3,2,3,0,mixed
836,FGD4,-0.0084815078312894,2222,0.0235020395255655,849,0.0143900596078351,1574,-0.0245245502275825,1067,-0.0281508532694978,717,-0.00465296243899382,0.02300559420468796,0.01980980209235406,2,3,3,0,mixed
980,GPRC5B,0.0027132901648189,2700,0.0192182748617527,1173,-0.0270399112665084,640,0.0218550147363791,1243,-0.0281072356924539,719,-0.0022721134392023204,0.024236886678555218,0.0197867453443826,3,2,3,0,mixed
1585,LTF,0.0239643211416889,1033,-0.0003521870985022,2886,-0.0147198305281569,1545,0.0157452094890272,1695,-0.0441221946399251,136,-0.0038969363271736204,0.026971444401063183,0.01978074857946006,2,3,3,0,mixed
1916,PCOLCE2,0.0224389756302242,1142,0.0235974370963552,841,-0.0084644773176269,2128,-0.0145384015384775,1780,0.0298625994469176,633,0.01057922666347852,0.020466642507661278,0.019780378205920282,3,2,3,0,mixed
2356,SLC4A7,-0.0365642836534635,362,0.0112577032146167,1860,0.0226481238164213,904,0.0242967337142409,1080,-0.0040866819500531,2552,0.0035103190283524597,0.025109962033527812,0.0197707052697591,3,2,3,0,mixed
2658,TRIM69,-0.0332338137820568,495,0.0223301268225388,936,-0.0251414830990718,752,0.0135961242771993,1850,-0.0044659764766883,2513,-0.005383004451615761,0.023953762603465944,0.019753504891511002,2,3,3,0,mixed
707,ENPP4,-0.0166571193592685,1592,-0.0023407990358484,2676,-0.0026606542996131,2671,0.0553504354260472,47,0.0217122972047098,1090,0.0110808319872054,0.028333674359728275,0.0197442610650974,2,3,3,0,mixed
1045,HIC2,-0.0065954909238542,2384,0.0232152502435248,865,0.0209331590783192,1036,0.0047689491333511,2537,-0.0431938218367878,154,-0.0001743908610893796,0.02696730684197459,0.019741334243167423,3,2,3,0,mixed
178,BACE2,0.0256884337165932,920,0.0248534991748024,760,-0.0230957593162276,872,-0.012225765469731,1947,-0.0127160769094335,1781,0.0005008662392007,0.023026722328505958,0.01971590691735754,2,3,3,0,mixed
2366,SLCO2A1,-0.0108075399657641,2047,-0.0205619356385167,1070,0.0113633301674999,1861,0.0147372979653127,1766,0.0410825378758492,215,0.007162738080876201,0.024068444981824897,0.019710528322588523,3,2,3,0,mixed
317,CASQ1,-0.0081486448411984,2251,0.0036583729306147,2538,0.0455572251674187,90,-0.0212552747566129,1285,0.0199238357535665,1218,0.00794710285075772,0.025923968579839026,0.01970867068988224,3,2,3,0,mixed
2580,TMEM204,0.0043263855729902,2563,-0.0252209643914993,732,0.0162479342066065,1412,-0.0337398932674332,584,0.01892785916262,1301,-0.0038917357433431595,0.024185358368460013,0.019692607320229837,3,2,3,0,mixed
556,CUZD1,0.0200979658878884,1321,-0.0296249404808636,498,0.0191119750299055,1178,-0.0174872326352321,1573,0.0121064092733441,1829,0.0008408354150084597,0.02288922426943487,0.019685704661446736,3,2,3,0,mixed
1981,PLCL1,-0.0194762391773477,1363,-0.0180399452386835,1281,0.0250290822236173,758,0.0176970710919801,1555,-0.018147518280694,1349,-0.0025875098762255613,0.022024197952760078,0.01967797120246452,2,3,3,0,mixed
1202,JHDM1D-AS1,-0.0209944660016663,1254,0.0314310255256228,420,-0.0115304391512798,1841,-0.0068571484923638,2341,0.027552521982747,742,0.003920298772611979,0.023931915071887837,0.019673120230735936,2,3,3,0,mixed
1957,PIGG,-0.0070388253571569,2339,0.0395681594265488,187,-0.0008353246839643,2847,0.0176810219301725,1560,-0.0331339906445433,467,0.0032482081342113597,0.027265397770127608,0.01965146440847716,2,3,3,0,mixed
674,EDN1,0.0191218748700817,1393,0.0046089368849403,2434,0.0163453225480842,1400,-0.0299741820773917,771,-0.0281543516605678,716,-0.00361047988697066,0.023874668848602818,0.01964093360821314,3,2,3,0,mixed
416,CDKN1C,0.0281290881706151,765,-0.015274355513244,1501,-0.0054107544156845,2401,0.0131221198202146,1884,0.0361950363255074,347,0.01135222687748172,0.021747029732780934,0.019626270849053117,3,2,3,0,mixed
1621,MAP6,-0.0340967620671675,455,0.0327836886130865,369,-0.0238633828374035,824,0.0060200188469127,2415,-0.0013336730844165,2786,-0.004098022105797661,0.026271994822931622,0.01961950508979734,2,3,3,0,mixed
2817,ZFP90,-0.0291533832445573,706,-0.005773148605906,2333,0.009655422708085,2017,-0.0258188714224485,990,0.027693665363867,734,-0.004679263040191961,0.023982034405570948,0.01961889826897276,2,3,3,0,mixed
2883,ZNF596,0.0169631424221071,1570,-0.0271952855048151,605,-0.0219223178430495,953,-0.0248473225027654,1045,0.0071561954978951,2274,-0.00996911758612556,0.020491484917297468,0.01961685275412644,2,3,3,0,mixed
1891,PAPOLG,-0.0422911357596978,193,-0.0064221394943843,2263,-0.010118186281331,1971,0.0278292610262939,875,0.0114056892097407,1899,-0.0039193022598756995,0.026267444668979973,0.01961328235428954,2,3,3,0,mixed
815,FBXW7,-0.0286558349120244,735,0.0270304384373057,615,-0.0235914930862042,842,0.0150683694281377,1741,-0.0036838405580606,2587,-0.00276647213816916,0.024034972543557784,0.019605995284346523,2,3,3,0,mixed
1966,PITX1,0.033407818724258,484,-0.012002759282324,1790,0.0215425826005689,984,0.0229694005223811,1160,-0.0080622552342368,2205,0.011570957466129439,0.020294023035177678,0.01959696327275376,3,2,3,0,mixed
1175,ISG15,-0.0006810585911328,2865,-0.0201253438917776,1097,-0.0449270126897441,94,0.0207415050297756,1327,0.0114902230251114,1893,-0.0067003374235534985,0.026275903528284912,0.019593028645508298,2,3,3,0,mixed
1756,MYO5A,-0.0061924560556749,2411,0.0314212715788262,421,-0.0362592765920683,275,0.0175330149807833,1567,-0.0064983882261826,2333,8.331371367411092e-07,0.025932670605800998,0.019580881486707058,2,3,3,0,mixed
393,CD5,-0.0195454267242536,1356,0.0029237388210923,2613,0.0069201511561008,2265,-0.0350436434001524,521,-0.0334651490939915,448,-0.01564206584824088,0.0197677924487474,0.01957962183911812,2,3,3,0,mixed
2853,ZNF365,0.0246624630550839,983,-0.0275536312836996,581,0.0012861259965103,2807,-0.0291004610431807,809,0.0152890317533333,1564,-0.0030832943043905604,0.024505874841469252,0.019578342626361562,3,2,3,0,mixed
2177,RNF17,-0.0484779299864086,84,0.0008094601663179,2827,0.0048576337061772,2457,-0.0126959386371223,1908,0.0310071278377141,565,-0.00489992938266434,0.02905573876877772,0.01956961806674802,3,2,3,0,mixed
994,GRPEL2,-0.0214130255878922,1223,0.0132640684127744,1681,0.0318276605764992,405,-0.0135534963853785,1853,0.0177195367870236,1384,0.005568948760605301,0.022305080420070456,0.01955555754991358,3,2,3,0,mixed
814,FBXO33,-0.0285740510728222,740,0.0003827262881849,2880,0.0103717747842815,1951,-0.0417986167315347,256,-0.0165972517873752,1456,-0.015243083703853138,0.02112481780897573,0.0195448841328397,2,3,3,0,mixed
290,CACNA1D,-0.0394433326656703,264,-0.0114342073837149,1844,0.0093408935591281,2051,0.0068438375513835,2342,0.0305993459771083,586,-0.0008186925923530604,0.026237266824138367,0.019532323427401018,3,2,3,0,mixed
483,CLMN,-0.0153915345545424,1671,0.01373143220963,1631,-0.0101862205661221,1965,-0.0350538579913294,519,0.0232928330860277,977,-0.004721469563267241,0.023393793594448112,0.01953117568153032,2,3,3,0,mixed
1947,PGGHG,0.0204227591282105,1302,-0.0084522457146966,2097,-0.0247361595581267,775,0.0065668156469844,2373,0.0374750692596056,308,0.0062552477523954405,0.024250105150545688,0.019530609861524762,3,2,3,0,mixed
2415,SP4,0.0257576688327961,912,-0.0097913949563181,1993,0.0191148000831125,1176,-0.0360145674561469,474,0.0068447550689758,2301,0.0011822523144838799,0.024807335807378015,0.019504637279469883,3,2,3,0,mixed
1962,PIM2,0.0077783052464407,2276,-0.025646531024236,706,-0.0107701298080495,1915,-0.0162541091760434,1661,0.037026343481742,323,-0.0015732242560292404,0.024784134471986435,0.01949508374730232,2,3,3,0,mixed
2697,TXNDC2,-0.0132482635655928,1846,0.0441293908360316,122,0.0106141591279699,1926,0.0137332468602105,1841,-0.0157140249075209,1529,0.00790290167021966,0.0242839111920237,0.01948781705946514,3,2,3,0,mixed
200,BIN1,-0.0243775466397655,1003,0.0262438090768211,667,0.0137509446193512,1634,0.0256155102316403,993,-0.0073689660119685,2260,0.00677275025521572,0.02209748892620062,0.01947135531590932,3,2,3,0,mixed
2547,THEMIS,-0.0353276762225477,415,-0.0229534427292735,883,0.0149598753166275,1523,0.00632328590573,2394,0.0177851893886543,1380,-0.0038425536681618794,0.023880818257927348,0.0194698939125666,3,2,3,0,mixed
1370,LINC00866,-0.0123101457060352,1932,0.0111491439025491,1871,-0.0213606890394507,1002,0.0479977946220389,134,-0.0045056337851105,2508,0.00419409399879832,0.02724086560360578,0.01946468141103688,2,3,3,0,mixed
1096,ICK,0.0206809615859983,1273,-0.0006705912223801,2846,-0.0265778613549699,661,0.0272727952718804,908,-0.0221111222528597,1064,-0.00028116359446619943,0.024325122832688926,0.01946266633761768,2,3,3,0,mixed
2358,SLC6A19,-0.0097562321848001,2125,0.0366166524128844,255,-0.0408942116748971,167,0.0099615427667276,2101,6.27056060846995e-05,2911,-0.0008019086148001013,0.028303360348353238,0.01945826892907878,3,2,3,0,mixed
2804,ZCWPW2,-0.0369001624256027,343,0.0204635443312097,1075,-0.0120367812805608,1796,0.0186314411682919,1485,0.0092575423117158,2098,-0.00011688317898922024,0.024279760699502283,0.01945789430347618,3,2,3,0,mixed
609,DHX16,-0.0046411451034951,2535,-0.0092750645127382,2035,0.0462322428933989,79,-0.018502310398608,1494,0.0186138669345163,1321,0.006485517962614781,0.02609352960346064,0.0194529259685513,2,3,3,0,mixed
949,GLIS3,-0.002289886419541,2737,-0.0093496486706536,2026,0.031050110780156,437,0.0191818641929619,1444,-0.0352855056088537,377,0.0006613868548139195,0.025824370982998255,0.01943140313443324,2,3,3,0,mixed
1281,KLRC4,0.0061554620903225,2414,-0.0341704745651592,321,-0.0238160670510129,827,0.0203544442292363,1356,-0.0126273046747685,1791,-0.008820787994276361,0.022121464770458822,0.019424750522099878,2,3,3,0,mixed
2193,RTKN2,0.0220241665382567,1172,-0.0098349120033968,1985,0.0045005171347821,2487,-0.0182322093316773,1519,-0.0425122608843065,177,-0.00881093970926836,0.024256888455176602,0.01942081317848388,2,3,3,0,mixed
2205,S100B,-0.0016150068141169,2786,0.0426838179899466,136,-0.0015114424937539,2790,0.0165416647030322,1634,-0.0346190315183551,399,0.004296000373350579,0.028313543322929936,0.01939419270384094,2,3,3,0,mixed
94,ANKRD31,-0.0149068829935375,1712,-0.0208768389414829,1048,-0.0257632439211882,709,0.0160791647108807,1670,0.0192674176663949,1268,-0.0052400766957866,0.021297201720863378,0.01937870964669684,2,3,3,0,mixed
84,ANK3,0.0304346824204689,639,-0.0256870252838905,700,0.0036494129960548,2569,-0.0052036473890819,2491,0.0319099695726352,524,0.0070206784632373,0.02448614838557396,0.019376947532426258,3,2,3,0,mixed
1537,LOC105375787,-0.0309487831381567,613,-0.0020059790744778,2711,0.0072646990179998,2241,0.0211677817264052,1296,-0.0354969870726677,367,-0.00800385370817944,0.024507293226436723,0.019376846005941438,2,3,3,0,mixed
639,DOCK9,0.038978334683813,274,-0.0018728208661139,2730,0.0092865956918016,2060,0.0298625768200862,777,-0.0168164459033697,1435,0.011887648085243441,0.022787301038223177,0.01936335479303688,3,2,3,0,mixed
2179,RNF32,0.0138699832389885,1794,0.0007632873608625,2834,0.0374439518418702,248,-0.0254143258927761,1010,-0.0192736117906051,1267,0.0014778569516680003,0.025502197642421835,0.019353032025020478,3,2,3,0,mixed
2463,SUCNR1,0.0035369966392152,2629,-0.01489719033499,1526,-0.0414696494198336,157,0.0327527729149884,629,-0.0040438614113984,2559,-0.00482418632240368,0.027050422956377714,0.019340094144085117,2,3,3,0,mixed
757,FABP5,0.0293496921170169,695,-0.0266599530010825,647,0.0240236684661876,817,-0.0065023191197078,2377,-0.0101595593474392,2008,0.002010305822995,0.023846301183389672,0.0193390384102868,2,3,3,0,mixed
573,CYFIP2,0.0317271016256679,574,-0.006541540642039,2253,0.0231947831432202,864,-0.0286637435763627,839,-0.0065597443621657,2327,0.00263137123766414,0.024583625472834183,0.0193373826698911,2,3,3,0,mixed
382,CD27,0.012390325756086,1928,-0.0125260936602789,1736,0.027366550954282,621,-0.0292513920856104,802,0.0151164755643924,1577,0.0026191733057742204,0.02296302862357175,0.01933016760412994,3,2,3,0,mixed
2617,TNNI2,-0.037842039399307,311,0.0248467570107925,762,-0.0214015211961697,999,0.0007430319788669,2861,-0.0117641757563419,1863,-0.009083589472431838,0.023631527291901377,0.0193195050682956,2,3,3,0,mixed
2298,SH3YL1,0.0208985018134949,1262,-0.010397782614383,1937,0.0137901000770083,1631,0.0220960872117454,1230,-0.0293770174980394,663,0.0034019777979652404,0.022518920289050545,0.0193118978429342,3,2,3,0,mixed
246,C1QB,0.0070684216085883,2336,0.0060279451004237,2302,-0.0319738550740006,399,-0.0430001670402304,229,0.0084475015150133,2170,-0.010686030778041141,0.024789334868302388,0.01930357806765126,3,2,3,0,mixed
948,GLDN,0.0269217499085876,839,-0.0150449509205795,1516,0.012959508396251,1703,-0.0117284066184176,1984,-0.0297990403747138,637,-0.00333822792177446,0.02285224018005606,0.019290731243709898,2,3,3,0,mixed
1286,KPNA5,0.0236651072725479,1052,-0.0189366450633899,1195,0.0023405332253098,2706,-0.018811556742545,1476,0.032590872782265,495,0.00416966229483756,0.02373405339264455,0.01926894301721152,3,2,3,0,mixed
551,CTLA4,0.0117762410563238,1974,-0.0208939054541964,1045,-0.0352901410085402,302,0.0070431823282408,2327,0.021324544822929,1120,-0.0032080156510486007,0.023840695239837714,0.01926560293404604,3,2,3,0,mixed
1553,LOC646903,-0.0177950047400758,1500,-0.0135096250248726,1657,0.0233017870704841,858,0.0312761565643957,705,-0.0104131967594609,1988,0.002572023422094101,0.022889416530697107,0.019259154031857816,2,3,3,0,mixed
2102,RAP1GAP2,-0.0151510073821233,1697,0.0350934397596268,285,-0.0154377114018489,1486,0.0246191433023208,1062,-0.0059921599529344,2377,0.004626340865008201,0.02363481817693982,0.01925869235977084,2,3,3,0,mixed
1038,HES1,-0.0024824213273549,2723,0.0146400080948949,1548,-0.026846715855306,645,-0.0230767349175863,1155,0.0292252606139088,671,-0.0017081206782886993,0.024048396911385182,0.01925422816181018,2,3,3,0,mixed
1538,LOC105377267,0.0178111660243543,1498,-0.0446458354582758,111,-0.0270805832216977,636,0.0049604918787701,2515,0.0017594944887515,2746,-0.00943905325761952,0.025622597034045198,0.019251514214369877,3,2,3,0,mixed
86,ANKEF1,-0.0122504385040304,1942,0.0217624663319948,976,-0.0129987668406505,1697,0.0168586625086909,1612,0.0323000035167658,501,0.00913438540255412,0.020633503514447607,0.019234067540426482,3,2,3,0,mixed
1901,PBX1,0.0059085665190201,2440,-0.0193981058365536,1156,0.0021865243385163,2720,0.0423300869927595,244,-0.026346559049013,802,0.0009361025929458602,0.026914561835806747,0.019233968547172502,3,2,3,0,mixed
2055,PRR18,0.0125623673865071,1913,0.0068233290792031,2230,0.040077154741279,189,-0.0129257376183167,1896,-0.0237144656976188,960,0.004564529578210741,0.024677039688657955,0.01922061090458494,3,2,3,0,mixed
2612,TNFSF11,0.0028579111793039,2687,-0.0187770978976627,1216,0.0087024271466082,2106,-0.0442309415027403,204,-0.021506752081105,1104,-0.01459089063111918,0.021159663420407728,0.01921502596148402,2,3,3,0,mixed
1906,PCDH17,-0.0223793411628421,1148,0.0227332418578575,905,-0.0313320131978659,423,0.0064903937410382,2378,-0.0130621586230283,1751,-0.00750997547696812,0.021966319603915867,0.0191994297165264,2,3,3,0,mixed
474,CLEC4A,-0.0023752248270948,2727,0.0039443866998478,2508,0.0255875749008223,720,0.0271524398242632,918,-0.0368319211395491,332,0.0034954510916578806,0.026022482492508818,0.01917830947831544,3,2,3,0,mixed
2144,RGL1,0.0106388828900204,2059,-0.0217218995944901,979,-0.0233777000048499,855,-0.0231582976752456,1148,0.0168519406004449,1432,-0.00815341475682406,0.020121179145925223,0.019149744153010177,2,3,3,0,mixed
1447,LOC100126784,-0.0137145565521369,1805,0.0040873425419342,2492,0.033705778234532,353,-0.0155042721975447,1708,0.0287108254726942,693,0.007457023499895759,0.0230625934967286,0.019144554999768398,3,2,3,0,mixed
677,EDNRB,-0.0072693487875089,2322,0.0131506694983299,1690,-0.0231394406556285,867,-0.0224722734891272,1195,0.029671740827221,644,-0.0020117305213427396,0.023056437468413824,0.019140694651563102,2,3,3,0,mixed
1907,PCDH18,0.0355370546929466,401,0.0219980680518587,960,-0.0096183016521702,2024,-0.0137367479110364,1840,-0.0147691638281704,1609,0.0038821818706856596,0.023295808334897517,0.01913186722723646,2,3,3,0,mixed
353,CCL4L1,-0.0044216227126492,2552,0.0102541078348864,1951,0.0048111752877201,2462,-0.0520177062868796,73,-0.0241175112459457,934,-0.0130983114245736,0.025384602556089375,0.0191244246736162,2,3,3,0,mixed
2401,SNPH,-0.0137438488461034,1804,-0.0193090739758105,1165,0.0260214161167506,691,-0.0048940378980946,2522,0.0316502785101084,534,0.003944946781370099,0.023381223913672443,0.0191237310693735,2,3,3,0,mixed
122,ARAP2,-0.0158720768370358,1636,-0.0140842106996468,1599,0.0263370043343877,672,-0.0273431402632813,903,0.011939796060199,1842,-0.0038045254810754408,0.02214587766491897,0.01911524563891012,2,3,3,0,mixed
2760,WFDC21P,0.0077709209280088,2277,-0.045221985236377,105,0.0281771260043182,589,-0.0134239290021423,1865,-0.0009713388603695,2818,-0.00473384123331236,0.02724180929920436,0.01911306000624316,2,3,3,0,mixed
1055,HIVEP1,0.0384704638620254,284,0.0173999117365472,1332,-0.003759365093473,2555,-0.015988810534033,1674,-0.0199366430196396,1216,0.0032371113902853995,0.024482563644996565,0.019111038849143638,2,3,3,0,mixed
162,ATP2B3,-0.041904021050078,196,0.0220537641664105,955,-0.0127062741911675,1728,0.0050505664005526,2505,0.0138397745039462,1685,-0.0027332380340672397,0.025413871834228018,0.01911088006243096,3,2,3,0,mixed
480,CLIC3,0.0230761449761044,1096,-0.0217435661657621,978,-0.0138369145408797,1626,-0.0218852074425742,1242,0.0149892796112263,1588,-0.0038800527123770607,0.021360700499916768,0.01910622254730934,2,3,3,0,mixed
1524,LOC105370757,0.0481882796281063,88,-0.0223603718647588,935,0.0052745978136222,2414,-0.0183043022823703,1507,0.0013993849314423,2775,0.0028395176452083396,0.028047323238973344,0.01910538730405998,3,2,3,0,mixed
2885,ZNF605,0.0125419355912738,1915,0.01919883592289,1177,-0.0022556240918938,2714,0.03673296513438,450,-0.0247855499937851,891,0.00828651251257298,0.02319097915767302,0.01910298214684454,3,2,3,0,mixed
2147,RGPD1,-0.0016172389853478,2785,-0.0266755875919133,644,0.013542876245883,1658,0.0200548204263322,1376,-0.0335937832124069,444,-0.00565778262349056,0.02381332349810781,0.019096861292376636,2,3,3,0,mixed
208,BMPER,-0.0180401781392373,1475,0.014073693575014,1601,-0.0259177613513539,696,-0.0319289319742297,665,0.0055099004934879,2417,-0.011260655479263798,0.02006895066361403,0.019094093106664562,2,3,3,0,mixed
1193,ITPR3,-0.0228932540786996,1105,-0.0035650087177999,2544,0.02356446336423,843,0.0148218033396199,1760,0.0305878803266392,588,0.00850317684679792,0.021713351294708007,0.01908648196539772,3,2,3,0,mixed
2720,USP44,-0.0214672224412643,1220,0.0020021176063185,2712,0.0205329318703816,1068,0.0306803275984865,735,-0.0207081119365409,1163,0.0022080085394762805,0.023622993557235416,0.01907814229059836,3,2,3,0,mixed
888,FRZB,-0.0356379085979252,390,0.0262884819366096,664,0.0084288483756475,2131,-0.0118862235211195,1971,0.0131044157538837,1748,5.952278941922066e-05,0.024213532392742307,0.0190691756370371,3,2,3,0,mixed
2667,TRPM3,-0.0243058342022823,1009,-0.0323697749691182,383,-0.0107126195372881,1921,0.0148729084789396,1758,0.0130597852619297,1752,-0.007891106993563862,0.021411151737833613,0.01906418448991158,2,3,3,0,mixed
2586,TMEM30B,-0.0107904489809373,2049,0.0220391072327104,957,-0.0172582345990936,1328,0.0154716520780014,1713,0.0297518177578846,642,0.0078427786977131,0.020718346264344194,0.01906225212972546,3,2,3,0,mixed
590,DDIT4L,-0.0191791022440429,1389,-0.0260455394443334,684,0.0185128968564696,1225,-0.0207502213518346,1326,0.0107939271297204,1953,-0.00733360781080418,0.020415110636918348,0.01905633740528018,2,3,3,0,mixed
2754,WDR60,0.0173069745986009,1545,-0.0135199488552878,1656,0.0077297848717008,2195,-0.0387889858509899,354,-0.0178764032218212,1373,-0.009029715691559439,0.02212771084587406,0.019044419479680122,2,3,3,0,mixed
478,CLEC7A,-0.0089166459500041,2187,-0.0155805374532079,1471,0.0050834614616939,2435,-0.035454387566602,494,0.0301332911126155,620,-0.00494696367910092,0.024447739596687678,0.01903366470882468,2,3,3,0,mixed
153,ASPDH,0.0257111486670038,918,0.0042305920175236,2473,-0.039463692054944,199,-0.0079121271655392,2248,-0.0177772487712421,1381,-0.007042265461439582,0.024325957746892127,0.01901896173525054,2,3,3,0,mixed
2865,ZNF487,0.0173627203888507,1537,0.0051905894285324,2386,-0.0203280957845786,1083,-0.009125324680276,2157,0.0430651992829354,159,0.0072330177270927805,0.024586266332757848,0.019014385913034622,3,2,3,0,mixed
176,B4GALT1,-0.0284813880376594,742,0.0014350813865455,2773,0.0055193347913695,2393,-0.0278026080161735,876,-0.0317925787506527,532,-0.01622443172531412,0.018105966777194688,0.01900619819648012,2,3,3,0,mixed
724,ERCC6,0.0355640690684928,399,-0.0027333123581622,2632,-0.0063396949677244,2322,0.0150281300596255,1744,-0.0353378493182823,374,0.0012362684967898788,0.02636016040348326,0.01900061115445744,2,3,3,0,mixed
558,CXCL10,-0.0189489752046037,1408,0.0215887800473396,991,0.0417525984004354,152,-0.0022016791251267,2736,-0.0104974022121112,1982,0.00633866438118668,0.02491268789147092,0.01899788699792332,2,3,3,0,mixed
1643,MED12L,-0.0386478590292456,281,0.0114242920528617,1845,0.0129814905206055,1699,-0.0043672994714234,2558,0.0275503377078557,743,0.00178819235613078,0.02527249891466739,0.018994255756398383,3,2,3,0,mixed
155,ASPM,0.0255354137589769,926,0.0155375728497042,1476,0.019778517859112,1124,-0.0032430350359573,2645,-0.0308328482551115,572,0.005355124235344859,0.022926285811773535,0.01898547755177238,3,2,3,0,mixed
2792,ZBTB21,-0.0467303286438474,115,0.0050171698684043,2403,-0.0266238438949768,660,0.006003120727536,2417,0.0105480675848788,1978,-0.01035716287160102,0.02514294009704658,0.01898450614392866,3,2,3,0,mixed
280,C9orf172,-0.0292547980915104,701,-0.0060579772386015,2299,0.0202208673565328,1091,-0.0058143377474369,2432,0.0335107164696426,446,0.0025208941497253195,0.024629382256912156,0.01897173938074484,2,3,3,0,mixed
2725,UST-AS1,-0.0185381574069439,1443,-0.0137976629105355,1625,0.0013625037527743,2797,0.0419646960411414,253,0.0191953873259004,1274,0.0060373533604673405,0.0249155856279494,0.018971681487459098,3,2,3,0,mixed
1914,PCLO,0.0131202430990235,1858,-0.0251757300271121,735,0.002568679417906,2676,-0.0421687727675344,246,0.0117991777645596,1859,-0.007971280502631479,0.02455746171588661,0.01896652061522712,3,2,3,0,mixed
1725,MSMO1,0.0411860983502385,212,-0.0214798278959795,1000,-0.0099749126119881,1984,0.01159680322413,1991,-0.0105810187356184,1976,0.0021494284661565007,0.024902410396487207,0.0189637321635909,2,3,3,0,mixed
2012,PPARD,-0.0026319436282093,2711,0.0366370002328994,252,-0.0077558351767821,2191,0.0377522888974046,399,-0.010022614058372,2022,0.010795779253388118,0.024250225533661025,0.01895993639873348,2,3,3,0,mixed
2301,SHISA2,-0.0131490996541889,1855,0.0123733272322166,1750,0.0164706297144582,1391,-0.0502116999737446,98,-0.0025524027670367,2678,-0.007413849089659079,0.026693554813004127,0.018951431868329,2,3,3,0,mixed
1667,MIR197,-0.0151123081583624,1702,0.0057528829816249,2334,-0.0350253251288506,311,-0.0284555109722889,847,0.0101486848685186,2010,-0.012538315281871678,0.020093009229404497,0.01889894242192908,2,3,3,0,mixed
2508,TCEA3,0.0085004635045787,2221,-0.0061269506382362,2292,0.0131886765107139,1682,-0.0460617864448249,163,-0.0205853457534573,1169,-0.01021698856424516,0.024016915630908818,0.0188926445703622,2,3,3,0,mixed
1953,PHLDB2,0.0103566963978258,2074,-0.0001395102481839,2903,-0.0156237529890268,1471,-0.041130706473556,274,0.0272106743519816,761,-0.0038653197921918597,0.02602323293267033,0.018892268092114823,2,3,3,0,mixed
1401,LINC01485,0.0354835212612596,403,0.0238773511831216,824,-0.0037573175517625,2556,-0.0146371989735199,1775,0.0165920871703909,1458,0.01151168861789794,0.020434503248722615,0.018869495228010902,3,2,3,0,mixed
1998,PLXNA4,0.0294935902089631,682,0.0210200949219903,1035,0.0127971336981471,1722,-0.0267832987543417,937,-0.004214602518687,2535,0.006462583511214361,0.02237054940759013,0.018861744020425838,3,2,3,0,mixed
1695,MMP25-AS1,-0.0161215852292338,1624,0.0176587125033254,1308,0.0303452353920776,467,0.0098877577807208,2110,-0.0201953902892934,1198,0.00431494603151932,0.021823706692331267,0.0188417362389302,3,2,3,0,mixed
734,ESCO1,0.0061275206233878,2419,-0.0396819815018638,184,0.0169792610114665,1346,-0.0094447758742836,2140,-0.0218000804610211,1087,-0.00956401124046284,0.02240310923612923,0.018806723894404555,2,3,3,0,mixed
738,ETNK2,0.0279049850594467,778,0.0274322792304444,588,-0.0186925299540853,1208,0.0107982064080839,2045,-0.0090051779135284,2114,0.007687552566072259,0.021111791608214203,0.018766635713117742,3,2,3,0,mixed
1824,NPHP3,-0.0130558131905294,1860,0.0103888163111796,1939,0.0115553509327466,1839,-0.0350809949192581,517,0.0236968405672549,962,-0.0004991600597212799,0.023467416512907666,0.01875556318419372,3,2,3,0,mixed
2664,TRPC1,-0.0257581524362405,911,0.0021942627681549,2689,0.0086002528066768,2116,-0.0430800976404044,227,0.0141415300191669,1669,-0.00878044089652926,0.024559410246714104,0.0187548591341287,3,2,3,0,mixed
844,FHAD1,0.0319936276020457,557,-0.0020490065071129,2706,-0.015501564316964,1478,-0.0409300767791354,286,0.0032820040317547,2622,-0.004641003193882378,0.026676006604530334,0.01875125584740254,2,3,3,0,mixed
878,FOXO1,0.0001542944866948,2901,0.0154906384777305,1483,0.0495028402797603,55,-0.0139041216560582,1825,-0.0146092591507987,1622,0.007326878487465739,0.026593486952217495,0.0187322308102085,3,2,3,0,mixed
529,CR1,0.0145383401998077,1742,0.0132635219233765,1682,-0.0200852619771466,1102,-0.0362060672350129,471,0.0095592733158092,2071,-0.00378603875463322,0.023028735646809496,0.01873049293023058,3,2,3,0,mixed
2186,RORA-AS1,0.0046726055798165,2532,-0.0085408324620555,2090,0.0088023666481744,2097,-0.0286160097141278,842,-0.04289975570048,165,-0.01331632512973448,0.022050528321189148,0.018706314020930842,2,3,3,0,mixed
2914,ZUFSP,-0.0143610538562407,1758,0.0196996950085871,1131,-0.0053652225832135,2406,-0.0297114457995652,781,0.0242198020671438,924,-0.0011036450326576998,0.02283846605259532,0.01867144386295006,2,3,3,0,mixed
1094,IBA57-AS1,0.0113972898703509,1999,-0.0141884779198463,1592,-0.0091253148522114,2072,0.0345507960956578,547,0.0240933032467627,937,0.00934551928814274,0.020928650288430616,0.018671036396965823,3,2,3,0,mixed
390,CD40LG,0.0101217363670255,2100,0.0085821618485194,2087,0.0276331111900144,604,-0.0055860394814341,2458,-0.0414229274661482,204,-0.00013439150840460212,0.025916521442333397,0.018669195270628318,3,2,3,0,mixed
1732,MT1E,0.0312011809546337,597,-0.0287783921529049,528,0.0175899920081181,1307,0.0101231550537082,2085,-0.0056278695233934,2401,0.00490161326803234,0.023049617606279497,0.01866411793855166,3,2,3,0,mixed
25,ACVR1,-0.000945317670403,2845,-0.0267345852496347,638,0.022542644195045,908,0.014813185855618,1762,0.028236542872103,714,0.00758249400054566,0.022096743162126828,0.018654455168560742,3,2,3,0,mixed
1166,IPW,0.0151442723407468,1698,0.0198060608439632,1120,-0.0178458998352553,1282,-0.0271769817249801,916,-0.0132840983868998,1724,-0.00467132935248504,0.020892906618343227,0.01865146262636904,2,3,3,0,mixed
1681,MIR635,-0.0222113560492245,1157,0.0299445170344314,481,0.0215823644848925,981,0.0112783170237215,2016,-0.0082267743299236,2192,0.00647341363277946,0.021454438498754193,0.018648665784438696,3,2,3,0,mixed
476,CLEC4F,-0.0061439868540359,2417,0.0037078891831195,2530,0.0299246169942291,488,-0.0275586707061321,887,0.0258968425849892,835,0.005165338240433959,0.02368387061999396,0.01864640126450116,3,2,3,0,mixed
118,AQP10,-0.0082999103747178,2236,0.0139555755180136,1612,0.0030745648121934,2629,-0.0375705765752158,410,0.0303275897589531,605,0.00029744862784530023,0.025514545338895335,0.01864564340781874,3,2,3,0,mixed
1278,KLRC1,-0.0121529524399424,1946,0.0051260571286353,2394,0.000247365254163,2892,-0.0427856752286321,233,0.0329056103457369,478,-0.0033319189880078605,0.027531421505911726,0.01864353207942194,3,2,3,0,mixed
589,DDIT4,-0.0249655848827749,961,-0.0265763576537228,651,0.018617833372883,1214,0.0128989940468064,1899,0.010111882403413,2015,-0.00198264654267906,0.02193847482604522,0.018634130471920023,3,2,3,0,mixed
2023,PPP1R3C,0.0168600534580324,1576,-0.0394180904611097,189,-0.0137193991601251,1635,-0.0059229713467755,2428,0.0172284965832104,1413,-0.0049943821853535,0.02362970899391438,0.01862980220185062,2,3,3,0,mixed
1582,LTB,-0.0172900655105508,1548,0.0225081085574265,924,-0.0220590188356877,941,-0.0181103817774181,1529,0.0131813603702376,1735,-0.0043539994391984995,0.02061012652761054,0.01862978701026414,2,3,3,0,mixed
1669,MIR22HG,0.0132516731163297,1843,-0.0340461298009149,326,-0.0148625214729739,1532,0.0085540973907973,2197,-0.0224204887180396,1039,-0.009904673896960278,0.020254495864120918,0.018626982099811083,2,3,3,0,mixed
2629,TPSAB1,0.0071969159741981,2329,-0.0333614584515163,349,0.01000174328542,1981,-0.0095322637698492,2133,-0.0329987076978486,473,-0.0117387541319192,0.020949966573703297,0.01861821783576644,2,3,3,0,mixed
1261,KIT,-0.009368385264672,2150,0.0504774997878381,58,0.0197491525732257,1129,-0.0108275387473441,2041,0.0026347428376361,2669,0.010533094237336761,0.02547165458279897,0.0186114638421432,3,2,3,0,mixed
1288,KRBA2,0.0290135197287837,715,-0.0176096118863736,1313,-0.0324036552575664,381,0.004651612565591,2545,-0.0093639750992056,2087,-0.00514242198975418,0.02333976564475216,0.01860847490750406,2,3,3,0,mixed
101,ANO2,0.0012026009581094,2824,0.015435852691957,1488,-0.0438361217873805,108,0.0201736311392201,1367,-0.0123532869659599,1810,-0.0038754647928107796,0.02571867184631325,0.018600298708525382,3,2,3,0,mixed
625,DMKN,0.0001089647360093,2907,0.0167234317551204,1384,-0.029920948184955,489,0.0099326088153351,2104,-0.0363038502752636,343,-0.007891958630750758,0.023875507276330525,0.01859796075333668,3,2,3,0,mixed
2619,TOB1,-0.0198185653581439,1340,0.0007692955171163,2832,-0.0235313666465065,844,0.0326509711716824,636,0.0162154412405114,1493,0.0012571551849319394,0.023812899980806105,0.018597127986792097,3,2,3,0,mixed
2103,RAP2A,0.0120306077199988,1958,0.0106561167019515,1911,-0.0162506345319472,1411,0.0219977891592984,1237,-0.0320033841557196,519,-0.0007139010212836201,0.02251634139876848,0.0185877064537831,3,2,3,0,mixed
222,C10orf107,0.0050603756707576,2497,-0.0403473636754785,170,-0.0128929839807528,1710,0.0336181592199799,589,0.0009948586579957,2814,-0.00271339082149962,0.026991221340265346,0.0185827482409929,3,2,3,0,mixed
408,CDC37L1,-0.0078745864953225,2268,0.0127903192830782,1712,0.0221115169453362,939,0.0196352869770522,1412,-0.0304616192179648,595,0.00324018349843586,0.022223193717336658,0.018574665783750784,3,2,3,0,mixed
828,FCRL5,0.0069713807943866,2344,0.0531004803156729,41,-0.0024776757748755,2690,-0.0154807477530927,1711,0.0148315735844991,1601,0.011389002233318079,0.025910819669664967,0.018572371644505363,3,2,3,0,mixed
2332,SLC26A4-AS1,0.0233308859639495,1082,-0.0078816379160566,2145,0.041499166724858,156,0.0085196676626065,2203,-0.0116106528801272,1882,0.01077148591104604,0.022112772037246653,0.01856840222951956,3,2,3,0,mixed
274,C7,-0.0249831261252191,959,-0.0043474510441015,2461,0.029171321157597,532,4.148923118856918e-05,2913,0.0342927065932589,415,0.006834987962544774,0.02468009848165176,0.018567218830273013,3,2,3,0,mixed
2274,SESN3,0.0286153343600625,738,-0.0003874333840704,2878,0.0017465494046445,2772,-0.046855310737752,149,0.0152232993925875,1567,-0.0003315121929055809,0.028498497271985928,0.01856558545582338,3,2,3,0,mixed
2097,RAB39B,-0.045801340644515,127,0.0210692072253918,1031,0.0080405168473309,2169,-0.0141073577380703,1804,-0.0037983415552614,2582,-0.006919463173024801,0.025398692372933795,0.01856335280211388,2,3,3,0,mixed
156,ASPN,-0.0208196626138967,1268,0.0123605197759341,1754,0.0052279537605715,2422,-0.0447844177643539,188,0.0096037774052574,2063,-0.007682365887297519,0.02457821793692927,0.01855926626400272,3,2,3,0,mixed
2133,RECK,-0.0216417518914934,1200,0.0035497584378654,2546,-0.0317187882288518,410,-0.006781629917268,2347,0.0290577769344272,678,-0.005506926933064122,0.023588988003314604,0.01854994108198116,2,3,3,0,mixed
2556,TIGIT,-0.026808938432038,847,0.0111143011594024,1873,-0.0060211444480723,2350,0.0486939232864795,117,0.0001039192342821,2906,0.0054164121600107406,0.027851940737498405,0.01854844531205486,3,2,3,0,mixed
1706,MPP6,0.0296267010935392,680,-4.7356197378752365e-05,2914,0.0177533891347346,1291,0.0345422218565219,549,-0.0105810291478235,1975,0.01425878534791869,0.019245031545095125,0.01851013948599959,3,2,3,0,mixed
2724,USPL1,-0.0127765847968147,1891,-0.0344460145485884,311,0.0132340666997414,1677,0.0182358542941218,1517,-0.013837657226583,1686,-0.00591806711562458,0.02164381612722572,0.01850603551316986,2,3,3,0,mixed
538,CRIP2,-0.0302928824252413,648,-0.0129363655987392,1703,-0.0219529848772159,951,0.0129764174830266,1893,0.014324527640264,1647,-0.00757625755558116,0.020331766620371363,0.0184966356048974,2,3,3,0,mixed
1125,IGIP,0.0202080221389894,1315,-0.0300895594819414,477,-0.0179385642103062,1274,0.0218221686033405,1246,-0.0023068805452413,2701,-0.0016609626990318003,0.02293072496389512,0.018473038995963757,2,3,3,0,mixed
2327,SLC1A7,-0.0049446861516397,2508,0.0047346852162981,2423,-0.0011139177310301,2823,-0.0415233758962932,267,0.0399714399030347,239,-0.0005751709319260403,0.02901878970464338,0.01845762097965916,2,3,3,0,mixed
960,GOLGA7B,0.0429898022844393,175,0.0137146384720678,1635,-0.0036907572968659,2564,0.0060098715169475,2416,-0.0258520480210286,838,0.006634301391112018,0.025170485027559086,0.01845142351826982,3,2,3,0,mixed
926,GCH1,0.0266260277299126,855,0.0071816836176796,2198,-0.0294728356122096,511,-0.0143006150527308,1793,0.0146262974591447,1616,0.0009321116283592994,0.02260122772712808,0.018441491894335457,3,2,3,0,mixed
2690,TTLL9,0.0162524684778084,1611,0.0229478047880715,884,-0.0252665599454997,743,-0.0275422602616935,889,6.400167147555414e-05,2910,-0.0027089090539675503,0.02318961396248652,0.01841461902890973,3,2,3,0,mixed
766,FAM159A,-0.0220837434499658,1168,0.0195574783709499,1143,0.0094577158292937,2037,-0.0068237952983412,2343,0.0341300510960413,422,0.00684754130959558,0.022003497073537635,0.01841055680891838,3,2,3,0,mixed
2320,SLC14A1,-0.0405621560944631,237,-0.0209774405426895,1037,-0.0051373697714883,2431,0.0215545070549043,1267,0.0037418754048626,2585,-0.0082761167897748,0.02370581124565313,0.01839466977368156,2,3,3,0,mixed
1011,HAPLN1,0.0071039635427656,2335,0.0157526652704434,1451,-0.0193126388390485,1161,0.0311791827222894,710,-0.0186178568143608,1320,0.00322106317641782,0.022014089623038455,0.01839326143778154,3,2,3,0,mixed
47,AFDN,-0.0068906763314248,2354,0.0277924305845845,568,0.0239116067062429,821,-0.0317985611684337,677,-0.001543365953798,2767,0.002294286767434179,0.024386867702573502,0.01838732814889678,2,3,3,0,mixed
1991,PLIN2,-0.0011656453694971,2829,-0.005487066587407,2359,0.0528151239499833,33,0.001446391351671,2805,0.031021611859219,563,0.015726083040793842,0.025242761130523518,0.018387167823555477,3,2,3,0,mixed
2830,ZNF157,0.0035791448359108,2620,-0.0033589296571648,2569,0.037980108475406,236,0.0337729289788034,581,-0.0132111712486216,1734,0.011752416276866759,0.022864441070391952,0.018380456639181322,3,2,3,0,mixed
2218,SARM1,0.020654011153469,1278,-0.0139100481239978,1615,-0.0249683234286072,766,-0.0039381054994483,2592,0.0284150566019297,703,0.001250518140669081,0.022685898312002288,0.0183771089614904,2,3,3,0,mixed
1110,IFIT5,0.017499187350182,1525,0.0125195224077995,1738,-0.0114186884809829,1856,0.0124571396704886,1927,-0.0379596850650891,294,-0.0013805048235203802,0.023344889681865544,0.01837084459490842,3,2,3,0,mixed
369,CD160,-0.0140142292577052,1784,0.0424977174851204,138,-0.0255761795190721,721,0.0054496560898408,2470,-0.0042922678344905,2530,0.0008129393927386802,0.025987562093738426,0.0183660100372458,2,3,3,0,mixed
2072,PTGDS,-8.552618769753009e-05,2911,0.0095181114616092,2013,-0.022497072602105,912,0.0420955211944501,249,-0.0175830548643969,1390,0.0022895958003719733,0.02574735673103244,0.018355857262051745,2,3,3,0,mixed
2445,SSUH2,0.014007486450883,1785,-0.0014315470530265,2775,0.0511980415337143,43,-0.0093797465038863,2146,-0.0157402156000655,1525,0.0077308037655238,0.02672267697028669,0.01835140742831512,2,3,3,0,mixed
2058,PRRT2,0.0150582788817734,1704,0.0457222165721754,100,-0.0052410631208138,2417,0.0142261169568974,1796,-0.0114996924203676,1891,0.01165317137393296,0.022362831371908493,0.018349473590405518,3,2,3,0,mixed
413,CDK5R1,-0.0078327953453123,2271,-0.0034267300494144,2561,0.0358893603952872,285,0.0223140742325929,1211,-0.022281480199125,1052,0.004932485806805681,0.023631951563962528,0.01834888804434636,2,3,3,0,mixed
1601,MAFF,-0.0176182427964888,1511,0.0188902287769492,1199,-0.0310998011340266,431,0.0225695916152259,1190,0.0015590564300349,2764,-0.0011398334216610796,0.023128780093975676,0.01834738415054508,3,2,3,0,mixed
741,ETV7,0.0002797090625567,2893,-0.0160361874999158,1429,0.0132956223842675,1670,0.0154808523765388,1710,-0.0466434606559477,103,-0.0067246928665001,0.025608459846311084,0.0183471663958453,3,2,3,0,mixed
1459,LOC100270804,-0.0389862863527539,273,-0.0294065488126619,510,-0.0055730411123368,2385,0.0100115992886616,2097,0.00771750831173,2227,-0.011247353735472202,0.022039802905733624,0.018338996775628842,2,3,3,0,mixed
2616,TNIP3,0.0288656425001836,724,0.0065907623719158,2251,-0.0165566637702921,1385,-0.0284147309341903,849,-0.0112487050061792,1910,-0.004152738967712439,0.022352240796521136,0.0183353009165522,2,3,3,0,mixed
783,FAM222A-AS1,-0.0140377963366624,1783,0.0161226908781465,1421,0.012700567299619,1729,0.0137976146276237,1833,-0.0349408458092049,387,-0.0012715538680956207,0.022480313198172612,0.018319902990251304,3,2,3,0,mixed
1677,MIR5009,0.0055815984738458,2461,0.0148528641390905,1528,-0.0156819896353159,1463,-0.0416668512072559,260,0.013808207418782,1687,-0.004621234162170701,0.02407125188538869,0.01831830217485802,3,2,3,0,mixed
2551,THSD7A,-0.0258487173035109,903,0.0223149338509121,937,-0.0247082103230271,777,0.0051440381192038,2500,-0.013528763517205,1707,-0.0073253438347254205,0.020723135473220983,0.018308932622771782,2,3,3,0,mixed
1002,GYPE,0.0463492753109709,117,-0.001618268747883,2754,-0.0097243431781517,2008,0.0300418380428798,767,-0.0038104690001857,2581,0.01224760648552606,0.02455834557596212,0.01830883885601422,2,3,3,0,mixed
2369,SLFN12,0.0124234606363273,1923,-0.0139705706862129,1610,0.0005677259755812,2867,-0.0184003252593236,1500,0.0461759156492941,109,0.005359241263133221,0.025869969817248876,0.018307599641347823,3,2,3,0,mixed
1303,LAMA4,-0.0009371837529903,2846,-0.0103103704069309,1950,-0.0309044068972781,447,0.0149910070933712,1747,0.034333741574497,413,0.0014345575221337795,0.02477655517189492,0.018295341945013498,2,3,3,0,mixed
838,FGF10,-0.0212133703670692,1242,-0.0127948036666098,1710,0.0104702935935521,1939,-0.0100673168553626,2090,0.0369296148341925,329,0.0006648835077406004,0.02337882643123084,0.01829507986335724,2,3,3,0,mixed
2261,SEPT4-AS1,-0.0329575127118472,511,-0.0053239701215209,2377,0.0015533081108806,2787,0.0318374113854695,674,0.0197791692901183,1231,0.0029776811906200595,0.024887037003546966,0.0182902743239673,3,2,3,0,mixed
2152,RGS7,0.0012189999080741,2822,0.0220552967113499,954,-0.0115226604634337,1842,-0.0241055553015877,1091,-0.0325257962120725,497,-0.00897594307153398,0.02154565631088563,0.01828566171930358,2,3,3,0,mixed
2741,VNN2,0.0050897789623092,2496,-0.0268595515143911,630,0.003977406784065,2531,0.0123987737544624,1934,-0.0429595784966302,163,-0.00967063410203694,0.023952089040991806,0.01825701790237158,3,2,3,0,mixed
1881,OXTR,-0.0085654904941748,2215,0.0196288668436546,1138,-0.0395754605375382,195,0.0196618998670343,1406,0.0038439764600472,2577,-0.0010012415721953809,0.024603003656602503,0.018255138840489817,3,2,3,0,mixed
1481,LOC101927284,-0.0269654465904524,836,0.0270510223792947,613,0.0157857949167318,1451,-0.0159381663026314,1676,-0.0055341816809733,2413,-0.0011201954556061195,0.022284874721519705,0.01825492237401672,2,3,3,0,mixed
1737,MT2A,-0.0328551741877131,521,0.0050057905266772,2405,-0.0088484562112037,2093,0.0042108366241809,2568,0.0403248344980357,233,0.0015675662499953988,0.02652523651945643,0.01824901840956212,3,2,3,0,mixed
2828,ZNF14,-0.0140962862795294,1780,0.0322106285049015,394,-0.0274196244204564,620,-0.0005477829488267,2876,0.0169193986637358,1428,0.0014132667039649608,0.0237941441447937,0.01823874416348996,2,3,3,0,mixed
1632,MBOAT4,-0.0265250611969188,861,-0.0119086533227596,1801,0.010422545116655,1945,-0.0359528696083615,476,0.0063773135889406,2345,-0.011517345084488859,0.02014979599699586,0.0182372885667271,2,3,3,0,mixed
705,ENPEP,0.0071507535753048,2332,0.0072121867225688,2195,-0.0212173750995375,1011,0.0134744738198709,1861,-0.0420753610835453,184,-0.00709106441306766,0.02373714074300092,0.01822603006016546,3,2,3,0,mixed
1757,MYO5B,-0.0042406744321184,2571,0.0410170900306316,156,-0.0214693724905383,990,-0.0083323663361068,2218,0.0160379004813394,1504,0.0046025154506415,0.024403103222741508,0.0182194807541469,2,3,3,0,mixed
859,FLVCR1,-0.0242025227599625,1020,0.0459617665365839,98,-0.0097289045481781,2007,0.0104864833878044,2061,-0.0006824719916809,2853,0.004366870124913361,0.02649519769335723,0.01821242984484196,2,3,3,0,mixed
2123,RBM43,0.0331500888938841,499,0.0062743791408274,2281,-0.0094207342821495,2044,0.0276754181636146,879,-0.0144514708234766,1634,0.008645536218540001,0.021378106549998905,0.01819441826079044,3,2,3,0,mixed
1353,LINC00452,0.0065990386742689,2383,-0.0100755335353815,1967,0.0123154918889495,1760,-0.0388508182580678,349,0.0230973450522782,986,-0.0013828952355905394,0.024135277393973503,0.01818764548178918,3,2,3,0,mixed
2780,YPEL2,0.0097080981458986,2130,-0.0329168470041377,362,0.0218796772581904,955,-0.0060953507323407,2408,0.0202920763020888,1193,0.0025735307939398796,0.022761220423617664,0.01817840988853124,3,2,3,0,mixed
1295,KRT79,-0.0071263063625203,2333,0.0072860781314895,2190,-0.0262179949666634,678,0.0469319481201423,147,0.0032672186491205,2623,0.00482818871431372,0.02686996407575944,0.0181659092459872,3,2,3,0,mixed
635,DNASE1L3,0.0036822623378402,2610,-0.0138447625289357,1620,-0.0445898296996639,101,-0.0237653733957217,1109,0.004841281120962,2473,-0.014735284433103818,0.020591729874880768,0.018144701816624698,2,3,3,0,mixed
316,CASP8,-0.0098390619593995,2120,0.0063680983495972,2270,0.0155443736479378,1476,-0.0457490885826645,172,-0.0131800975873093,1736,-0.00937115522636766,0.02348717041338653,0.01813614402538166,2,3,3,0,mixed
802,FAS,-0.023657241685631,1054,0.0080624123542515,2129,0.027830355269899,600,0.0080198894948188,2242,-0.0230531268367865,990,-0.0005595422806896399,0.02232373231694139,0.01812460512827736,3,2,3,0,mixed
63,AKAP5,-0.0344968293427589,442,0.0228613384041819,892,0.0045768745292902,2475,0.0126430281921152,1914,-0.0160154698035396,1505,-0.0020862116041422394,0.023066208235204364,0.01811870805437716,3,2,3,0,mixed
1344,LINC00282,-0.0368505384502351,347,0.00668098638704,2243,-0.0112823010678628,1871,-0.019095754758421,1454,0.0166237184369778,1452,-0.00878477789050022,0.021124762318784407,0.01810665982010734,2,3,3,0,mixed
717,EPHX4,-0.0042785828444445,2568,-0.0219429518115434,965,0.0101014463404403,1973,0.0102308548162798,2078,-0.0439705717109313,138,-0.009971961042039821,0.02314476266494989,0.01810488150472786,2,3,3,0,mixed
1415,LINC01781,0.0145370109829788,1743,0.0015833937439976,2757,-0.0100481263496852,1976,0.0556122397277194,46,-0.008740727412371,2138,0.010588758138527919,0.027033817691257157,0.0181042996433504,3,2,3,0,mixed
2195,RUBCNL,0.0213692379925209,1227,0.0285567111703215,537,-0.0205379117530123,1066,-0.0057397989964151,2442,0.0143160412498996,1649,0.00759285593266292,0.020270501522766316,0.01810394023243388,3,2,3,0,mixed
2687,TTC39C-AS1,0.0394551839822114,263,-0.0053653570300007,2372,-0.0176554017813595,1303,0.0171773449570925,1597,-0.0108588977903564,1949,0.004550574467517461,0.023487496739036547,0.0181024371082041,2,3,3,0,mixed
2194,RUBCN,0.0370873968876551,336,0.0003496335016821,2887,-0.0175304383961261,1314,-0.0201567345915979,1369,-0.0153667466449108,1557,-0.003123377848659521,0.02385669155481241,0.0180981900043944,2,3,3,0,mixed
732,ERVFRD-1,0.0144320473925129,1751,0.0242437723123996,796,0.018222972038841,1253,-0.0191534529446116,1445,-0.0143088118621077,1650,0.004687305387406841,0.019936548694772696,0.01807221131009456,3,2,3,0,mixed
2458,STK39,0.0337832039341605,469,-0.0019479574031773,2721,-0.0093029922493456,2058,0.0131683622856761,1883,0.0321585046298165,506,0.01357182423942604,0.019482352208322024,0.018072204100435196,3,2,3,0,mixed
1162,INTS2,-0.0046675860375435,2533,0.0304234448406638,465,0.0114242591279788,1854,-0.031549760894797,691,0.0122105116769546,1825,0.0035681737426513393,0.02323096393101869,0.01805511251558754,3,2,3,0,mixed
2094,RAB27B,0.0191261069933191,1392,0.003302357705591,2572,-0.014547114241781,1561,-0.0446275665061301,195,0.0085907137042675,2155,-0.005631100468946699,0.024976016794366396,0.018038771830217744,3,2,3,0,mixed
2027,PPP3CC,0.0034870002992559,2636,-0.016347026459701,1403,-0.0426937297661952,124,-0.0165651391085557,1630,0.0110742561452756,1927,-0.01220892777798408,0.020939749293669305,0.01803343035579668,2,3,3,0,mixed
1093,HYDIN2,-0.011112910554316,2023,0.0028233386613114,2623,0.0331974640004747,363,-0.0150358011131912,1743,-0.0279200117274872,727,-0.0036095841466416605,0.023313067792911382,0.0180179052113561,2,3,3,0,mixed
1583,LTBP1,0.0251753034898364,949,0.0094895689417217,2015,-0.0097674504938479,2003,-0.0153553199496982,1721,0.030284904860508,608,0.007965401369704,0.020340686639836156,0.01801450954712244,3,2,3,0,mixed
2061,PRSS23,-0.0171849840790037,1557,0.0209292634231341,1042,-0.0192855279779342,1164,0.0111734347910181,2021,0.0214990630697576,1106,0.00342624984539438,0.020209210477585806,0.01801445466816954,3,2,3,0,mixed
2085,PWAR1,0.0308514425841703,621,0.0176880277721111,1305,0.0221410604375026,936,-0.0164485113848619,1644,-0.0029150102787166,2646,0.0102634018260411,0.01941177554847514,0.018008810491472498,3,2,3,0,mixed
2803,ZCCHC18,0.036103318435083,379,-0.0304149425587187,466,-0.0034245774339366,2596,0.0190596049470665,1457,-0.0010333563873595,2812,0.0040580094004269394,0.025110979810473152,0.01800715995243286,2,3,3,0,mixed
1364,LINC00623,-0.0176481210617649,1508,0.0162631801177832,1412,-0.0290827015004325,537,-0.0137445009278874,1838,0.013280263896645,1726,-0.00618637589513132,0.01997292675385451,0.0180037535009026,2,3,3,0,mixed
2210,SAMD12,0.001908681946342,2765,-0.0003045364034408,2891,0.0034183018080724,2597,0.0459459803966773,166,-0.0383838168477391,282,0.002516922179982359,0.029866773430338032,0.01799226348045432,3,2,3,0,mixed
447,CFAP58,0.0375122053420819,319,-0.0112778567259844,1858,0.0066249138008509,2295,-0.0151206465372983,1738,-0.0194013008315528,1256,-0.0003325369903805393,0.02335988338069948,0.01798738464755366,2,3,3,0,mixed
2769,WWP1,0.0255299749223264,927,-0.0014782519012321,2770,0.0386843020894475,220,0.0161581567616329,1663,-0.007994354096744,2210,0.014179965555086141,0.01917080259148158,0.01796900795427658,3,2,3,0,mixed
1333,LILRA5,-0.0136207636935039,1812,-0.0183164341079274,1261,0.0191200213973413,1174,-0.0152424437989855,1725,0.0235407862448852,969,-0.0009037667916380595,0.020426752790050712,0.01796808984852866,2,3,3,0,mixed
1215,KCNH8,0.009739362477447,2126,-0.0184320036759388,1248,-0.0154669585264098,1482,0.0217884212720661,1247,-0.0243207715826989,916,-0.00533839000710688,0.0199847688227907,0.017949503506912122,2,3,3,0,mixed
2482,SYTL3,0.0076479500296041,2289,-0.0089684367464804,2054,0.0177499875009049,1292,-0.0335255470205603,591,-0.0216388837141014,1097,-0.00774698599012662,0.020893244634195365,0.01790616100233022,2,3,3,0,mixed
460,CHM,-0.0296598883879808,679,-0.0026927170504205,2641,0.010543976740962,1930,-0.0379996694200248,391,0.0085437192198218,2160,-0.01025291577952846,0.02230187074015795,0.01788799416384198,2,3,3,0,mixed
231,C14orf28,-0.0194108645198478,1370,-0.0192743269114462,1167,-0.0133722720942663,1667,0.0126826927182225,1909,0.0246725278772186,899,-0.002940448586023841,0.020331331346360556,0.017882536824200282,2,3,3,0,mixed
2043,PRKCH,0.014940894561738,1709,-0.0368376793462329,246,0.0295482297727495,505,0.0070851762982055,2323,-0.000989312276101,2817,0.0027494618020718195,0.024833060592560286,0.01788025845100538,3,2,3,0,mixed
721,EPSTI1,0.0017100359583388,2781,-0.0155457751418892,1475,-0.0035583911651922,2580,0.0216928063954289,1252,-0.0468500011434736,100,-0.00851026501935746,0.025301358157122974,0.017871401960864543,2,3,3,0,mixed
2287,SGPP1,-0.0049588403623976,2506,0.0116366023308119,1828,0.0183048916521404,1244,0.0419248367509654,255,-0.0124907443226954,1799,0.010883349209764942,0.021310466032934326,0.01786318308380214,3,2,3,0,mixed
2404,SNX30,-0.0406282062087002,233,-0.0050302610359339,2402,-0.0166989028425024,1372,0.0089529345009828,2164,0.0179276941412323,1371,-0.00709534828898428,0.02293820742048154,0.01784759974587032,2,3,3,0,mixed
647,DRC7,0.0174025678509775,1532,-0.0085857250408562,2085,-0.015150279464575,1510,0.0208827457292838,1321,0.0271592366491061,762,0.00834170914478724,0.01892014572760155,0.01783611094695972,3,2,3,0,mixed
2532,TENM1,0.0132355986128293,1848,0.0371909678547531,236,0.0132683978343397,1673,-0.0027503427520486,2687,-0.0226890614317665,1015,0.007651112023621401,0.02215885748195131,0.017826873697147437,3,2,3,0,mixed
2191,RSPH14,-0.0032498021494947,2658,0.0193167887340967,1164,0.0414155256303929,159,-0.0025160338965635,2709,0.0226262550277715,1019,0.015518546669240579,0.018795589201816332,0.017824881087663863,3,2,3,0,mixed
1880,OXNAD1,0.0481111374074294,90,0.024438383036079,787,0.0052534914796437,2415,-0.0026434131849819,2697,-0.0086407726347556,2149,0.01330376522068292,0.023109603093401293,0.01781743954857792,3,2,3,0,mixed
1030,HEG1,-0.0102606759291026,2090,-0.0111745067578152,1870,0.0224620751386576,917,0.0132081918344234,1880,-0.0319112745277267,523,-0.0035352380483126998,0.021592777291057894,0.017803344837545098,2,3,3,0,mixed
608,DHRS3,0.011856879989571,1967,-0.0085855870203437,2086,-0.0111651071462174,1880,0.0356735462160541,483,-0.0216455128276077,1095,0.00122684384229126,0.022762699319773868,0.017785326639958778,2,3,3,0,mixed
687,EIF2AK3,-0.0084185144370316,2226,-0.0222578856821713,942,-0.0026673780713807,2669,0.0057721682920527,2439,0.0497583679742038,67,0.0044373516151345795,0.027313743928694394,0.01777486289136802,2,3,3,0,mixed
516,COMP,0.0397398583176441,260,0.0008294392194699,2823,-0.0073496496441563,2232,0.0238022952225875,1106,-0.0171460312570182,1418,0.0079751823717054,0.023326377959496426,0.0177734547321752,3,2,3,0,mixed
1799,NEUROD2,-0.0002732085274743,2894,-0.0103418650289433,1947,0.0090244051515844,2081,0.0500239400204593,102,-0.0191494251250437,1277,0.00585676929811648,0.02686100811701635,0.017762568770701,2,3,3,0,mixed
33,ADAM23,-0.0224113718814774,1146,0.020244621994188,1089,-0.0078383722562225,2182,-0.0350825084620732,516,0.003232508934654,2626,-0.00837102433418622,0.02158943990074153,0.01776187670572302,2,3,3,0,mixed
175,B3GNT7,-0.0368525550984518,346,-0.0029474977469824,2608,0.0035736023488604,2579,-0.0390288489507613,342,0.0062782672948657,2353,-0.013795406430493878,0.022308466395828484,0.01773615428798432,2,3,3,0,mixed
1558,LOC729652,0.0073327370231438,2313,0.0187032780184957,1221,-0.001776213597828,2765,-0.0367801669564375,444,0.0239831217285915,942,0.002292551243193099,0.024023053661073986,0.017715103464899302,3,2,3,0,mixed
2138,RETN,0.0046997469177592,2529,-0.0107772315726674,1904,-0.015338303031467,1493,0.0057783405279568,2438,0.0519531251092153,50,0.007263135590159381,0.026656381113218473,0.017709349431813137,3,2,3,0,mixed
2645,TRH,0.0211945767984807,1244,0.0189328872813963,1196,-0.0072510248713984,2242,-0.0193464540190308,1430,-0.0218104296440097,1085,-0.0016560888909123792,0.02059434777102777,0.01770707452286318,2,3,3,0,mixed
2063,PRSS30P,0.0114489809638538,1996,-0.001348550142235,2781,0.0343134380014664,334,-0.0139524899865166,1820,-0.0273927771987652,751,0.0006137203275606802,0.02373532565797243,0.0176912472585674,2,3,3,0,mixed
472,CLEC18B,-0.0186896598707849,1428,0.0260390171975557,686,0.0179768434256771,1272,0.013453126743232,1863,-0.0122686449748404,1819,0.005302136504167901,0.019630612021760366,0.01768545844241802,3,2,3,0,mixed
513,COL8A1,0.0139114480889671,1790,-0.0039891867914268,2506,-0.0070995469775333,2252,0.0220684049989046,1232,-0.0413229201817941,207,-0.0032863601725764994,0.024497157907103436,0.017678301407725177,2,3,3,0,mixed
48,AFF3,-0.0215696637355967,1208,0.0119921997934828,1792,-0.0234083104978576,853,0.0224502273164154,1198,0.0089681829130738,2117,-0.00031347284209645964,0.020862417975423223,0.01767771685128526,3,2,3,0,mixed
881,FRG2C,-0.0224161257958418,1145,-0.0094781097428438,2016,-0.0162428139333729,1414,0.0380440506715812,390,0.0022070062944768,2713,-0.0015771985012001002,0.023957927483357812,0.0176776212876233,2,3,3,0,mixed
1299,L3HYPDH,-0.0198313283894449,1338,0.0065255617614619,2254,-0.0169614694603967,1349,0.0287475714187952,831,-0.0163064554104401,1485,-0.0035652240160049197,0.020930391941854178,0.01767447728810776,2,3,3,0,mixed
247,C1QC,-0.0178975316204415,1489,-0.0346043186721378,305,0.0009547844312668,2834,0.0158200160846593,1683,0.0190674911331465,1289,-0.0033319117287013396,0.022787200740601997,0.01766882838833038,3,2,3,0,mixed
927,GCNA,-0.0354261566537084,408,0.0150793336313112,1512,0.0029796044543212,2642,0.0231562592675642,1149,-0.0116922673840048,1872,-0.001180645336903321,0.023222988414013653,0.017666724278181962,3,2,3,0,mixed
312,CARMIL3,-0.0006567259477454,2868,0.0056478569755186,2348,-0.0259075481035139,697,0.0154124119726417,1718,0.0406916009228541,224,0.00703751916395102,0.024234510902257773,0.017663228784454744,3,2,3,0,mixed
1005,GZMH,0.0317758812742325,570,0.0190402500064276,1189,0.015245857518926,1501,-0.0120373666499799,1959,-0.0102023140429827,2005,0.0087644616213247,0.019167553265141198,0.01766033389850974,3,2,3,0,mixed
847,FKBP5,0.0371507624285572,333,0.0066618059219639,2248,0.0086274272055728,2115,-0.0164553976339203,1643,-0.019401689241715,1255,0.003316581736091722,0.02286481134852249,0.01765941648634584,3,2,3,0,mixed
1943,PGAM2,-0.0215053745466049,1215,0.0010723611038973,2802,0.0092409666371539,2064,0.0031563512044798,2652,-0.0533000239650151,40,-0.0122671439132178,0.025726773825020924,0.0176550154914302,3,2,3,0,mixed
458,CHIC2,-0.0130426742053196,1863,0.0059672362517015,2307,-0.0286134712425297,563,0.002248746544526,2732,0.0383883212118673,281,0.0009896317120491008,0.024991364545160176,0.01765208989118882,3,2,3,0,mixed
170,AZU1,-0.0061189114670085,2420,-0.018613411890554,1229,0.0100455985639249,1978,0.033215264299596,608,0.020247347411362,1194,0.00775517738346408,0.02059920634817926,0.01764810672648908,3,2,3,0,mixed
1145,IL21,0.0335616661979163,474,0.0071618403847943,2201,-0.0008349222589767,2848,-0.0301050910115562,762,0.0165177163256783,1467,0.0052602419275711975,0.02355406134089689,0.017636247235784358,3,2,3,0,mixed
1867,OR2D3,-0.0149269461658499,1710,-0.0284761727370341,541,0.0030604521614499,2633,-0.0307190491917953,732,0.0109754131515161,1938,-0.012017260556342661,0.01860859629122637,0.01763160668152906,2,3,3,0,mixed
201,BIRC3,0.0245755818552926,994,-0.0031124930505654,2589,8.704813447289045e-05,2907,-0.0521769193489593,69,-0.008205484066645,2194,-0.007766453295280843,0.027847020987309377,0.017631505291187035,2,3,3,0,mixed
686,EID3,0.0088861738047433,2192,-0.0304366179748106,464,-0.0417894232584881,149,0.0059206751632651,2429,0.0010982302332528,2806,-0.0112641924064075,0.023203222007412184,0.01762622408691198,3,2,3,0,mixed
767,FAM161B,-0.0236474338549596,1055,0.0227065695811787,907,0.0144172584688345,1568,0.0061683738320549,2402,-0.0211750919685299,1133,-0.00030606478828427985,0.021027432969583572,0.01762294554111152,3,2,3,0,mixed
1834,NR4A3,-0.0204112435878053,1304,0.0111921970269648,1868,-0.0201019364170946,1100,0.0198881318187045,1392,-0.0165051755901225,1469,-0.00518760534987062,0.019231317875908475,0.01761973688813834,2,3,3,0,mixed
2471,SYCP2,-0.0082645004954139,2242,0.0360751849394503,265,-0.0056275063629549,2383,0.0189027830823733,1469,0.0192174653771708,1273,0.012060685308125119,0.018713065609309097,0.01761748805147264,3,2,3,0,mixed
1305,LARGE1,0.0307800892873489,625,-0.0098885456099484,1980,-0.0123862370924008,1750,-0.0212467402001857,1287,0.0137625495745791,1694,0.00020422319187862018,0.021443176679848505,0.01761283235289258,2,3,3,0,mixed
2015,PPM1E,0.0089666851066409,2180,0.0188180407517839,1210,-0.0310703012765958,436,0.0167925786240194,1620,-0.0123368527285409,1811,0.00023403009546150018,0.021411436795656415,0.01759689169751618,3,2,3,0,mixed
1571,LRP2BP,-0.0143221581445135,1761,-0.0013970986777727,2779,0.0203743300679043,1079,0.0474142134015351,143,0.0044556115537481,2514,0.01130497964018026,0.023723072671070412,0.017592682369094743,3,2,3,0,mixed
1877,OTUD6B,-0.0083177372007052,2234,0.0139553403836277,1613,0.0224653907162263,916,-0.0212545679680957,1286,0.0219680385722391,1070,0.005763292900658439,0.019601681753892295,0.0175922149681788,3,2,3,0,mixed
1556,LOC728392,0.0231512415070089,1092,0.0356223135130152,271,0.0124605532180501,1746,-0.0151685467885655,1731,-0.0014918756394471,2770,0.01091473716201232,0.019980288147676124,0.01757890613321736,3,2,3,0,mixed
1114,IFNG-AS1,0.0166842698592136,1591,0.0142036046015792,1590,-0.0149468790992766,1525,-0.0232398806083541,1143,0.018812072473555,1309,0.0023026374453434203,0.01981786986938056,0.0175773413283957,3,2,3,0,mixed
1363,LINC00612,0.0377924042069211,314,0.004171449548427,2481,0.0157555270064634,1453,-0.0198240045940461,1396,-0.0103364889904572,1996,0.005511777435461641,0.022593357146681745,0.01757597486926296,3,2,3,0,mixed
2504,TBX21,0.0093932601374014,2147,-0.0054336853129397,2366,-0.0226624181957131,901,0.021086784658539,1304,-0.0292472103374999,668,-0.00537265381004246,0.021136864866360128,0.017564671728418618,2,3,3,0,mixed
2270,SERPINE1,0.0022505998821914,2740,0.0154108333679511,1491,-0.0126751882311975,1735,-0.0330246322208435,619,-0.0244455407756866,908,-0.010496785595517021,0.01962471426267925,0.017561358895574024,2,3,3,0,mixed
1511,LOC102723727,0.0129491110799797,1869,-0.0147350531378988,1544,0.0077193161713643,2196,0.022204311946323,1218,-0.0301945260909499,613,-0.00041136800623634007,0.02149583603617072,0.01756046368530314,3,2,3,0,mixed
716,EPHB6,-0.0045560344689335,2542,0.0103924310672063,1938,0.0464311498670023,78,-0.0218279702226268,1245,0.0045538973212587,2506,0.0069986947127814005,0.02518383101307092,0.017552296589405523,3,2,3,0,mixed
2149,RGS13,-0.0034987113752405,2635,0.0311882764462639,431,-0.00970756814878,2010,0.0211976094409673,1290,0.0221268059305255,1062,0.012261282458747242,0.01779343556885541,0.017543794268355443,3,2,3,0,mixed
736,ESYT3,0.0132488550779571,1844,0.0171301751853082,1359,0.0170974238414397,1336,-0.0183679038321533,1502,-0.021644996635613,1096,0.0014927107273877394,0.01972334789490952,0.017497870914494257,3,2,3,0,mixed
2518,TCP11L2,-0.036144212405435,376,0.0043751174525473,2459,-0.0123711753786837,1753,0.0314197060048131,701,-0.0030731179049067,2633,-0.0031587364463329993,0.024623899075808035,0.017476665829277163,2,3,3,0,mixed
1106,IFIT1,-0.0262891633659514,869,-0.023832876171572,828,0.004449306490832,2494,-0.0042610479400374,2565,0.028506102379043,699,-0.004285535721537158,0.02246023010584179,0.017467699269487158,2,3,3,0,mixed
2111,RASD2,0.0206587029508046,1277,0.0092507118940895,2036,-0.0025140206867677,2686,0.028854165244602,824,-0.0259183591095905,834,0.00606624005862758,0.021441815611221736,0.017439191977170858,3,2,3,0,mixed
2157,RHOXF1,-0.0258148865130396,906,0.0205599301554246,1071,0.0245681486399523,781,0.0105546819422926,2057,-0.0056526448225123,2396,0.00484304588042352,0.020729153737338375,0.01743005841464428,3,2,3,0,mixed
2434,SPRTN,0.0306322553968617,631,0.019193663915483,1178,0.0204177704402465,1073,-0.0164339985676708,1646,-0.0004504408476545,2877,0.010671850067453182,0.01887097269298883,0.017425625833583303,3,2,3,0,mixed
2421,SPATA6L,-0.0124164594550208,1925,0.0131753767883024,1689,-0.0085393868737898,2124,-0.0420243278295955,250,0.0109605384966183,1940,-0.007768851774697079,0.022277131723312492,0.01742321788866536,2,3,3,0,mixed
526,CPM,0.0076365818771492,2290,0.0061007866350673,2295,-0.0402500867699461,181,0.0204409267897629,1348,-0.0124726422597628,1803,-0.0037088867455458995,0.02355963472673784,0.01738020486633766,3,2,3,0,mixed
11,ABCG1,0.0115547111596124,1991,-0.0034106339107855,2562,0.0223150695621031,923,-0.0354425737021032,496,0.0141653034604158,1664,0.00183637531384852,0.022820366914803842,0.017377658359004,3,2,3,0,mixed
2731,VCAM1,-0.0282712711949208,756,0.0282463451324731,549,0.0092771133958772,2061,-0.0107059979700061,2052,0.0103444187142019,1995,0.0017781216155250607,0.021731327789334613,0.017369029281495817,3,2,3,0,mixed
2706,UBTFL1,0.0197327558597381,1342,0.0120818104435681,1783,-0.0056988343801031,2374,-0.0086130704052067,2193,-0.0406844434626077,225,-0.004636356388922261,0.023397427366848758,0.01736218291024474,2,3,3,0,mixed
2908,ZNF853,0.0319822118748265,558,-0.0149799698518241,1521,0.0135779354621667,1655,-0.0254170550770319,1008,-0.0008222711046096,2831,0.00086817026070552,0.022773646639993216,0.01735588867409176,2,3,3,0,mixed
1172,IRF8,0.0423032027760106,192,0.0112315011262998,1863,-0.025370748803596,736,0.0055471506633217,2466,-0.0023100960982896,2700,0.0062802019327493006,0.02448614516618477,0.017352539893503542,3,2,3,0,mixed
2670,TSLP,-0.0293537557667042,694,0.0178056544472003,1295,0.0023890112939636,2702,-0.0173205183706444,1585,-0.0198413535990905,1227,-0.00926419239905504,0.019032505405920257,0.0173420586955206,2,3,3,0,mixed
2600,TNFAIP6,-0.0422273683736747,195,-0.0191258388139608,1183,0.0061335003112264,2339,0.0032077956669688,2648,-0.0159783384720314,1508,-0.01359804993629434,0.01954245774710474,0.01733456832757242,2,3,3,0,mixed
2472,SYDE2,-0.0111033242737387,2024,-0.0184318504463585,1249,-0.0095291927799095,2030,0.0405481148004296,295,0.0068771492293113,2300,0.0016721793059468405,0.02361824672301191,0.01729792630594952,2,3,3,0,mixed
754,FAAHP1,0.037308125480547,330,0.0116309703236418,1829,-0.006259714528004,2327,-0.0029654105194495,2671,-0.0283198173301948,708,0.0022788306853081,0.0242445874898746,0.01729680763636742,2,3,3,0,mixed
511,COL5A1,0.0185928486946387,1437,0.0013228111782651,2784,-0.0275473443277384,611,-0.0240036300526764,1095,-0.0149630856441716,1592,-0.00931968003033652,0.019183886727325024,0.017285943979498043,2,3,3,0,mixed
690,ELAVL4,0.0246346924784613,987,-0.0257248332092672,698,0.0244829396419264,786,-0.0041431167928102,2573,-0.007435554510152,2256,0.0023628255216316604,0.02186657046765178,0.01728422732652342,2,3,3,0,mixed
2675,TSPAN9,-0.0147297488749095,1732,0.0064004906810214,2267,-0.0309405911256895,443,0.0161258865165075,1666,-0.0181872726144133,1346,-0.00826624708349668,0.01913386303749203,0.01727679796250824,2,3,3,0,mixed
970,GPR179,0.0035072887865755,2632,0.0240010518498865,813,0.0335764851464398,357,-0.0157889676293992,1688,-0.0094846477162005,2075,0.00716224208746042,0.02120432386229379,0.0172716882257003,3,2,3,0,mixed
2092,RAB11FIP4,-0.0027052311055812,2703,0.0268873434924449,626,0.0306225952751491,458,-0.018292411996647,1510,0.0078191409563166,2221,0.00886628732433648,0.020437018521314947,0.01726534456522776,3,2,3,0,mixed
1509,LOC102723701,-0.0154484798628683,1666,0.031020685436382,439,0.007623604493012,2206,-0.0174609553244684,1575,-0.0147329499665071,1611,-0.0017996190448899604,0.021004817498060487,0.01725733501664756,2,3,3,0,mixed
2578,TMEM196,-0.0325374971163478,539,-0.0108714374288182,1896,0.0223115683244703,924,0.015709931259536,1696,-0.0048486825901892,2471,-0.0020472235102697795,0.021931934444989688,0.0172558233438723,2,3,3,0,mixed
157,ASTE1,0.0086354323981959,2214,-0.0176324282134537,1310,-0.0126281101104657,1739,-0.0140032928381214,1812,0.0333702309449774,454,-0.0004516335637735,0.021526652326941894,0.01725389890104282,2,3,3,0,mixed
2759,WDR89,-0.0409263668111987,222,0.0244651733960944,785,-0.0126788015894601,1734,-0.0010308563528401,2835,0.0070625816025927,2285,-0.00462165395096236,0.024384464915760858,0.017232755950437197,2,3,3,0,mixed
919,GATA3-AS1,0.0268745360483118,844,-0.007277132420955,2191,-0.0191618056150339,1169,-0.0098835991224734,2113,0.0229483576929084,1001,0.0027000713165515797,0.020798033953691224,0.0172290861799365,2,3,3,0,mixed
2304,SIGLEC10,-0.0209230097390742,1260,0.013395605110809,1668,-0.0157746707296543,1452,0.0255317559077637,1001,-0.0104475722808722,1987,-0.0016435783462055993,0.020084635837202987,0.017214522753634682,2,3,3,0,mixed
2414,SP140,0.0173507720042645,1539,-0.0072499336532187,2192,-0.0095492031731786,2029,0.0318632776436604,670,-0.0200518918031679,1209,0.00247260420367194,0.021398458342282194,0.01721301565549802,2,3,3,0,mixed
661,DUSP6,0.0041501647644314,2577,-0.0056648899590485,2345,-0.0200130778719415,1112,-0.054381409010402,49,0.0018349457143181,2740,-0.014814853272528499,0.024047574805096436,0.017208897464028296,2,3,3,0,mixed
1615,MAP2,0.0271991990089562,819,-0.0005057246534296,2869,0.0110267364746784,1890,-0.0071076216935862,2319,0.0402005912085098,236,0.014162636069025718,0.019527836663148355,0.017207974607832043,3,2,3,0,mixed
2505,TC2N,0.0105024763887165,2069,-0.003842367597592,2520,0.0186878361343772,1210,-0.0262752508660087,972,0.0267230723317606,784,0.00515915327825072,0.02089095563044975,0.017206200663691003,3,2,3,0,mixed
211,BNIP3,-0.0399469875153197,255,-0.0227421152115296,903,-0.0093006788280928,2059,0.0076742245841797,2275,0.0063098236730268,2351,-0.01160114665954712,0.02015715022751504,0.01719476596242972,2,3,3,0,mixed
239,C17orf100,-0.0263435159330397,868,0.0061929911669933,2285,0.005042305774146,2441,-0.0266761074890809,943,-0.0216811719203322,1093,-0.012693099680262698,0.016836514247100955,0.01718721845671842,2,3,3,0,mixed
2359,SLC6A4,0.0259896937122398,895,0.0161025395841632,1422,-0.0012348181533523,2812,-0.0095230014047103,2134,0.0330707927698262,469,0.012881041301633317,0.01796551906635607,0.017184169124858362,3,2,3,0,mixed
613,DIRAS3,-0.0386833566190313,280,-0.0125742431891007,1729,0.0014860395409991,2792,0.0224362495934005,1200,0.0107406230390301,1960,-0.0033189375269404597,0.023560515338996994,0.017184102396312344,3,2,3,0,mixed
2303,SIDT1,-0.0172922500008937,1547,0.012788392797174,1713,-0.0013340855073935,2803,-0.0301163858790045,760,0.0243705589316755,913,-0.0023167539316884395,0.022013795570758908,0.017180334623228242,2,3,3,0,mixed
2441,SRPK3,-0.0015759880691804,2791,0.000524070085225,2865,-0.0527165147081853,34,-0.0192592202367253,1437,0.0117331704937066,1868,-0.012258896487031882,0.02519410372184833,0.017161792718604522,2,3,3,0,mixed
868,FNBP1L,0.0175630631090656,1518,-0.022377431733999,932,-0.003002609837746,2639,0.0048399603777649,2529,-0.0380006406029317,293,-0.008195531737569239,0.022078646374973532,0.01715674113230144,2,3,3,0,mixed
792,FAM74A3,0.0147318633337724,1730,0.0059250660558089,2312,-0.0146082313156203,1555,0.0151482138553404,1735,-0.0353579718955603,372,-0.0028322119932517806,0.021823622882796517,0.017154269291220457,3,2,3,0,mixed
1306,LARGE2,-0.0146240432130487,1738,0.0051237492914107,2395,-0.0374643739356791,247,0.0095957645885579,2127,0.0189461538398503,1299,-0.003684549885781781,0.022510279125040642,0.017150816973709338,3,2,3,0,mixed
2396,SNORD13,-0.0082264566711067,2248,0.0428610569477372,135,-0.0193469070180234,1158,0.0118101826561307,1979,0.0034530644550932,2606,0.006110188073966202,0.023684275797503367,0.017139533549618245,3,2,3,0,mixed
2735,VHLL,-0.0013879373981269,2808,0.037722304527411,225,-0.0036120529619111,2577,-0.0366022952667117,455,0.0063482259144293,2346,0.0004936489630181212,0.02653655544827849,0.017134563213718,2,3,3,0,mixed
159,ATP1A3,0.0331653552608111,496,-0.0063764030859395,2269,-0.0118412134432663,1819,-0.0081321315426761,2232,0.0261529402951081,817,0.006593709496807461,0.021292818428783753,0.01713360872556022,2,3,3,0,mixed
1201,JCHAIN,-0.0099585134951502,2110,0.0054383476774295,2365,0.0149821765385804,1522,0.0186033890814286,1487,-0.0366394973658287,340,-0.0015148195127080801,0.022529306980475786,0.017124384831683482,3,2,3,0,mixed
1993,PLN,0.0199187246324279,1329,-0.014686534200803,1547,-0.006646676386969,2293,-0.0325124006573217,643,0.0118411284018544,1855,-0.004417151642162281,0.020954358496438563,0.0171210928558752,2,3,3,0,mixed
988,GRIK1-AS1,-0.010141249029522,2097,-0.0184285559235159,1250,0.0180731553478314,1262,0.0077964008198521,2257,0.0311149644443264,559,0.0056829431317944,0.02022709330607849,0.01711086511300956,3,2,3,0,mixed
2413,SOX6,-0.0110527857185543,2028,0.0044997969763129,2447,-0.0159716607531982,1431,0.0386397565572846,363,-0.0153816779182523,1555,0.0001466858287185395,0.023059842859985507,0.01710913558472046,2,3,3,0,mixed
2484,TAAR1,0.0068102656951727,2364,-0.0208377212351318,1052,0.0136821311935116,1641,-0.01134883006062,2009,0.0328597244721185,483,0.004233114013010199,0.021134996001898314,0.01710773453131092,3,2,3,0,mixed
1165,IPP,-0.0441186144822617,154,0.0031272700470497,2586,0.0161070976325903,1423,0.0001635166081951,2901,-0.0220068688924007,1069,-0.00934551981736546,0.023787107163188312,0.017104673532499497,3,2,3,0,mixed
2019,PPP1R16B,-0.0127970625164232,1888,0.0238966987464647,823,0.0297597994070733,497,-0.0151602895711329,1732,-0.0038766446975315,2573,0.00436450027369008,0.021036166009839267,0.01709809898772512,2,3,3,0,mixed
2310,SKAP1,-0.0277276629128039,790,-6.869607343746968e-05,2909,0.0175689953808018,1310,-0.0178943674409781,1542,0.022197190916008,1058,-0.001184908026081933,0.021699085487471008,0.017091382544805852,2,3,3,0,mixed
2889,ZNF648,0.0200686293450018,1322,0.0113583894153315,1853,-0.0225062517692229,911,-0.0187935376965789,1478,0.0127028508919806,1784,0.0005660160373024195,0.019692967474210416,0.01708593182362314,3,2,3,0,mixed
498,COBLL1,-0.0187511410646853,1422,-0.028663814195703,533,0.0075512990254294,2215,0.0014004527570542,2808,-0.0290375422453663,680,-0.0135001491446542,0.017059540185638055,0.01708084985764764,2,3,3,0,mixed
2787,ZBP1,-0.0112456782104451,2012,0.0196550422889798,1133,-0.0347881151551479,317,-0.0189960972074029,1460,0.0006976497530378,2851,-0.00893543970619566,0.020525148796159912,0.0170765165230027,2,3,3,0,mixed
1009,H6PD,0.0218262226646781,1182,-0.0054579129273354,2361,-0.0297441139314522,498,-0.0104746371272716,2064,0.0178400622013771,1374,-0.0012020758240008007,0.021281717704179075,0.01706858977042288,2,3,3,0,mixed
215,BPI,0.0031306562610178,2667,-0.0053179215083649,2378,0.0211363433078068,1014,-0.0370260325133363,434,0.0186287592426911,1319,0.00011036095796290099,0.023466588818545946,0.017047942566643378,3,2,3,0,mixed
866,FMR1-AS1,0.0151970480729365,1696,-0.0315061734823488,414,0.0092579466809834,2063,-0.0196530785629433,1410,0.0095961966243035,2064,-0.00342161213341374,0.020791176933225956,0.0170420886847031,3,2,3,0,mixed
404,CD9,0.0178443902677644,1495,0.0100069040148882,1973,-0.0093168838883578,2055,-0.0256078517187082,994,-0.0224215058405999,1038,-0.00589898943300266,0.019299354455101784,0.0170395071460637,2,3,3,0,mixed
1884,P2RY14,-0.0205304301853335,1288,0.0040886281600858,2491,0.0252891939849373,740,0.0236049776243556,1117,-0.0116384890746251,1878,0.004162776101884019,0.020516850686987158,0.017030343805867463,3,2,3,0,mixed
384,CD28,0.0089837349487936,2179,-0.0018943046623795,2726,0.0250743092984317,754,-0.0287683988279331,828,-0.0203642732311985,1189,-0.0033937864948571602,0.02178159964323134,0.01701700419374728,2,3,3,0,mixed
2861,ZNF449,0.0274937243957489,799,-0.0196014517506692,1140,0.0098380873959501,1993,-0.0041118863584204,2576,0.0240164645558451,941,0.0075269876476909,0.019668059255032216,0.01701232289132674,3,2,3,0,mixed
2686,TTC39C,-0.0176091824640968,1513,0.0180697565260309,1278,0.0131117186869839,1688,0.0336966838900523,585,-0.0025574736127728,2676,0.0089423006052395,0.01968946451014031,0.017008963035987337,3,2,3,0,mixed
2447,ST3GAL5,0.0168125570722205,1581,-0.0007403741979662,2837,0.0138540403687948,1624,-0.0310017536969499,717,0.0225785825178064,1025,0.004300610412781119,0.02152655066996925,0.01699746157074756,3,2,3,0,mixed
1510,LOC102723703,0.0198037654823043,1341,-0.0173669628683907,1334,-0.0207711205098638,1049,0.0030572568196001,2660,-0.0239163793037467,946,-0.007838688076019359,0.018703975769081074,0.01698309699678112,2,3,3,0,mixed
158,ATM,-0.0025996631033119,2712,0.0214386821761471,1003,0.0123018965386016,1761,-0.0181382393037473,1527,0.0304209206026693,600,0.00868471938207176,0.019332733780910778,0.01697988034489544,3,2,3,0,mixed
2811,ZFHX3,-0.0100197340248349,2105,0.0239544907705517,816,0.0068185673507234,2279,-0.0321651260296975,657,-0.0119289565281917,1844,-0.004668151692289799,0.021146173968166808,0.016977374940799837,2,3,3,0,mixed
1683,MIR650,0.0294373906516303,688,-0.0109780762856841,1886,-0.0170321363402734,1342,0.0188948165896736,1471,0.0084929531079827,2165,0.005762989544665821,0.019623047034143373,0.01696707459504882,3,2,3,0,mixed
978,GPR88,-0.01868753321416,1429,-0.0033733079019008,2567,0.03593757834179,283,0.0023960255465597,2718,-0.0244122532251199,912,-0.0016278980905662008,0.02366728451832007,0.016961339645906078,2,3,3,0,mixed
940,GIMAP7,-0.0108744045161258,2041,-0.0322124984436962,393,0.0242616692399441,804,0.0066972196121719,2354,0.010746016264226,1958,-0.0002763995686959994,0.021820139529518997,0.016958361615232797,3,2,3,0,mixed
142,ARL9,0.0088926516297252,2191,0.0125884319589107,1728,-0.0305837103336086,460,-0.0103048181228523,2070,-0.0223755988592551,1045,-0.008356608745416019,0.01891165885239448,0.01694904218087038,2,3,3,0,mixed
2059,PRSS2,0.0296663744220996,678,0.0292681554363559,513,-0.0061279807839634,2341,-0.0149787230289102,1748,-0.0046818973337907,2491,0.00662918574235824,0.021218050279626612,0.01694462620102396,2,3,3,0,mixed
989,GRIK1-AS2,0.0062037657782892,2409,0.0241815032572134,801,-0.007897197821804,2180,0.0348667288417059,534,-0.0114995656905937,1892,0.00917104687296216,0.020080997426112707,0.01692975227792124,3,2,3,0,mixed
952,GMEB2,-0.0369243437057416,342,-0.0261694223192752,676,0.0157966632893559,1450,-0.0035241240753599,2629,0.002224011795563,2708,-0.00971944300309156,0.02146397103994977,0.016927713037059124,2,3,3,0,mixed
2338,SLC31A2,-0.0211289813570584,1245,0.0105786457351222,1922,-0.0029060309434411,2650,-0.0333897481148664,599,0.0165916025995774,1459,-0.006050902416133259,0.02105870408150196,0.0169190017500131,2,3,3,0,mixed
2715,UROC1,-0.028013049098043,770,0.0143106590051722,1577,-0.0158237664469364,1448,0.018020009718637,1534,0.0084147148720273,2172,-0.00061828638982858,0.02020850224433349,0.016916439828163182,3,2,3,0,mixed
976,GPR75,0.024368683560885,1004,-0.0254930448547653,712,0.0122290566376547,1769,-0.0164611368517779,1641,0.0059690892278329,2379,0.0001225295439658802,0.020614326850043257,0.01690420222658316,3,2,3,0,mixed
1767,NAP1L2,0.0205696955117191,1283,0.0026033530434663,2653,-0.0136597678353944,1644,-0.0363973601734589,463,0.0112558538793745,1909,-0.0031256451148586792,0.02246715861574823,0.016897206088682636,3,2,3,0,mixed
1031,HELB,-0.0299732530490185,665,0.0400672623223227,174,0.0042993369203142,2507,-0.0065593358493153,2374,-0.0035753022945128,2596,0.0008517416099580608,0.025369499703045414,0.016894898087096703,2,3,3,0,mixed
132,ARHGEF10,-0.0146446936675414,1736,0.0046916564121318,2426,-0.0307301352160004,454,0.0316912723478013,684,0.0027109280205394,2664,-0.0012561944206138595,0.023369936106793526,0.01689373713280286,3,2,3,0,mixed
1170,IQUB,-0.0351480782848046,423,-0.0030026124033339,2604,0.0244014129401991,793,0.0147150042941958,1771,-0.0071753852104676,2272,-0.0012419317328422413,0.022913628990128988,0.016888498626600197,2,3,3,0,mixed
1937,PECR,0.0082136947653092,2249,0.0265689104195104,652,-0.0137128321001189,1638,-0.0048952823999832,2521,-0.0310302644873279,562,-0.0029711547605220804,0.021818087952762556,0.01688419683444992,2,3,3,0,mixed
1540,LOC110091776,-0.019382762052271,1373,0.0284869218415611,540,-0.0008725359421475,2843,0.0345474152657656,548,0.0010661315692805,2809,0.008769034136437742,0.022350269793621765,0.01687115333420514,3,2,3,0,mixed
2678,TSPY26P,-0.0182740494607325,1458,0.0051714500104548,2387,0.0371362322571353,256,0.0021962920324201,2739,-0.0215615800812988,1101,0.0009336689515957793,0.023479519111865826,0.016867920768408297,3,2,3,0,mixed
2801,ZC3H6,0.0006858631337128,2864,-0.0334862942247152,342,0.0081011650185821,2161,-0.0272206724190187,912,-0.014734676461514,1610,-0.0133309229905906,0.01772667017705535,0.016845734251508558,2,3,3,0,mixed
471,CLEC18A,0.0024713140927813,2725,0.0178267094478976,1294,0.0129842112478228,1698,-0.030104431291249,763,-0.0207978869487725,1160,-0.00352401669030396,0.021031072972798954,0.016836910605704643,3,2,3,0,mixed
380,CD24,0.0045481853149172,2544,0.0178429902262759,1293,-0.0252003151633469,750,-0.0351890062022956,511,0.0013603448177955,2780,-0.00732756020133078,0.022055414172112507,0.016828168344926217,3,2,3,0,mixed
512,COL6A3,0.0162471670822211,1612,-0.0322824044597826,390,0.0203858259197729,1075,0.0002254197951751,2897,-0.0149476348899193,1593,-0.00207432531050656,0.02192985664426032,0.0168176904293742,3,2,3,0,mixed
229,C12orf60,-0.0345668003703121,439,0.0109634206550346,1888,0.0102792168161314,1954,-0.008364804629746,2213,0.0198947392332391,1220,-0.0003588456591306015,0.021713183398976214,0.01681379634089264,3,2,3,0,mixed
2378,SMAD7,-0.0172857656114084,1549,0.035106818305074,284,-0.0150574280258809,1516,-0.0017580276875345,2784,0.0147910344082309,1605,0.00315932627769622,0.021965718578067908,0.01679981480762574,2,3,3,0,mixed
1550,LOC414300,0.0079310491636039,2265,-0.0210940637073092,1029,-2.039796163663416e-05,2916,0.0111625459833393,2022,-0.043786544612351,142,-0.009161482226870726,0.023076295302504622,0.016798920285648007,2,3,3,0,mixed
60,AKAP11,0.036514233403134,364,-0.0136520939806797,1645,-0.0152711153184214,1498,-0.0161343067689254,1664,0.0023747055998746,2691,-0.0012337154130035806,0.022423317590974563,0.01678929101420702,2,3,3,0,mixed
2393,SNORA77,-0.0189141287536894,1409,0.0142097755277102,1589,-0.0060825755618997,2345,0.017933181349959,1538,-0.0267838979669792,781,-0.003927529080979821,0.01973897459818791,0.0167847118320475,2,3,3,0,mixed
2090,QRFP,-0.0010171488159879,2840,0.0097273868881679,2000,0.0102091250951851,1963,0.0289174310753011,819,-0.0337677011372061,438,0.0028138186210920207,0.023112607309212992,0.01672775860236962,3,2,3,0,mixed
1297,KRTAP5-AS1,-0.0124725185777192,1920,-0.0224402248369636,930,0.0132917170175259,1671,-0.0254611779065844,1004,0.0099724914833723,2024,-0.0074219425640738,0.01808378528774907,0.016727625964433078,2,3,3,0,mixed
1497,LOC101928433,0.0078817461389043,2267,-0.0185110730811903,1242,-0.0147926207499827,1537,0.0318919232933358,666,0.0105189565243916,1980,0.0033977864250917407,0.02057681846292987,0.01671926395756094,3,2,3,0,mixed
1430,LINC02400,-0.0032680625353188,2654,0.0089886026972072,2053,-0.0417950966424395,148,0.0140010020914395,1813,-0.0154975700153036,1545,-0.00751422488088304,0.02231697880916666,0.01671006679634172,2,3,3,0,mixed
2522,TDRD3,-0.0248969748641234,964,0.008668829649721,2075,0.0187174427257343,1204,-0.020290749624608,1360,-0.0109112625413947,1944,-0.005742542930934159,0.018783215919268733,0.016697051881116278,2,3,3,0,mixed
1238,KIAA1147,-0.0018824526591087,2768,0.0262238327984811,668,0.0263658006721313,671,-0.0042247527238057,2567,-0.0247349860194329,896,0.00434948841365302,0.021917266603042527,0.016686364974591937,2,3,3,0,mixed
1464,LOC100505918,-0.0302723162655799,649,-0.0096365711075342,2005,0.010910952147319,1901,0.0025253358584067,2708,0.0300197250824085,626,0.00070942514300402,0.022546453748918314,0.016672980092249663,3,2,3,0,mixed
2517,TCN1,0.0024863851897904,2722,-0.0237387379310655,834,-0.0147661362684371,1541,0.0083040917536488,2221,0.0340495988585577,426,0.00126704032049886,0.02240566187698286,0.0166689900002999,3,2,3,0,mixed
212,BOK,0.0216189550852709,1203,0.0005325099978559,2864,-0.0029579539688611,2644,-0.0105239902437479,2059,-0.047521187446499,94,-0.00777033331519624,0.025216757847650782,0.01663091934844696,2,3,3,0,mixed
1913,PCED1B,0.0037919984490747,2601,-0.0143476118552531,1575,-0.0080442109235425,2168,0.032174569017516,656,0.0247932299263114,889,0.0076735949228213,0.02025110734017602,0.01663032403433954,3,2,3,0,mixed
1431,LINC02432,-0.0208053897094018,1270,0.027756507415791,572,0.0027504674981798,2662,-0.0163744716279514,1651,-0.0154470987804436,1551,-0.004423997040765201,0.020122937466268177,0.016626787006353522,2,3,3,0,mixed
1613,MAP1A,-0.010340691151743,2076,-0.0237817681365676,831,0.0310756958358485,435,0.007445016441507,2292,-0.0103193477719992,1997,-0.00118421895659086,0.02117254470090569,0.01659250386753306,2,3,3,0,mixed
535,CRHBP,-0.007585215531159,2294,0.0215967176130346,989,0.0198213781556589,1120,-0.0045687897531561,2548,0.0293717788585782,664,0.01172717386859132,0.016679200645608263,0.01658877598231736,3,2,3,0,mixed
2813,ZFP28,-0.0081087589935702,2252,0.0057148302472883,2337,0.0222078297977855,931,-0.0149779742598801,1749,0.0319022137326982,525,0.00734762810486434,0.019772150373934816,0.01658232140624446,3,2,3,0,mixed
1230,KIAA0087,-0.0040118339755856,2593,-0.0114045058573056,1849,0.0230532471698378,875,0.0151556111619982,1733,0.0291660259365586,675,0.01039170888710068,0.017450081098845018,0.01655824482025716,3,2,3,0,mixed
1747,MVP,0.0404508356858743,240,0.0183433589529253,1259,-0.0021705941475492,2721,-0.0086904107764923,2190,-0.0131259307722332,1743,0.00696145178850498,0.022265245604967385,0.01655622606701486,2,3,3,0,mixed
117,AQP1,0.0070102161609138,2341,0.0253470351035024,723,-0.0062332912983493,2330,-0.0222646634344649,1213,-0.0219211106879918,1077,-0.0036123628312779593,0.020257552573621714,0.01655526333704444,2,3,3,0,mixed
819,FCGR2B,0.023593183190549,1059,-0.0254566375837762,715,-0.0024623706474133,2693,0.0101548728637812,2082,-0.0210891719016718,1139,-0.0030520248157062204,0.020688416422838914,0.016551247237438303,2,3,3,0,mixed
1742,MTUS1,-0.0084018067584267,2229,0.0230700920590242,870,-0.0037224546720152,2560,0.0375321431874776,411,-0.0100289258614701,2021,0.007689809590917961,0.021390719025200622,0.016551084507682758,2,3,3,0,mixed
2507,TCAF2,-0.0164441523807478,1603,-0.0289828646197812,524,0.0120723747669978,1789,0.0172156415772206,1595,0.0080359941425654,2207,-0.0016206013027490393,0.020024875751593167,0.016550205497462563,3,2,3,0,mixed
2656,TRIM52,0.020462779854876,1297,0.0188270149045762,1208,-0.0258996726241802,698,-0.0125634233300407,1917,-0.0049250770986984,2464,-0.0008196756586934202,0.020141446949739142,0.0165355935624743,2,3,3,0,mixed
1862,OPTN,-0.0123098890942235,1933,0.0205730545331174,1069,0.0190085345285093,1183,-0.0057622308990444,2440,0.0249737517632683,883,0.009296644166325422,0.01703571208921953,0.01652549216363258,3,2,3,0,mixed
1472,LOC100507557,0.0423442910300831,191,0.0068846807984352,2222,-0.0242835327426407,803,0.0026943247853301,2690,-0.0064185956651201,2342,0.00424423364121752,0.02443623301244768,0.01652508500432184,3,2,3,0,mixed
2895,ZNF721,0.0302283961585361,651,0.0122906021136758,1762,-0.0212975103203836,1006,-0.0099467798987401,2102,-0.0088411530898696,2129,0.00048671099264371994,0.02058105172750914,0.016520888316241038,2,3,3,0,mixed
789,FAM46C,0.0031349697490873,2666,0.02154991035331,997,-0.0060152776751021,2352,-0.0189083750892031,1467,0.032860261659073,482,0.00652429779943302,0.02082607363985275,0.0164937589051551,3,2,3,0,mixed
1425,LINC02291,-0.0043143893073259,2564,-0.0052265042874513,2383,0.0164254579274201,1395,0.0383924924876959,377,-0.0180969855122248,1354,0.0054360142616228,0.022189294034916877,0.0164911659044236,2,3,3,0,mixed
358,CCNI2,-0.0101978672150081,2092,-0.022605123554413,914,0.0179580526107586,1273,0.0218488554123131,1244,0.0098453389336242,2037,0.00336985123745496,0.01907225376659248,0.0164910475452234,3,2,3,0,mixed
2888,ZNF641,-0.0210604152956671,1249,0.0297252196107189,494,0.0134241660494377,1663,-0.0094022564035907,2144,0.0087920669737659,2132,0.004295756186932941,0.019879469739636516,0.016480824866636063,3,2,3,0,mixed
1475,LOC100996664,-0.0013183542720856,2812,-0.0225179244537384,923,0.0189067360646593,1189,0.0279880895906133,867,-0.0116406359025956,1877,0.002283582205370599,0.02097035689381116,0.01647434805673844,2,3,3,0,mixed
1533,LOC105373805,0.007315977483296,2314,0.0032824982229076,2574,-0.0192985029132779,1163,-0.0435801406461117,216,0.0088926085674576,2125,-0.008677511857145681,0.02257510587753499,0.01647394556661016,3,2,3,0,mixed
2357,SLC6A16,-0.0279608699304173,774,0.0133847839450549,1671,-0.0024831972965196,2689,0.033260702194654,606,-0.0052632567973482,2431,0.002187632423084759,0.02278802570341818,0.0164705620327988,2,3,3,0,mixed
565,CXCL9,0.0014621227791655,2799,0.0145073100885064,1562,0.0312676018998848,426,-0.0185316860118012,1493,-0.016552987974324,1460,0.0024304721562862985,0.021084067446776027,0.01646434175073638,3,2,3,0,mixed
850,FLJ31104,-0.0214556043907085,1221,0.003458718306095,2554,-0.0260747199135778,685,0.0019664167185033,2765,0.0293271771695875,666,-0.002555602422020101,0.022268202146856434,0.016456527299694417,3,2,3,0,mixed
1213,KCNG2,0.0147128757507026,1734,-0.0137166661430882,1634,-0.0155490565077292,1475,0.0008728388479091,2850,0.0374000187824858,312,0.00474400214605602,0.021985132885616702,0.01645029120638298,3,2,3,0,mixed
2289,SH2B3,0.0028766153819056,2685,0.0086344164943306,2079,-0.0088851725928758,2089,-0.0367303372137102,451,-0.025058214550768,879,-0.01183253849622356,0.018965503606813993,0.01643695124671804,2,3,3,0,mixed
2235,SDC1,0.0175720416364925,1515,-0.0216137927305979,984,-0.0120609167577939,1792,0.021995587334415,1238,-0.0089029538474785,2123,-0.0006020068729925606,0.01925262829157921,0.01642905846135556,2,3,3,0,mixed
2143,RGCC,-0.0254526046200751,932,0.0006197652430234,2856,-0.0025494491524523,2681,0.0376905234854837,400,-0.0158314619511744,1518,-0.00110464539903894,0.02408229859625353,0.01642876089044178,2,3,3,0,mixed
31,ADAM20P1,-0.0060911413026562,2424,-0.0162959672859947,1409,0.0275216227767566,613,-0.0209546709555168,1315,0.0112688845673069,1908,-0.0009102544400208405,0.020137300284165452,0.016426457377646243,2,3,3,0,mixed
1647,MEI4,-0.0062724626632241,2405,0.0226905919937603,911,0.0116671076971403,1834,-0.0039308329906798,2593,-0.0375681936399265,307,-0.0026827579205859604,0.02280988177287865,0.0164258377969462,2,3,3,0,mixed
1896,PARP15,-0.020578453463835,1282,0.0104428850418876,1935,0.0154501933128172,1484,0.0189382271286904,1465,-0.016652156701941,1449,0.0015201390635238398,0.01867907736015307,0.01641238312983424,3,2,3,0,mixed
904,GABRA4,-0.0205393381885721,1286,0.0021715832756519,2690,-0.0014660510281708,2793,0.0236703976760389,1114,-0.0341722475110778,419,-0.0060671311552259796,0.022207596203728638,0.0164039235359023,2,3,3,0,mixed
1810,NKIRAS1,0.0039963001786045,2594,0.0162006683125501,1415,-0.0322286320556098,388,0.0109496736365244,2035,-0.0186123579575173,1322,-0.003938869577089621,0.020651020234029618,0.016397526428161217,3,2,3,0,mixed
1783,NDUFA6-AS1,0.0463073937101634,119,-0.0003166860207848,2890,-0.018394905925672,1233,0.0164030145332161,1648,-0.0005441309824268,2865,0.00869093706289918,0.02436462905230001,0.01639322623445262,2,3,3,0,mixed
112,APOBEC3H,0.0264004107798528,864,-0.0188969643995894,1198,0.003350081422968,2604,-0.0135410717583933,1854,0.0197320191128867,1236,0.0034088950315449605,0.019874043211948942,0.01638410949473804,3,2,3,0,mixed
837,FGD6,-0.0133081911734986,1839,0.0182510648965437,1266,0.0123349935342895,1758,-0.0159921257424146,1672,-0.0218471992533598,1081,-0.00411229154768796,0.018102864965044034,0.01634671492002124,2,3,3,0,mixed
133,ARHGEF25,-0.0248356659856118,969,0.0243424570856186,793,0.0031317102657746,2624,-0.0028862349665467,2676,0.0265371558302732,792,0.00525788444590158,0.021174851703806966,0.01634664482676498,3,2,3,0,mixed
69,ALKAL2,-0.0033131482105378,2649,0.028900235097556,526,0.0114521722588594,1851,0.0213991196185641,1274,-0.0166411041313539,1450,0.00835945492661756,0.018458053953593078,0.01634115586337424,3,2,3,0,mixed
2490,TANGO6,0.0133358549169417,1835,0.0185990543954376,1231,0.0187053940816514,1206,-0.0283472001243539,851,-0.0027173084972383,2663,0.0039151589544877,0.02004973061343251,0.01634096240312458,3,2,3,0,mixed
1490,LOC101928020,0.0218032134549078,1184,-0.0011146749121571,2799,0.021009673091945,1028,-0.0124668453638415,1925,-0.025300715492547,866,0.0007861301556614395,0.02067901965279668,0.016339024463079683,2,3,3,0,mixed
1945,PGBD2,-0.0043078087605716,2565,-0.001503164845854,2767,0.0260626847483965,686,0.016346567708387,1654,0.0334343082319048,450,0.01400651741645254,0.016614984571688023,0.016330906859022783,3,2,3,0,mixed
1684,MIR6749,-0.0288987435158565,722,0.0260262006252264,688,-0.0122359262897132,1767,0.0090172724482326,2160,0.0053196491833952,2430,-0.00015430950974310004,0.02104583807230752,0.01629955841248478,3,2,3,0,mixed
673,EDIL3,0.0267342627774641,851,-0.0079294237455784,2136,-0.0032914990441831,2609,0.0171240747938663,1599,0.026387143691024,799,0.01180491169451858,0.016440545324662062,0.01629328081042318,3,2,3,0,mixed
1671,MIR3134,0.0225127093928213,1135,-0.0064431564604307,2260,0.0082096277620607,2151,-0.0241185595481157,1090,0.0200575477870024,1206,0.0040436337866676,0.019480693033560825,0.01626832019008616,3,2,3,0,mixed
468,CLC,0.0009983928262964,2842,-0.0323182025610413,387,-0.0256902880449469,714,0.0204749845603805,1344,0.0018493022051249,2739,-0.00693716220283728,0.021722555783653584,0.016266234039558,3,2,3,0,mixed
1057,HKDC1,0.0326237738943227,534,-0.0190227583786702,1190,0.0036146749612018,2575,0.0238361232762849,1104,-0.0022099787539396,2712,0.00776836699983992,0.02067939182030267,0.01626146185288384,3,2,3,0,mixed
2408,SOGA3,0.0151224346436242,1701,0.0051701295684927,2388,-0.0294206937264827,516,0.0020591046810998,2755,-0.0295261359386148,651,-0.007319032154376161,0.020791746835117735,0.01625969971166284,3,2,3,0,mixed
2589,TMEM63A,-0.0284088188234013,747,0.001332196853446,2782,-0.0329291990463272,370,0.0005329004778253,2878,-0.0180414537796339,1358,-0.015502874863618222,0.0159471806085489,0.016248913796126738,2,3,3,0,mixed
2377,SMAD3,-0.0069396487301079,2348,0.0104195064924621,1936,-0.0138522106304232,1625,0.0234606375826975,1124,-0.0265131288653527,793,-0.00268496883014484,0.019785795468697916,0.016237026460208682,2,3,3,0,mixed
877,FOXN4,0.0283849321651307,750,-0.013143174706942,1692,-0.0175585395717866,1312,0.0121274401204897,1954,0.0099707299197769,2025,0.003956277585333739,0.019072095615311875,0.016236963296825183,3,2,3,0,mixed
287,CAB39L,-0.010735101465091,2052,0.0366196792062982,254,0.0202387209947506,1089,-0.0051863809596762,2494,0.0083349468119017,2181,0.009854372917636661,0.019213769112008023,0.01622296588754354,3,2,3,0,mixed
2475,SYNJ2BP,-0.0278823361696096,780,0.0109089844221446,1891,0.0049517975491467,2446,-0.0293704470006601,796,0.0079187416632137,2214,-0.006694651907152941,0.020138201981079497,0.01620646136095494,3,2,3,0,mixed
793,FAM76A,-0.0158161638188214,1641,0.0017690662108299,2737,0.0243536692184171,796,-0.0224011616874268,1203,-0.016683639936371,1447,-0.00575564600267444,0.019110863530557506,0.01620474017437324,2,3,3,0,mixed
2574,TMEM139,0.0342329956793428,449,-0.0202289239982869,1090,0.0093878750485065,2049,0.0078827841575858,2250,-0.009286030189295,2091,0.0043977401395706404,0.020741911726697055,0.016203721814603396,3,2,3,0,mixed
2236,SDC2,-0.0294254098283944,689,0.0159946164951156,1433,-0.0253891060759809,735,-0.0074446081406659,2293,0.0027566828948948,2660,-0.00870156493100616,0.019044188991925448,0.01620208468701032,2,3,3,0,mixed
1343,LINC002481,-0.0154121366219329,1669,0.0056673745788495,2344,-0.0252731020632176,742,0.0117531453863079,1983,-0.0228629346658214,1007,-0.0092255306771629,0.016909175795975895,0.01619373866322586,2,3,3,0,mixed
1226,KDF1,-0.0148333119145822,1716,0.0059520897623681,2310,-0.0074630006985017,2224,-0.0200184128646051,1379,0.0326147921002635,492,-0.0007495687230114803,0.021052334462768153,0.01617632146806412,2,3,3,0,mixed
2721,USP46,0.0037229003715504,2607,-0.0112227431948576,1865,0.002408065314206,2700,-0.0303510524974846,753,-0.0331486471138506,465,-0.01371829542408728,0.017497641105465377,0.01617068169838984,2,3,3,0,mixed
612,DIP2C,0.00999706597041,2107,-0.011521062081177,1837,-0.0152620426144056,1499,0.0177329300209734,1553,-0.0263397996894855,805,-0.0050785816787369395,0.01833635759721614,0.0161705800752903,2,3,3,0,mixed
1296,KRT86,-0.0130929350413019,1859,0.0066726454382907,2245,0.0266609754138227,656,0.0341872790649354,565,-0.0002323094092763,2898,0.01083913109329412,0.019417433908698406,0.0161692288735254,3,2,3,0,mixed
2795,ZBTB41,-0.0062037175695741,2410,-0.0050372410787091,2401,0.038269215207083,229,0.0018387764750883,2770,0.0294735208980086,655,0.01166811078637934,0.02073486332465618,0.01616449424569262,3,2,3,0,mixed
540,CROT,-0.0226251795767686,1125,0.0019738004408819,2719,-0.0222015553484498,933,0.0250556130249204,1036,0.0089651860408466,2119,-0.0017664270837139007,0.02062317071004659,0.01616426688637346,3,2,3,0,mixed
314,CASD1,0.0137846653962499,1799,-0.0188592905390811,1203,0.0217803707384891,960,0.0240642243623205,1093,-0.0023200671789934,2698,0.0076899805557969995,0.018089119591363046,0.0161617236430268,3,2,3,0,mixed
1169,IQSEC1,0.0194976392112272,1360,0.0256804766506625,701,0.0176953781856985,1297,-0.0109238776087003,2037,-0.0069894703818622,2295,0.00899202921140514,0.016708321852345588,0.01615736840763014,3,2,3,0,mixed
1781,NDRG3,-0.0217336782807571,1193,0.0228904065466065,887,-0.0149161931427475,1529,0.0056039369798961,2455,0.0156340365773416,1534,0.0014957017360679198,0.0192578418593053,0.01615565030546976,3,2,3,0,mixed
1939,PEG3,0.0156787424732772,1651,-0.0039254216436525,2512,0.0232923565078863,860,-0.0113590459452609,2007,-0.0264251653910733,797,-0.0005477067997646398,0.020184047843246528,0.016136146392230037,2,3,3,0,mixed
264,C3P1,0.012591063282329,1911,0.0001666139449822,2900,0.0081855472307207,2153,-0.0242204997146241,1083,-0.0354511796156056,368,-0.007745690974439559,0.0210297760179412,0.01612298075765232,3,2,3,0,mixed
840,FGF7P6,-0.0164695556405751,1600,0.0254867531689078,713,0.0267103388983368,649,-0.001501661511918,2802,-0.0103037683510703,1999,0.0047844213127362385,0.02017567995877032,0.016094415514161596,2,3,3,0,mixed
2,AASDH,0.0195234222998183,1359,-0.0107202797499003,1907,-0.0066850288263512,2289,0.0193623198626061,1428,0.024165394441742,931,0.009129165605582981,0.01645399208656034,0.016091289036083582,3,2,3,0,mixed
2808,ZEB1,0.0252228110145136,948,0.0418743544481248,147,-0.0044225441777682,2496,-0.0041709412417903,2572,-0.0047314020991995,2482,0.01075445558877608,0.021625806311773445,0.01608441059627928,2,3,3,0,mixed
2291,SH2D1B,-0.0137610633562644,1802,-0.0027981567774969,2626,0.0017533602808119,2769,-0.0405277560999258,296,0.0214988141886865,1107,-0.006766960352837739,0.022781626819935702,0.0160678301406371,2,3,3,0,mixed
45,AFAP1L1,-0.0167913330551224,1583,0.0309154154504042,445,0.0011490089328302,2820,0.0267577689530251,939,-0.0046310837168874,2499,0.007479955312849941,0.020595560675130905,0.01604892202165386,3,2,3,0,mixed
2139,RETREG1,0.0153358298189773,1679,0.0058499875950406,2323,-0.0184137686439321,1232,-0.0333132168893697,603,-0.0073254183117409,2263,-0.00757331728620496,0.01926871431974342,0.01604764425181212,2,3,3,0,mixed
2613,TNFSF14,0.0143481561751874,1759,-0.0077384894913306,2157,0.0016197387534789,2782,-0.0400417997370964,310,0.0164730890861212,1475,-0.003067861042727899,0.022891193132961122,0.0160442546486429,3,2,3,0,mixed
660,DUSP5,-0.0003269351073682,2889,0.0105875009278214,1920,0.0119833376288815,1804,0.0412335331960815,271,-0.0160672342992098,1503,0.009482040469241282,0.02100367386759533,0.01603970823187248,3,2,3,0,mixed
604,DGKH,0.0223731978124577,1149,-0.0009180372181481,2817,0.0183256272520743,1243,-0.0204228157801245,1351,0.0181246634441226,1353,0.0074965271020764005,0.018040486573690454,0.01603286830138544,3,2,3,0,mixed
1349,LINC00381,0.0050452175375481,2498,-0.0111801363432278,1869,-0.0321266060667651,393,0.0235723289687834,1118,-0.0081634848029352,2197,-0.00457053614131932,0.02061805434605932,0.01601755474385192,2,3,3,0,mixed
1996,PLSCR2,0.0130302496825173,1865,0.017033461659634,1366,-0.0111217664063988,1883,0.0292718706341459,801,-0.0096219140447494,2060,0.0077183803050297995,0.017572539504428664,0.01601585248548908,3,2,3,0,mixed
776,FAM19A1,-0.0004920570682616,2878,0.0266366204479942,648,-0.0009134926382769,2838,-0.0032289822611362,2646,0.0488015663722646,78,0.014160730970516821,0.022912735741185637,0.0160145437575867,2,3,3,0,mixed
2692,TTTY15,-0.0214759439188402,1219,0.0017064167741709,2747,-0.0076490053634155,2203,0.0228958955992738,1164,0.026253189665837,812,0.0043461105514052,0.02025860265887049,0.015996090264307476,3,2,3,0,mixed
119,AQP3,0.0453749388969628,132,0.0120060825264449,1789,-0.0121704400929666,1778,-0.0077725183746004,2261,-0.002646389743656,2667,0.006958334642436942,0.023326347898725706,0.015994073926926138,2,3,3,0,mixed
2676,TSPO2,-0.0244863210066197,995,0.0110647493705763,1879,0.0197694644013551,1125,-0.0212878737469695,1283,0.0033424723370557,2612,-0.00231950172892042,0.019686832950146605,0.01599017617251526,3,2,3,0,mixed
2096,RAB39A,0.0356200591236238,391,0.0056516630441459,2347,-0.0342382369511762,337,-0.0010303048365698,2836,-0.0033379042745592,2613,0.0005330552210928997,0.024918713702349358,0.015975633646014977,2,3,3,0,mixed
1969,PKIB,-0.0148243165231587,1717,-0.0095211885865925,2011,0.0224796619613766,913,-0.0113994712061222,2005,0.0216386059077803,1098,0.0016746583106567008,0.018707641496873633,0.01597264883700606,2,3,3,0,mixed
1691,MMAA,-0.0138147737098047,1797,0.0232592815717021,863,-0.0140358922337902,1607,0.0180418958701939,1533,0.0107094840294029,1966,0.004831999105540799,0.017693998987443626,0.01597226548297876,3,2,3,0,mixed
245,C1QA,0.0158375646911631,1639,0.0121541365345911,1777,-0.0051116960494651,2433,-0.0132958016533269,1874,-0.0334203545894309,451,-0.004767230213293739,0.020029646462840885,0.01596391070359542,2,3,3,0,mixed
2016,PPM1K,-0.0035591179606528,2626,0.0338464421865579,333,0.0182389407760188,1250,-0.0177640346033653,1550,0.0063183289189564,2350,0.0074161118635029995,0.01982042229516503,0.015945372889110236,3,2,3,0,mixed
2208,S1PR5,-0.0245758031504082,993,0.0108439092550012,1898,-0.0072919213141565,2238,0.0351775338735293,512,0.001826120101137,2742,0.00319596775302056,0.022161087177333526,0.01594305753884644,3,2,3,0,mixed
2683,TTC16,0.0152158622138952,1691,-0.0188989781721855,1197,-0.0258389739229772,703,0.0125028298045511,1921,0.0072104609776331,2269,-0.00196175981981666,0.019009309593825265,0.01593342101824842,3,2,3,0,mixed
326,CC2D1B,0.0080831012503058,2254,0.0081824337105601,2123,0.0275621281769556,609,-0.0062623421515347,2398,-0.0295680705137199,648,0.0015994500945133807,0.02116988531497243,0.01593161516061522,3,2,3,0,mixed
1158,INPP4A,0.016380385985459,1608,0.0187440446492112,1219,0.0236676559845481,836,-0.0136783874620788,1846,-0.007075802928925,2282,0.007607579245642901,0.01678990139492498,0.01590925540204442,3,2,3,0,mixed
1870,OR52N2,-0.0258472536181522,904,0.027595137391756,578,0.0190140808535713,1182,-0.0068821094822185,2338,-0.000189632964816,2901,0.00273804443602812,0.021219226852641115,0.0159056428621028,2,3,3,0,mixed
1163,INTS6L,0.0005515549216925,2874,-0.0188187898875858,1209,0.0216889949151153,972,-0.021076836253356,1305,-0.0173451619294448,1403,-0.00700004764671576,0.01819991689280909,0.015896267581438882,2,3,3,0,mixed
2633,TRAF1,-0.0235443150591071,1065,0.0138645525934854,1619,0.0090059038773969,2082,-0.0076821983541965,2271,0.0253176910292126,864,0.00339232681735826,0.019171131547811568,0.0158829321826797,3,2,3,0,mixed
1987,PLEKHG3,0.0083998422137149,2230,-0.0069390032646697,2219,0.0191494030213473,1172,-0.0306369011872719,737,0.0142862787728922,1657,0.0008519239112025599,0.020152514454649623,0.0158822856919792,3,2,3,0,mixed
1986,PLEKHA3,-0.0250735196258069,957,-0.0236973482014116,838,0.0075281097279893,2217,0.0080888839532948,2237,-0.0149130864851045,1596,-0.009613392126207779,0.01637575788736375,0.01586018959872142,2,3,3,0,mixed
1465,LOC100506023,-0.0091673976543277,2167,0.0374888727352349,231,0.0061972417658495,2333,0.0077960334982133,2258,-0.0185637077129551,1325,0.004750208526402979,0.021333246010343435,0.0158426506733161,3,2,3,0,mixed
532,CREBL2,-0.0089105094770267,2188,-0.0197498411199052,1126,0.0183302376967403,1241,-0.0035656169329615,2628,0.028552296347595,698,0.00293131330288838,0.019940130891344072,0.015821700314845737,2,3,3,0,mixed
1263,KL,-0.0365683158552588,361,0.0007185345139883,2839,-0.023889767431658,823,0.0079654003384103,2246,0.0099526022483595,2027,-0.008364309237231738,0.020743508341535842,0.015818924077534983,3,2,3,0,mixed
2239,SDR16C5,-0.0079333586499286,2264,0.0041115131396825,2488,-0.024536519600013,784,0.0379101835700144,392,0.0044706622874513,2512,0.002804496149441319,0.022911385598581076,0.01579244744941796,3,2,3,0,mixed
1139,IL18RAP,0.0215155946402268,1213,-0.0084597293169894,2096,0.0168458045180201,1358,0.0036524253803677,2617,-0.0284579547847262,702,0.0010192280873798005,0.020225418629269385,0.015786301728066037,3,2,3,0,mixed
2243,SEC23A-AS1,-0.0072822824392429,2319,0.0209643007655855,1038,0.0314906675728808,419,0.0167562490289914,1623,-0.0024260974389256,2688,0.011900567497857839,0.01629981583293125,0.015783919449125237,3,2,3,0,mixed
364,CCR9,0.0475372053928686,102,0.0083516350046793,2105,0.0073179236752398,2235,-0.0081625762001993,2231,-0.0075136184435045,2251,0.009506113885816781,0.022662407291701346,0.015776591743298297,3,2,3,0,mixed
2049,PRL,0.0242876183042724,1011,0.0089389612760235,2056,-0.000728517910991,2856,0.0310351807091317,715,-0.0138706014230462,1684,0.009932528191078082,0.01825256566956806,0.015772175924692964,3,2,3,0,mixed
1450,LOC100129316,0.0204838089993261,1295,-0.0106292006303354,1914,-0.0040580300477544,2521,0.0301090084945315,761,0.0134706035714878,1712,0.00987523807745112,0.016951709815690573,0.015750130348687042,3,2,3,0,mixed
2829,ZNF143,0.0326913493539293,530,-0.0203145430343259,1085,0.0210117617223934,1027,0.0028408151596096,2681,-0.0018534509185456,2737,0.006875186456612159,0.02060378411218057,0.015742384037760758,3,2,3,0,mixed
702,ENC1,-0.0083124943707147,2235,0.019943045877398,1110,-0.0240030690852181,818,0.0182715117646484,1514,-0.0081638429738416,2196,-0.00045296975754559944,0.01898973757916293,0.015738792814364157,2,3,3,0,mixed
1597,MACROD2,0.0382052969424912,298,-0.0162559961520929,1413,-0.0045551495508713,2479,0.0095491068413146,2131,0.0100073304171786,2023,0.007390117699604041,0.020389423840970925,0.01571457598078972,3,2,3,0,mixed
2046,PRKG2,0.0100321145808093,2104,0.0253837729948862,721,0.0251528856074597,751,-5.208742144478286e-05,2910,-0.0179420907377175,1368,0.008514919004798584,0.018282840408761124,0.015712590268463493,3,2,3,0,mixed
2534,TEX12,-0.0037498173667947,2605,-0.0131458502178318,1691,0.0024339728831618,2696,0.0281001379103393,865,-0.0311132417836731,560,-0.0034949597149596993,0.021733479818320536,0.01570860403236014,2,3,3,0,mixed
114,APOE,0.0079936692067774,2260,-0.0263153438757465,663,0.0250121101881422,759,-0.0009385803184873,2842,0.0182638780504813,1340,0.0048031466502334195,0.020006878895075058,0.01570471632792694,3,2,3,0,mixed
2309,SIT1,0.023085586580954,1094,-0.0036698554025738,2537,-0.0289112759440662,544,0.001013370799112,2839,-0.0217235832372171,1089,-0.0060411514407582205,0.02044955658789685,0.01568073439278462,2,3,3,0,mixed
462,CHN2,-0.0112235859002573,2015,0.0027231257844189,2634,0.01602627514089,1427,0.027539215412943,890,-0.0208378863936477,1157,0.0028454288088693804,0.019636505282082762,0.015670017726431378,3,2,3,0,mixed
2750,WASF3,-0.0286020072394287,739,-0.0192040102375153,1176,0.0201284166398454,1097,0.0045394792944217,2549,0.0058712739073099,2385,-0.0034533695270734014,0.019921545546597752,0.0156690374637042,3,2,3,0,mixed
1536,LOC105375483,0.0190772320367619,1399,-0.0194320379591333,1152,-0.0306444306845428,456,0.0011942816870259,2823,0.0079924706813325,2211,-0.00436249684771116,0.02031486534546732,0.01566809060975928,3,2,3,0,mixed
983,GRAMD2B,0.0373791163630937,326,-0.0217591663170232,977,0.0126499804572536,1737,-0.0017800357198814,2780,-0.0047412680050575,2479,0.0043497253556770395,0.022145706472007223,0.01566191337246188,2,3,3,0,mixed
1811,NKPD1,0.0148910416844389,1714,-0.0121677091132735,1775,0.0417851624786492,150,0.0027968804163165,2682,-0.0066536344292946,2318,0.0081303482073673,0.021432315858282293,0.01565888562439454,3,2,3,0,mixed
1458,LOC100240734,-0.0424594285431472,188,0.0006442511069206,2851,0.0091611631921284,2071,-0.024519264866922,1069,-0.0014539253963886,2774,-0.011725440901481757,0.021231011926743107,0.01564760662110136,2,3,3,0,mixed
507,COL4A1,-0.044582060794882,140,-0.0070070148323223,2213,0.0059813998479497,2355,0.0052667971608447,2484,-0.0153723264429041,1556,-0.0111426410122628,0.0207104495042954,0.01564191981578056,2,3,3,0,mixed
1895,PARM1,0.0101036974894237,2102,-0.0316454754073197,410,-0.0190680780081531,1179,-0.0030566869472166,2661,0.0142900452085108,1656,-0.00587529953295098,0.019416908995661303,0.01563279661212478,2,3,3,0,mixed
204,BLOC1S3,-0.012036371457213,1957,0.0215792072376979,993,-0.0205586838574185,1065,0.0055599997554165,2463,0.0183676673169684,1336,0.00258236379909026,0.018494172668746273,0.015620385924942859,3,2,3,0,mixed
2334,SLC2A4,-0.0303841910221199,644,-0.0112564789630296,1861,-0.0215589525216724,983,0.0086472179627981,2192,0.0062484124057394,2357,-0.009660798427656879,0.017043017054902368,0.01561905057507188,2,3,3,0,mixed
2630,TPSB2,0.0018676424249294,2771,-0.0196419383789805,1135,-0.0240733045922065,812,-0.0239950613300206,1096,0.0084485253457582,2169,-0.011478827306104,0.015468847667431375,0.01560529441437904,2,3,3,0,mixed
541,CRTAM,0.0277430473861008,789,-0.0277900259475766,569,0.0024240105511762,2698,-0.0159161803107503,1677,0.0041416894544291,2547,-0.00187949177332416,0.021217056747920453,0.0156029907300066,3,2,3,0,mixed
1066,HLF,0.0254172904460734,934,-0.0154876945907324,1484,0.0126809885720397,1733,-0.0029672421320646,2670,-0.0214373137034978,1110,-0.0003587942816363411,0.019457865289709046,0.01559810588888158,2,3,3,0,mixed
1498,LOC101928437,-0.0247871265459746,972,0.0144304419256533,1567,-0.0004653215158699,2876,0.0366495601692013,453,0.0015587365684888,2765,0.005477258120299781,0.02246371495541668,0.01557823734503758,3,2,3,0,mixed
2591,TMIE,0.013696971767348,1807,-0.0165998110892164,1390,-0.029851111579932,494,0.0101052035535954,2086,0.0076217027553503,2242,-0.0030054089185709404,0.01916567703123303,0.015574960149088421,3,2,3,0,mixed
986,GREM1,0.0251178688131383,953,0.0147368489114664,1542,-0.030246625052784,471,-0.0003862959253211,2887,-0.0073037688224623,2265,0.0003836055848074605,0.021305509111304577,0.015558281505034419,2,3,3,0,mixed
2234,SCYL3,-0.0339895420986817,457,-0.0278984740031192,561,0.0022394277472379,2715,0.0005192751096437,2880,0.0131055143070915,1747,-0.009204759787565558,0.02053664406965527,0.0155504466531548,3,2,3,0,mixed
2167,RNASE1,-0.0019702724278847,2758,0.0222243248316976,944,0.0364688791357826,269,-0.0158985413587065,1678,0.0011850758636979,2799,0.00840189320891738,0.020790567018194653,0.01554941872355386,3,2,3,0,mixed
488,CMC1,0.0306289343128251,632,0.0058243007432425,2326,0.0098550298808105,1991,-0.0141206002411049,1801,-0.017289883933679,1409,0.0029795561524188384,0.019513574592580775,0.015543749822332401,3,2,3,0,mixed
539,CRISPLD2,-0.0020292336617471,2754,-0.0049679755059188,2409,0.0162730389231375,1407,0.0332981015507782,605,0.0211408693603699,1134,0.012742960133323938,0.016104309400561644,0.015541843800390299,3,2,3,0,mixed
2062,PRSS27,-0.0244785016292926,996,0.0235464488380105,844,-0.0008805762410016,2842,0.015974155863102,1675,-0.012821380633311,1771,0.0002680292395014598,0.01983437652113952,0.015540212640943537,2,3,3,0,mixed
2703,UBE2E1-AS1,-0.0124870881946023,1918,-0.0268827758007422,628,0.0020447429749692,2735,0.0214426036930882,1271,-0.0147798607072579,1608,-0.0061324756069090006,0.018526907664830016,0.01552741427413196,2,3,3,0,mixed
1535,LOC105375304,-0.0011536162689088,2830,-0.0245042899867386,781,0.0090494571483452,2079,0.0050548936502649,2504,0.0378384493504572,297,0.00525697877868398,0.02237635360483662,0.01552014128094294,3,2,3,0,mixed
1250,KIF5A,-0.0097846198446046,2122,-0.0191833109374648,1180,0.0124333266396603,1747,-0.0157819386842621,1689,0.0203720593240412,1188,-0.002388896700526,0.017705098614964814,0.015511051086006599,2,3,3,0,mixed
800,FANK1,0.0309687181690712,611,-0.0105583618111341,1924,0.0168449664904044,1360,-0.0135879573126731,1851,-0.0054933834910751,2419,0.00363479640891866,0.019384559104301455,0.01549067745487158,2,3,3,0,mixed
1177,ISM1,-0.0194246180290368,1369,-0.0073770617990292,2187,0.0056723607661073,2377,-0.0310517081182456,714,0.0139034268036787,1683,-0.00765552007530512,0.018223552197983543,0.015485835103219523,2,3,3,0,mixed
2252,SELL,-0.0163859167500025,1607,0.0095183566493233,2012,0.0299612035233787,485,-0.0129919129258787,1892,-0.0085413025973189,2161,0.0003120855799003796,0.019352181802691666,0.01547973848918042,2,3,3,0,mixed
574,CYP1B1,0.0201827187672062,1317,0.0091085213979329,2043,-0.0019847425254062,2743,0.0310627207771555,713,-0.0150430087589221,1585,0.00866524193159326,0.018096955183954423,0.015476342445324582,3,2,3,0,mixed
2800,ZC3H12D,0.0131994188848036,1850,-0.0167204080392938,1385,0.0043806687240441,2500,-0.027637652668982,880,0.0153989250050982,1553,-0.0022758096188659803,0.019026673064569913,0.01546741466444434,3,2,3,0,mixed
806,FBLN5,0.0283312710267446,754,-0.0049312875872545,2410,0.0254363590061234,730,0.0075814864585163,2281,-0.0110376035058336,1933,0.009076045079659239,0.017616906165528086,0.015463601516894483,3,2,3,0,mixed
2488,TAF1A-AS1,0.0028110273558063,2691,0.014451304579349,1565,0.0121224113620147,1785,-0.0353584168381134,499,-0.0124778867279752,1801,-0.0036903120537837204,0.020624731630330136,0.01544420937265172,3,2,3,0,mixed
1527,LOC105371083,0.0186469499915179,1433,-0.0227954755881014,900,0.0108092604959629,1911,0.020962085351229,1313,-0.0038387903001971,2579,0.0047568059900822595,0.01820159251856939,0.015410512345401658,3,2,3,0,mixed
392,CD48,-0.033948735848809,460,0.0218823518447458,967,0.0017429791091353,2773,-0.0035111162265993,2631,-0.0159309881105034,1513,-0.005953101846406121,0.02075643981713634,0.01540323422795856,2,3,3,0,mixed
2176,RNF165,0.0193202610096397,1378,-0.0045617963339972,2440,-0.0195688958412745,1141,0.0277651066053518,877,-0.0057972838547968,2391,0.003431478316984601,0.019510629048162986,0.015402668729012003,2,3,3,0,mixed
770,FAM177A1,0.0091671253847173,2168,-0.0251593596178675,738,0.0210921300127224,1020,-0.0065070094751094,2376,-0.0150447341981262,1584,-0.0032903695787326803,0.0185503372762605,0.01539407173770856,2,3,3,0,mixed
379,CD226,0.0182034766608457,1468,-0.0168505185418099,1379,0.018060062130862,1264,0.0200910530278684,1372,-0.0037609023067425,2584,0.007148634194204739,0.0166113840901138,0.015393202533625703,3,2,3,0,mixed
44,AFAP1,0.0086398909843259,2213,0.006983008174639,2215,-0.0380604759553591,233,-0.008812232905207,2176,-0.0144231590480492,1635,-0.00913459374993008,0.018976886600258005,0.015383753413516037,2,3,3,0,mixed
2712,UGT2B10,-0.0055960502556528,2459,-0.0186868120216684,1222,0.0038106780802343,2551,0.013845921273534,1829,0.0348627683054219,390,0.005647301076373799,0.02026509370828635,0.015360445987302278,3,2,3,0,mixed
294,CADM1,-0.0030322913211183,2676,0.0054658067299447,2360,-0.0096288768092586,2023,-0.0233068356249595,1137,0.035357519010128,373,0.0009710643969472604,0.0219113726724187,0.015358265899081819,2,3,3,0,mixed
1829,NR2C2,0.0374057135025606,325,0.0212943508950141,1014,0.000190970869506,2899,-0.010160545198099,2081,-0.0077034010801531,2230,0.00820541779776572,0.02048540891276945,0.015350996309066561,3,2,3,0,mixed
1886,PACSIN1,-0.0246812530426407,982,-0.0105085765333558,1929,0.007284874147189,2239,0.0293902024747614,795,-0.0048554946641017,2470,-0.0006740495236295595,0.020357749998414023,0.015344080172409721,2,3,3,0,mixed
557,CX3CR1,0.0313173410765799,593,0.018815194937645,1211,-0.0004874675229518,2873,0.0243457931738681,1077,-0.0017470769080335,2749,0.014448756951421542,0.01489095424255476,0.015342574723815661,3,2,3,0,mixed
1938,PEG10,-0.0039394728231955,2596,-0.0176222005952958,1311,0.0183298608907415,1242,0.020208286829504,1364,0.0165995169686243,1454,0.006715198254075699,0.016736894742132715,0.01533986762147222,3,2,3,0,mixed
429,CEP104,0.0334040488915696,485,0.0126105887421083,1726,-0.0143845191488443,1576,0.0029648930443982,2673,-0.0133216599492492,1721,0.004254670315996521,0.01985899002338406,0.015337141955233918,3,2,3,0,mixed
391,CD47,0.0333310980912239,490,-0.0189832511603177,1194,0.0096792029520632,2014,0.0016960185403697,2789,-0.012898724495341,1767,0.0025648687855996206,0.020623855770860313,0.015317659047863103,3,2,3,0,mixed
1146,IL21R,0.00928024255984,2159,-0.0023903407356053,2674,0.0155658274436311,1474,0.0069634040549828,2332,-0.0422906321569731,181,-0.002574299766824901,0.02311916457524278,0.01529808939020646,3,2,3,0,mixed
852,FLJ32255,0.0101709772867767,2094,-0.0265266701095585,654,-0.031454673979932,420,0.0055606132345246,2462,0.0027294819112655,2662,-0.00790405433138474,0.019509674766213875,0.01528848330441146,3,2,3,0,mixed
2516,TCL6,0.0153527566347561,1677,-0.0008234433362703,2826,-0.0181766439850131,1255,0.0038787728300054,2598,-0.0381464226684412,288,-0.00758299610499262,0.020913278516271037,0.015275607890897219,2,3,3,0,mixed
2812,ZFP1,0.0261123198837513,886,-0.0226814156603012,912,-0.0080061272742143,2172,-0.0183617849143307,1503,0.0012010396451039,2797,-0.0043471936639982,0.019393975338396662,0.015272537475540282,2,3,3,0,mixed
2057,PRRG1,0.0049957674529266,2504,-0.0143808494915976,1572,0.0197842425140426,1123,-0.0154399153548996,1715,-0.0217547583822167,1088,-0.005359102652348939,0.017257196822204203,0.01527110663913662,2,3,3,0,mixed
936,GIMAP1,0.0018779309201254,2769,0.0186181289402625,1228,-0.0107322625829101,1920,-0.0369122629367672,440,0.008191656359313,2195,-0.003791361859995279,0.021348823592768008,0.015266448347875642,3,2,3,0,mixed
2716,USP28,-0.0101528122955091,2096,0.0143032575144902,1579,-0.0116310533986805,1835,0.0176110800647779,1562,0.0225755861523209,1027,0.00654121160747988,0.016192700214111542,0.01525475788515572,3,2,3,0,mixed
2254,SEMA3A,-0.0013954218671929,2806,-0.0271834448710147,606,0.0054708091124882,2395,0.0345674381854897,545,-0.0075575163442691,2249,0.0007803728431002397,0.02247106782464133,0.015234926076090921,2,3,3,0,mixed
278,C7orf72,-0.0282215023747979,760,-0.0038627735342837,2519,0.0187970170901296,1197,0.0190401110273027,1458,0.0062312245997008,2358,0.002396815361610301,0.019604415546696268,0.015230525725242939,3,2,3,0,mixed
2650,TRIM13,0.0102260435570679,2091,0.0119480128185549,1798,0.0091801583838864,2068,-0.0141744863032775,1797,-0.0306198132905808,581,-0.0026880169668698196,0.01893385946484216,0.0152297028706735,3,2,3,0,mixed
357,CCND2-AS1,-0.0157638441002391,1645,-0.0034662857989719,2553,0.0114603716913478,1850,0.0046895403576943,2543,-0.0406277114264866,226,-0.008741585855331099,0.02050841379501553,0.015201550674947939,2,3,3,0,mixed
651,DSTYK,0.0242761940179187,1012,-0.0084338906960955,2100,-0.0072212583172894,2245,-0.0291304141194432,807,0.0069420591952064,2296,-0.0027134619839406003,0.01982781829212994,0.015200763269190638,2,3,3,0,mixed
2864,ZNF485,-0.0134181661048887,1828,0.0210048940995304,1036,0.0139150204543,1617,-0.026919676259646,929,-0.000673447389385,2856,-0.0012182750400178597,0.019574103318793584,0.01518624086155002,2,3,3,0,mixed
1693,MMP1,-0.0142236190615959,1769,0.0347853574414072,293,-0.0008425972606601,2846,0.0189009931948327,1470,-0.0070686099138809,2283,0.006310304880020599,0.020131787384328283,0.01516423537447536,2,3,3,0,mixed
237,C16orf47,-0.0198343183958084,1337,-0.0085988897704345,2081,0.0061827579815303,2335,0.0194751835878301,1424,0.0216887701755337,1091,0.003782700715730241,0.01791444244004987,0.0151559839822274,3,2,3,0,mixed
943,GIPC2,-0.0094918709568067,2142,0.0026976352527055,2639,0.0012554444337468,2810,-0.0478056265052108,138,0.0145059671918574,1630,-0.00776769011674156,0.023942978886940268,0.015151308868065438,3,2,3,0,mixed
1716,MS4A10,0.0090077556619059,2178,-0.0306746847535553,453,0.0096356839994332,2020,-0.0165349546327034,1635,-0.0098399807843336,2039,-0.007681236101850638,0.017249241716748555,0.015138611966386278,2,3,3,0,mixed
106,APBA2,-0.0135184094675406,1818,-0.0114141191501024,1846,0.0241559328796829,806,0.0231501732272035,1150,-0.0034337759206515,2608,0.0037879603137183798,0.01852374641253639,0.01513448212903618,2,3,3,0,mixed
2400,SNORD98,-0.0135447503308929,1817,0.008734591010129,2072,0.0150383275639723,1518,0.0196171512274586,1413,-0.0187146380020697,1314,0.00222613629371946,0.017293037048189335,0.015129891626904502,3,2,3,0,mixed
1521,LOC105369781,0.0228721914595163,1107,-0.0155334180304481,1477,-0.0110806322428742,1886,-0.0134387071649172,1864,0.0126777186489213,1788,-0.0009005694659603804,0.017496234611779665,0.015120533509335421,2,3,3,0,mixed
217,BTBD9,-0.0241517721035809,1023,-0.0136324637955593,1647,0.0157512730028292,1454,0.0149699422780984,1750,0.0070965810427678,2279,6.712084911039869e-06,0.017970219636498252,0.015120406444567119,3,2,3,0,mixed
594,DDX60,-0.0242932995503335,1010,0.002621691274037,2649,-0.020759625945452,1052,0.0191272465531267,1449,0.0087818256846455,2133,-0.0029044323967952596,0.0188996899636972,0.01511673780151894,3,2,3,0,mixed
265,C3orf14,0.0075090623158037,2300,0.0134049543638447,1667,-0.0004511430334743,2878,-0.0458575388995889,169,-0.0083043196230317,2185,-0.0067397969752893,0.02335076888661388,0.015105403647148661,2,3,3,0,mixed
1821,NOS2P3,-0.0024808754886378,2724,0.0318163529121483,406,-0.0091750287200271,2070,0.0192594902653543,1436,-0.0127147303256137,1782,0.005341041728644801,0.019316928499586484,0.01508929554235624,2,3,3,0,mixed
753,F5,-0.0174647215009077,1530,-0.027032841838126,614,0.0133695035622355,1668,-0.0079655704958069,2245,0.0096063187774315,2062,-0.005897462299034721,0.01729426224492284,0.015087791234901518,2,3,3,0,mixed
1573,LRRC38,0.0403608691399903,241,-0.0021294451650274,2694,0.01281378537333,1720,-0.000732170444948,2862,-0.0193869242702867,1258,0.00618522292661164,0.02226449742865826,0.01508463887871648,2,3,3,0,mixed
14,ABHD5,-0.0031078646833485,2670,-0.0192653482129738,1168,0.0208304744994903,1043,-0.0082942895982961,2222,0.0239088748549428,948,0.00281436937196294,0.018811879853509836,0.015081370369810299,2,3,3,0,mixed
1786,NECTIN3,-0.0228886970353658,1106,0.0056630005627937,2346,0.0005572825772256,2870,-0.0354826167694684,492,-0.0107720298016066,1955,-0.0125846120932843,0.016877966423604753,0.015072725349292021,2,3,3,0,mixed
603,DGKE,-0.007749756139914,2280,-0.0026110367194059,2650,-0.0168408597957446,1361,0.005364585119605,2473,0.0427133736091384,168,0.00417526121473578,0.023002922744518203,0.01505592227676158,2,3,3,0,mixed
2567,TLR8,-0.0055904739709744,2460,0.0304074804373623,467,0.0142358577858724,1592,0.0224634322609636,1196,-0.0025490642897878,2680,0.01179344644468722,0.015606124880524798,0.015049261748992099,3,2,3,0,mixed
2351,SLC47A2,-0.0181857815544342,1469,0.0273971773102725,590,0.0104940408756334,1934,-0.0027547786633095,2685,-0.0163773057851884,1482,0.0001146704365947604,0.01915197165395655,0.0150418168377676,2,3,3,0,mixed
331,CCDC152,-0.0137629248957594,1801,-0.0379265028738236,218,0.0152320028628133,1503,0.0053094352865434,2478,-0.0029539566842095,2643,-0.00682038926088716,0.020397175343299805,0.01503696452062984,2,3,3,0,mixed
445,CFAP45,-0.0181696203390532,1470,0.0054412063014766,2364,-0.0216205924603359,978,-0.0021598305214478,2743,0.0277676605875268,731,-0.0017482352863666998,0.019922462554359817,0.015031782041968061,2,3,3,0,mixed
131,ARHGAP8,0.0182268693047355,1464,-0.0044244054285436,2453,-0.0084297836218992,2130,0.0136981737471478,1844,0.0303626778220117,602,0.00988670636469044,0.016152807300763183,0.01502838198486756,3,2,3,0,mixed
319,CAV1,-0.0225610618334428,1130,-0.0019796886000907,2716,-0.0243365409371758,798,0.016103602619997,1668,0.0100725189302368,2018,-0.0045402339640951,0.01845874410334931,0.015010682584188622,2,3,3,0,mixed
2637,TRANK1,-0.0002966758259735,2890,0.0302530920489006,472,0.0042099697523464,2511,0.0171876362542406,1596,-0.0230974648185847,985,0.00565131148218588,0.020014260878752528,0.01500896774000916,3,2,3,0,mixed
971,GPR18,0.0089234697026992,2185,-0.0098065447788274,1991,-0.0088717045576399,2091,0.0226228908082848,1185,0.0247798332556539,893,0.00752958888603412,0.016559480324955335,0.01500088862062104,3,2,3,0,mixed
2069,PTCH1,-0.0027385401599401,2697,0.027483200179021,584,0.0099394080955074,1987,-0.0124659157532752,1926,-0.0223110839314983,1048,-1.8586314037041114e-05,0.019460212756336658,0.0149876296238484,2,3,3,0,mixed
863,FMO2,-0.0029427305418621,2682,0.0074511915386536,2180,0.0036114173806488,2578,0.0334710760020318,595,-0.0274480494963712,748,0.00282858097662018,0.0218570712360297,0.0149848929919135,3,2,3,0,mixed
2797,ZC2HC1A,0.043079310817138,173,0.0006985148741507,2842,-0.0208415074918412,1042,-0.0017036296095056,2788,0.0085656320533454,2158,0.0059596641286574605,0.023395340357265135,0.01497771896919618,3,2,3,0,mixed
37,ADARB2-AS1,-0.0043502326341097,2556,-0.0384330799968001,207,0.0034497609141221,2593,-0.0157656536051379,1692,0.0127852663433633,1776,-0.008462787795712459,0.01976013660800167,0.014956798698706619,2,3,3,0,mixed
2564,TLR3,0.0341219578181015,454,0.0118067062287207,1814,0.0058652258085461,2364,-0.0026544314712732,2695,-0.0203209870785901,1192,0.005763694261101,0.019949905110698607,0.01495386168104632,3,2,3,0,mixed
2353,SLC4A10,-0.012656083703647,1901,-0.0019810267014562,2715,0.0119647483076882,1806,-0.0281535403889535,860,0.0199857134082126,1214,-0.002168037815631179,0.019208102200565912,0.014948222501991501,2,3,3,0,mixed
2241,SDS,0.0003869227090419,2885,-0.0267210122005007,640,0.0096425710311355,2019,0.0349161342384115,530,-0.0030677856873004,2634,0.0030313660181575594,0.022303268918425097,0.014946885173278001,3,2,3,0,mixed
281,C9orf47,-0.0102818364701968,2086,0.0083920786372749,2103,0.0142800274393164,1587,0.0177911969787861,1548,-0.0239278340954151,945,0.0012507264979530995,0.017757453922888064,0.01493459472419786,3,2,3,0,mixed
688,EIF5A2,-0.0162173691639644,1615,-0.002762806369816,2630,-0.0247095527113528,776,0.0124537747583271,1929,0.0185195431909604,1327,-0.0025432820591691405,0.018350250164528115,0.01493260923888414,2,3,3,0,mixed
1078,HPGD,0.0273048133943584,812,-0.0183434719826454,1258,-0.0033933587465092,2601,0.0189134453279753,1466,0.0067038576025804,2314,0.0062370571191519,0.01803958422368369,0.01493178941081374,3,2,3,0,mixed
1369,LINC00861,0.0359532805915125,385,-0.0093909544020899,2023,-0.0143317693364024,1582,-0.0020655250011006,2754,0.0128208535441856,1772,0.00459717707922104,0.020305162618340793,0.0149124765750582,2,3,3,0,mixed
2282,SGCD,-0.0075301732915773,2298,0.0136910602905883,1638,0.0358303697341747,288,0.0124414186852213,1931,-0.0050099754262035,2454,0.0098845399984407,0.017459468310472948,0.01490059948555302,3,2,3,0,mixed
1394,LINC01359,-0.0235997593402458,1058,0.0056151553387171,2352,0.0274398165091433,615,0.0050707749941149,2503,-0.012748975833104,1778,0.0003554023337250994,0.019551468807936272,0.01489489640306502,3,2,3,0,mixed
2066,PRUNE1,0.0217228149354127,1196,-0.0010674662976858,2805,-0.0044079313335541,2497,-0.0156446160947753,1699,0.0316069661834903,537,0.00644195347857756,0.01954936400904532,0.014889958968983642,2,3,3,0,mixed
219,BTLA,-0.0021836031030976,2744,0.0057759747562529,2331,0.0197937932019817,1121,0.0286955632999027,835,-0.017983460466998,1364,0.006819653537608339,0.01833184447772017,0.01488647896564658,3,2,3,0,mixed
2499,TBC1D32,0.0315850702430593,584,-0.0012171066660907,2794,0.0081322761900182,2159,-0.0273662726320174,901,-0.0060157441368907,2374,0.0010236445996157396,0.021477283003706476,0.014863293973615258,2,3,3,0,mixed
2774,XIRP2,-0.003259516865909,2656,0.0239157330440904,821,-0.022726588326071,894,0.0031854465077881,2650,0.0212168144301849,1128,0.0044663777580166795,0.019102631931296802,0.014860819834808681,3,2,3,0,mixed
125,ARG1,-0.0362402542796249,375,0.0041969697372197,2478,-0.0321391188062654,392,0.0012788901528378,2814,-0.0003649073947779,2886,-0.012653684118122139,0.01978056907355017,0.014844028074145144,2,3,3,0,mixed
2348,SLC43A2,-0.0240910193659918,1026,0.0291155991065001,517,0.0021111519519717,2726,0.0089362742130861,2165,-0.0099258121874631,2029,0.0012292387436205997,0.020021088213028684,0.01483597136500256,3,2,3,0,mixed
2584,TMEM25,0.0294475035423171,686,-0.0040385152335367,2498,0.0072342968891246,2243,0.0212051820285505,1289,-0.012247858585561,1820,0.0083201217281789,0.017243460924242938,0.01483467125581798,3,2,3,0,mixed
1256,KIR2DS5,-0.0148875330986245,1715,0.0005509084956356,2861,0.0403619568173772,178,-0.0151365599098739,1737,-0.0032155023558143,2627,0.0015346539897400195,0.022796429473852638,0.014830492135465102,2,3,3,0,mixed
1260,KISS1R,0.0054072849724247,2467,-0.0196595493356934,1132,-0.0142434746344439,1591,0.0156581137876728,1698,0.0191205405088769,1281,0.00125658305976742,0.017474908957748954,0.014817792647822339,3,2,3,0,mixed
1207,KAT2B,0.0049133215345688,2511,0.0067121818822198,2242,-0.0070414169984973,2256,-0.0181370218844752,1528,0.0372670357159514,315,0.0047428200499535,0.02076106615295508,0.0148141956031425,3,2,3,0,mixed
2462,STXBP6,-0.0091882607625639,2166,0.0252773031025612,727,-0.0084286057216252,2132,0.0205635272870329,1338,-0.0106048995694563,1973,0.003523812867189739,0.017801993189936454,0.014812519288647899,2,3,3,0,mixed
2373,SLIT1,0.0039608232554857,2595,-0.0184964889210369,1243,-0.0226579991130819,903,0.0030246001161341,2665,0.0258714687178307,837,-0.0016595191889336614,0.019595307007442324,0.014802276024713859,3,2,3,0,mixed
1577,LRRN3,-0.0133124133836742,1838,-0.0216091634813135,986,0.0080944031842411,2162,0.0096066577022324,2126,-0.0213252962418237,1119,-0.00770916244406758,0.015488672178670648,0.014789586798656981,2,3,3,0,mixed
2454,STAT4,0.0029739457094332,2679,0.0179144368707487,1287,-0.0245654178329312,782,-0.006599758567166,2367,-0.0218768894714783,1079,-0.00643073665827872,0.017667869078051696,0.014786089690351481,2,3,3,0,mixed
1748,MX1,-0.0180397288732671,1476,-0.0039934051718622,2505,-0.000748906138528,2855,0.0034786745556902,2635,0.0476177832439299,92,0.005662883523192561,0.024805005401309817,0.014775699596655478,2,3,3,0,mixed
220,BTNL10,-0.0195270592469961,1358,-0.0067422606001256,2240,0.0136214235512927,1650,-0.0145015056643645,1781,0.0194058913157251,1254,-0.0015487021288936795,0.017227864009146235,0.014759628075700798,2,3,3,0,mixed
1605,MAL2,0.006260118437673,2406,0.006822403318108,2231,0.018724028120021,1203,-0.0167618286834806,1622,-0.0252135383307634,870,-0.0020337634276883995,0.01825050647585003,0.0147563833780092,3,2,3,0,mixed
2275,SETBP1,0.0195616571959213,1354,-0.0083258078992864,2107,0.0304051938777635,463,-0.002325067297871,2724,0.0131592036970512,1739,0.01049503591471572,0.01584530695344206,0.014755385993578679,3,2,3,0,mixed
2526,TDRG1,-0.0251589486863836,950,0.0105679015538863,1923,0.0029422862338483,2645,-0.0068180409699108,2344,0.0282729297199528,712,0.0019612255702786004,0.01987411947400317,0.014752021432796358,3,2,3,0,mixed
1294,KRT77,-0.0234066637525919,1076,0.0003449482953046,2888,-0.0430013805660517,119,0.0024979485925081,2712,-0.0045034958791086,2509,-0.0136137286619879,0.019345301818739793,0.014750887417112979,2,3,3,0,mixed
1785,NEBL,-0.0290417260567123,713,0.0068433178145561,2227,-0.0122280041948278,1770,0.0161294651160269,1665,0.0094258522122409,2078,-0.001774219021743239,0.018527304221225945,0.0147336730788728,3,2,3,0,mixed
2886,ZNF621,0.0145269534940755,1746,0.0038742667213497,2518,0.0207989935952846,1047,-0.0100531399908823,2092,-0.0243544223712773,914,0.0009585302897100398,0.018359262418172408,0.01472155523457388,3,2,3,0,mixed
41,ADGRG6,0.0172181742429586,1554,-0.0183860695475597,1256,0.0118031635011228,1824,0.008530263560918,2200,-0.0176488551914164,1388,0.00030333531320465986,0.01701187210985279,0.014717305208795101,3,2,3,0,mixed
2753,WDR44,0.0174843473362059,1527,0.0148121717884503,1532,0.0197033519468366,1132,-0.0139425172940987,1822,-0.0075975784256435,2245,0.00609195507035012,0.015651535997616855,0.014707993358247,3,2,3,0,mixed
975,GPR65,-0.0077540273619657,2278,0.0198705684407331,1114,0.012877934638029,1714,0.0216332723522073,1259,-0.0113344618920102,1903,0.007058657235398701,0.015557561828908911,0.01469405293698906,3,2,3,0,mixed
1211,KCNA3,-0.0019490565723047,2760,-0.051277366669711,52,0.0076667989924346,2201,0.0118158029483101,1977,0.0007599677019508,2841,-0.00659677071986404,0.025566339156503484,0.014693798576942241,3,2,3,0,mixed
1195,JADE2,0.0337065347418311,471,0.0163155775909942,1408,-0.0193054832161887,1162,0.0007473301032525,2860,-0.0033139990653575,2617,0.00562999203090632,0.020174781779418564,0.0146777849435248,3,2,3,0,mixed
389,CD3G,-0.0176733910080485,1506,0.0033401529463325,2570,0.0065541304855132,2302,-0.0349265047840334,528,-0.0107364047205242,1961,-0.01068840341615208,0.01681058656523726,0.01464611678889036,2,3,3,0,mixed
2455,STEAP3-AS1,-0.0287758788851692,729,-0.0092954932069673,2030,0.010401879223139,1946,0.0048849221668128,2523,-0.0196758439347186,1243,-0.00849208292738066,0.016378953170449753,0.01460680348336138,2,3,3,0,mixed
1653,MGARP,0.0009079159056276,2849,-0.0217081149901918,980,-0.0085045638570246,2126,0.0196101957478728,1414,0.0222977093890636,1050,0.0025206284390695195,0.01867065850972512,0.01460569997795608,3,2,3,0,mixed
315,CASP12,-0.0224165380982654,1144,0.0142452713925797,1586,0.0206514171506824,1059,0.004409098012008,2557,-0.0112984049655098,1905,0.00111816869829898,0.01783782891459611,0.01460414592380906,3,2,3,0,mixed
2419,SPATA13-AS1,0.0219220567124991,1177,-0.0234218299341565,854,-0.0018490936315364,2756,-0.0148936378309974,1755,0.0109278811740444,1943,-0.0014629247020293598,0.018460201289562616,0.014602899856646761,2,3,3,0,mixed
1630,MATN1,-0.0051098864322091,2495,0.0258669503187526,694,-0.004819570604708,2461,0.0198947266508075,1391,-0.0173052492255402,1406,0.003705394141420561,0.01833753247787646,0.01459927664640348,2,3,3,0,mixed
377,CD207,0.0239859911833489,1032,-0.0051471416392519,2390,0.0103481236717435,1952,-0.0258342950916229,988,0.0076626331189231,2237,0.00220306224862814,0.01878006813397868,0.01459563694097806,3,2,3,0,mixed
568,CXCR5,0.0103040880180474,2081,-0.0283992713450964,544,0.0142640487840184,1590,-0.013923296145582,1824,0.0060667442585753,2370,-0.00233753728600746,0.01816245501830698,0.014591489710263899,3,2,3,0,mixed
1549,LOC400553,-0.0100912330162182,2103,0.0152948272258662,1500,-0.0116817310731141,1831,-0.0193283086573053,1432,0.0165410020539363,1464,-0.0018530886933670206,0.016600046238597004,0.01458742040528802,2,3,3,0,mixed
2226,SCIMP,-0.0189658553189758,1407,-0.0111039618599046,1875,0.0053225566215336,2409,-0.0286298550854218,840,0.0089068709664455,2122,-0.00889404893526462,0.015928054387359458,0.014585819970456262,2,3,3,0,mixed
1922,PDE12,-0.0058914539810987,2442,0.0306215252594446,456,0.0138140577949341,1630,-0.0115480322419849,1995,-0.0110360765245735,1934,0.003192004061344321,0.018489340280739865,0.014582229160407162,2,3,3,0,mixed
92,ANKRD22,-0.0099234442982025,2111,0.0118923640989436,1804,0.0098327914133231,1994,-0.0305503062764703,741,0.0106691680246028,1967,-0.0016158854075606602,0.018511373458301256,0.01457361482230846,3,2,3,0,mixed
860,FMN1,-0.006399122788194,2399,0.0155321595356567,1478,0.0244852460725422,785,0.0146081823109523,1777,-0.011842398506196,1854,0.0072768133249522405,0.015577269975119027,0.014573421842708243,3,2,3,0,mixed
1822,NOXO1,-0.002814557541121,2690,-0.0142823220449005,1582,0.0129519736561222,1704,0.0053469814742405,2474,-0.0374400141451338,310,-0.00724758772015852,0.019668294982039897,0.014567169772303601,2,3,3,0,mixed
2355,SLC4A4,-0.0269846474144378,835,-0.0328832023874352,366,0.0116690044112627,1833,-0.0006248352267774,2868,0.0006575414118135,2858,-0.00963322784111484,0.019251423621769757,0.014563846170345321,2,3,3,0,mixed
2047,PRKXP1,0.0172466387899675,1551,0.0144837836012817,1563,-0.0209473112550771,1035,-0.0021899291503276,2740,-0.017933467780352,1370,-0.0018680571589015,0.017712800839683785,0.01456022611540118,2,3,3,0,mixed
2127,RBPJ,-0.0103073759637785,2079,-0.0118099505797839,1813,0.0067936772039466,2280,-0.0171560857650097,1598,0.0266346395674623,788,-0.0011690191074326395,0.017949744129125658,0.0145403458159962,2,3,3,0,mixed
1082,HRASLS2,0.0236580072923123,1053,0.0076095673155304,2170,-0.0194656154564066,1150,0.0098309599032795,2114,-0.0120300189848618,1837,0.0019205800139707602,0.01746026202778105,0.014518833790478119,3,2,3,0,mixed
642,DOK7,0.0332880996918435,492,-0.0057751020048318,2332,-0.0037195076547103,2561,0.0145717919893496,1779,0.0151667145584395,1574,0.0107063993160181,0.01600402716632334,0.014504243179834939,3,2,3,0,mixed
2110,RASD1,-0.0198303701953754,1339,0.0172785201212946,1345,0.0244276002346585,791,0.0010703738312245,2833,-0.0097563022980466,2045,0.0026379643387511205,0.01837141358400824,0.014472633336119919,3,2,3,0,mixed
1103,IFI44L,-0.0363406756017413,372,-0.0108525775212006,1897,-0.0104862932896877,1936,0.0056372911933142,2450,0.0090276859277797,2113,-0.008602913858307139,0.017969509035749957,0.0144689047067447,2,3,3,0,mixed
2006,POP3,0.0277433109090051,788,-0.0158943271450682,1445,0.0061475719837456,2337,-0.0016458696152637,2795,-0.020889074233868,1155,-0.0009076776202898394,0.01933298019389489,0.014464030777390119,2,3,3,0,mixed
739,ETS1,-0.0044669998499681,2551,-0.0117169205200128,1820,0.0302105049200702,476,0.0237228680665285,1112,0.0021866506643666,2715,0.007987220656196881,0.018155525075259457,0.01446078880418924,3,2,3,0,mixed
1148,IL23A,0.031626806283369,580,0.0180820727654328,1277,-0.0063357247799742,2323,-0.0077397198845596,2263,0.0084812061072938,2166,0.008822928098312362,0.016658117086375872,0.01445310596412588,3,2,3,0,mixed
1775,NCAM1,0.0027057221796923,2702,0.0137053188287267,1636,-0.0173825374786698,1322,-0.0138482052082687,1828,0.0245467790282472,906,0.0019454154699455398,0.017837483337809244,0.01443771254472094,3,2,3,0,mixed
235,C15orf53,0.0108024655431098,2048,-0.0142703187171339,1583,-0.0208670302252314,1039,0.0124540015848457,1928,0.0137934757766863,1691,0.0003825187924553004,0.016586129256579436,0.014437458369401421,3,2,3,0,mixed
52,AGTR1,-0.0115901763218432,1989,0.0129941005499115,1699,-0.0086624000384962,2109,0.0180955307831951,1531,0.020818637198651,1159,0.0063311384342836395,0.015318806501028917,0.0144321689784194,3,2,3,0,mixed
2135,REM2,-0.0255425480087802,925,0.0173145688826662,1344,0.013061081163031,1690,-0.0066659443632708,2359,-0.0095601522451501,2070,-0.00227859891430078,0.017554765418997517,0.01442885893257966,2,3,3,0,mixed
2242,SEC11C,-0.010993176741009,2033,0.0141119949017889,1598,0.016649142723183,1377,0.0083571262082751,2215,-0.0219648262658575,1072,0.0012320521652760992,0.016895988259381493,0.014415253368022699,3,2,3,0,mixed
68,ALG2,-0.0186781330916069,1431,0.007173558971322,2200,-0.0140785548192847,1606,0.0281941303571856,857,-0.0038731260137592,2574,-0.0002524249192286402,0.01876252788085613,0.01439950065063168,2,3,3,0,mixed
251,C1orf146,0.0104628612817174,2070,-0.0027064103103891,2637,0.0323631805484222,382,-0.0150121793342111,1745,-0.0114048170582378,1900,0.0027405270254603205,0.019248730586628363,0.014389889706595521,2,3,3,0,mixed
954,GNAO1,-0.0134851169641075,1822,0.0253080496864994,724,0.0087149924805893,2103,-0.0227996069991393,1175,-0.0016411442879227,2758,-0.0007805652168161599,0.018826615973185256,0.014389782083651641,2,3,3,0,mixed
387,CD3D,0.0179292233725453,1485,-0.0062909010453625,2277,0.0262034632255603,679,-0.0167644145489571,1621,-0.0047230289655225,2483,0.003270868407652701,0.01801050852138832,0.014382206231589542,2,3,3,0,mixed
2901,ZNF8-ERVK3-1,-0.0145507746919757,1741,0.0164455019464295,1400,-0.0273199905007884,625,-0.0034040601569746,2639,0.0101126301595585,2014,-0.0037433386487501405,0.01783501788946402,0.01436659149114534,2,3,3,0,mixed
2478,SYT11,0.0235869582389128,1061,-0.0003675284244376,2884,0.0140995402677448,1604,-0.006358925617478,2390,-0.0272118594221286,760,0.00074963700852268,0.019579250252910067,0.014324962394140361,2,3,3,0,mixed
1327,LGR6,-0.026262643179304,873,-0.0175381094949698,1317,0.0063655221361673,2320,0.017760366403028,1552,0.00351843024681,2600,-0.003231286777653701,0.01812067519755613,0.014289014292055821,3,2,3,0,mixed
394,CD5L,0.0032310029506698,2659,0.0097514104594849,1998,-0.0256602042864675,715,-0.0034849631310432,2634,0.0292243348650411,672,0.0026123161715370193,0.01997536737752432,0.014270383138541298,3,2,3,0,mixed
559,CXCL12,-0.0152183542818932,1690,0.0080079390318677,2132,0.0094031875517464,2046,0.0144148764111944,1788,-0.024304405471651,919,-0.0015393513517471403,0.017108405135199227,0.014269752549670538,3,2,3,0,mixed
2052,PRPH,0.0087154302029619,2208,-0.0351746208348629,282,-0.0126050341334981,1740,0.0086568124401502,2191,-0.0061950176878061,2360,-0.007320486002611,0.01814848911899952,0.014269383059855843,2,3,3,0,mixed
1687,MKX,-0.0254042200630727,936,-0.002085060711484,2701,0.0059398202299212,2356,0.0230451039421323,1156,0.0148603517965864,1599,0.00327119903881664,0.018597086431828485,0.014266911348639319,3,2,3,0,mixed
796,FAM8A1,0.0204969871729241,1292,-0.0153941828054366,1492,0.0016008646219557,2783,-8.869449983105074e-05,2904,0.0337376823601433,440,0.00807053136995109,0.019184901679012104,0.01426368229205815,3,2,3,0,mixed
2615,TNIK,-0.0180185084035968,1478,0.0080630263244614,2128,0.0072085604162071,2246,-0.0230246771001053,1159,-0.0149652559553002,1591,-0.00814737094366676,0.014695566991245934,0.01425600563993416,2,3,3,0,mixed
1915,PCNX2,0.0169725575054876,1567,-0.0138168887128218,1622,0.0081102243202403,2160,0.0092937935610458,2148,-0.0230766056451156,988,-0.0005033837942327396,0.01704690009311253,0.014254013948942218,3,2,3,0,mixed
544,CRYGN,-0.028929556026602,719,0.0022976655778229,2680,0.0179082443450688,1278,0.0100004094557256,2098,-0.0120548072541983,1833,-0.0021556087804365997,0.018607774018357667,0.014238136531883518,3,2,3,0,mixed
615,DKFZP586I1420,-0.0128532057863002,1879,0.0010269832866773,2809,0.0160818441704103,1424,-0.0118049030482127,1980,0.0294201900872091,661,0.0043741817419567595,0.018262812603514374,0.01423742527576192,3,2,3,0,mixed
550,CTGF,0.0105553628892342,2067,0.0216287530259188,982,-0.0083116028153705,2141,0.0226550407495214,1182,-0.0079997834251228,2209,0.00770555408483622,0.015237051650333741,0.01423010858103354,3,2,3,0,mixed
553,CTSK,-0.0113533131091323,2002,-0.0213688757043926,1008,0.0017509816086934,2770,0.0064399471468292,2385,-0.030234595772516,610,-0.01095317116610366,0.015365028570013555,0.0142295426683127,2,3,3,0,mixed
1239,KIAA1324,-0.0300594677339857,658,-0.0057187583986184,2335,0.0084629603991654,2129,0.0115664184270603,1994,-0.0152649372596969,1566,-0.006202756913215061,0.017192490184236506,0.01421450844370534,2,3,3,0,mixed
1479,LOC101927190,-0.0066917755853024,2375,-0.0220003473676503,959,0.0096459823067694,2018,0.005305056078723,2479,-0.0274183925376348,749,-0.00823189542101902,0.016301314959820644,0.01421231077521598,2,3,3,0,mixed
1755,MYO3A,-0.0193676245530005,1375,-0.017704961350122,1302,0.0092675133843058,2062,0.0027581770574887,2684,0.0219566949541272,1074,-0.0006180401014401593,0.017764089251335824,0.01421099425980884,3,2,3,0,mixed
1446,LNX2,0.0035870405188182,2619,-0.0281970405038016,550,-0.0090352902569397,2080,0.0099748697026216,2100,0.0202293081176648,1195,-0.0006882224843273402,0.018681080699787217,0.01420470981996918,3,2,3,0,mixed
2245,SEL1L,-0.0273483881535127,809,0.0041999983956972,2477,0.009450777457911,2038,-0.025564807691432,997,-0.0044433480655086,2518,-0.00874115361136902,0.01692745859337295,0.014201463952812299,2,3,3,0,mixed
2624,TP53INP2,-0.0025666867136553,2714,0.0201826568739504,1094,-0.0214830464020867,989,-0.0074104059503351,2297,0.0193550293846087,1259,0.0016155094384963993,0.017971718942482628,0.014199565064927238,2,3,3,0,mixed
2459,STUM,0.0082944571074442,2238,-0.0061570747084193,2289,0.0135861695953263,1654,0.0252190198737184,1024,-0.0176823532275813,1386,0.00465204372809766,0.016820735839734775,0.0141878149024979,3,2,3,0,mixed
361,CCR6,0.0111848143778348,2018,0.0109568388024768,1889,-0.0150452114322818,1517,-0.0091465865879656,2156,-0.0245971696445793,902,-0.00532946289690302,0.015954432794212554,0.014186124169027658,2,3,3,0,mixed
962,GPAM,-0.0069886439790716,2342,0.0128404407203632,1708,0.0146704504840362,1551,0.0122632709626869,1943,-0.0240869788655268,938,0.00173970786449758,0.016914325498431602,0.014169957002336942,3,2,3,0,mixed
1212,KCNE1B,-0.0139041418998981,1792,-0.0053775550780317,2369,0.0181802495307217,1254,0.032642963443425,637,0.0006493996207601,2859,0.006438183123395401,0.018784957453860725,0.014150861914567322,3,2,3,0,mixed
2597,TNF,0.0121003675837788,1950,-0.0220124704787556,958,0.0154543163708063,1483,0.0175530839263906,1565,-0.0036333932662048,2592,0.0038923808272030595,0.0166985239329974,0.014150726325187218,3,2,3,0,mixed
1117,IFT88,0.0190295029949021,1402,0.0143845491648484,1570,-0.002731535798988,2665,-0.0057440120096541,2441,-0.0287893075482933,688,-0.0007701606394369808,0.018943011196445644,0.014135781503337181,2,3,3,0,mixed
1309,LAYN,-0.0112993641367258,2007,0.0202113376147099,1092,-0.0214641044273803,991,0.0065147164037521,2375,-0.011161329816277,1917,-0.00343974887238422,0.01661880733162948,0.014130170479769019,2,3,3,0,mixed
996,GTSCR1,-0.0064566579920517,2393,-0.0018141273280192,2732,0.0125428868574907,1741,0.0265287596027884,955,-0.0232069310077797,981,0.0015187860264857002,0.01892819774172615,0.014109872557625941,2,3,3,0,mixed
36,ADAMTSL5,0.0265320063508831,859,-0.0002247459342256,2895,-0.0055406042498228,2392,0.0095685007851129,2130,-0.0286830699495962,695,0.00033041740047028004,0.0203004002294713,0.01410978545392812,2,3,3,0,mixed
746,EXOC6B,-0.0173923019098129,1533,-0.0162817565605583,1410,0.0119630086251815,1808,0.0168006272511159,1617,-0.0078610134060813,2218,-0.0025542872000310197,0.015985431102146168,0.014059741550549981,2,3,3,0,mixed
1909,PCDH9,-0.007459426849265,2303,0.001898212083438,2725,0.014443702959969,1565,0.0442398771361787,203,-0.0022271866521641,2707,0.01017903573563132,0.020687738277180824,0.01405368113620296,3,2,3,0,mixed
1606,MALAT1,-0.0310677812119943,606,0.024240801210777,797,-0.0045007064229232,2486,0.0039135395825496,2596,0.0064428302405808,2339,-0.00019426332020202,0.020184876724093095,0.01403313173376498,3,2,3,0,mixed
463,CHRM3-AS2,-0.0055702305061356,2462,-0.0195407755209292,1145,0.0174668399892642,1316,0.0094943338899078,2137,0.0180082826608657,1363,0.00397169010259458,0.0162290548408775,0.0140160925134205,3,2,3,0,mixed
1210,KBTBD3,0.0198597412411599,1334,-0.0345013414976655,309,0.0109087195995334,1902,-0.0025845917815906,2703,0.0022233740564833,2709,-0.0008188196764158993,0.020688301218114106,0.01401555363528654,3,2,3,0,mixed
1152,IL4I1,0.0132456017675205,1847,-0.0088397035426601,2067,0.0144598218198866,1564,0.0297394378954029,780,-0.0036342146681432,2591,0.00899418865440134,0.015458309309256565,0.01398375593872266,3,2,3,0,mixed
835,FGD2,0.0152534891753359,1686,-0.0026298532564719,2648,0.0013158297926294,2804,-0.0455599689092654,177,-0.0051585969143223,2441,-0.00735582002241886,0.022765642514227614,0.01398354760960498,2,3,3,0,mixed
2723,USP9Y,-0.0135028021811443,1821,-0.0015352221689066,2764,0.0065718783809634,2300,-0.0423650372321362,242,0.0059298250387265,2381,-0.00898027163249944,0.02033841790189207,0.013980953000375398,2,3,3,0,mixed
2209,SAGE1,0.0353339549885261,413,0.0157258130741996,1455,0.0004563393580547,2877,-0.0178591907569131,1543,-0.0005054921549891,2870,0.0066302849017756404,0.019971233343252497,0.01397615806653652,3,2,3,0,mixed
2108,RARRES2,0.0302590716535169,650,-0.024565156600354,777,-0.008657829669651,2111,-0.0038248443255256,2603,0.0025594836985817,2674,-0.0008458550486864005,0.020072489804594147,0.01397327718952584,2,3,3,0,mixed
2743,VPREB1,0.0095643045693449,2140,0.0140457137606654,1604,-0.0291723925083993,531,0.0049604333746512,2516,-0.012076239088528,1831,-0.00253563597845316,0.017875127148620253,0.01396381666031776,3,2,3,0,mixed
713,EPHA2,0.0236679261378626,1051,-0.0007184191883629,2840,-0.0291935789930638,528,0.0069837772197839,2331,-0.0091252672847759,2110,-0.0016771124217112201,0.019563563230663446,0.01393779376476982,2,3,3,0,mixed
2846,ZNF318,0.0056845414483446,2450,-0.0073774756590366,2186,0.001822127796263,2762,-0.0260433503886368,982,-0.0287474518292271,691,-0.010932321726458579,0.01578888139458104,0.01393498942430162,2,3,3,0,mixed
469,CLDN23,0.0325645768861987,537,0.0035871317806969,2542,-0.0201697069744833,1093,0.0012549414155433,2820,-0.0120458874760725,1835,0.00103821112637662,0.020133461779794214,0.013924448906598937,3,2,3,0,mixed
40,ADGRG1,0.0003952056138939,2884,-0.0377646183752524,222,-0.0148962708935203,1530,0.0149532890232409,1752,-0.0016016946650073,2761,-0.007782817859329041,0.019821241663262917,0.01392221571418296,2,3,3,0,mixed
1636,MCF2,-0.0030240216411148,2677,-0.0326304730750941,373,-0.0029318747338902,2646,0.0264985875222051,958,0.0044878793410474,2511,-0.0015199805173693201,0.02117340824732433,0.013914567262670319,2,3,3,0,mixed
1832,NR4A1,-0.0050027567623378,2501,-0.0312352146083106,428,0.0098045474646936,2000,-0.0105318319226158,2058,0.0129776797977206,1759,-0.004797515206170001,0.017755662854769736,0.01391040611113568,2,3,3,0,mixed
1842,NSMCE3,-0.0103024158403519,2083,-0.027259683281335,597,-0.0258503460039614,702,0.0016862078614247,2792,0.0044502551191922,2515,-0.01145519642900628,0.014866160690583392,0.01390978162125304,2,3,3,0,mixed
2238,SDK2,0.0015128693963666,2797,0.0358697123674684,267,-0.0004810963654037,2874,-0.0040891261782022,2579,0.0275839789727959,740,0.012079267638605,0.018283939730647753,0.01390735665604736,3,2,3,0,mixed
923,GBP3,-0.016505963708503,1598,0.024063789658054,808,-0.0155708242329513,1473,-0.0102678882342526,2074,0.0030794869220368,2632,-0.0030402799191232206,0.01704889759271789,0.01389759055115954,2,3,3,0,mixed
1397,LINC01424,-0.0470315375916279,110,0.004969766143265,2408,0.0109601250500797,1897,0.0044458953841534,2552,-0.0020429496562988,2723,-0.00573974013408572,0.023537231091908792,0.013890054765084958,3,2,3,0,mixed
697,EML5,-0.0320182475710387,553,0.0188887686075516,1200,-0.0020839077557498,2730,0.0139454021967671,1821,-0.0024797798823527,2685,-0.0007495528809645004,0.019900444917464368,0.01388322120269198,2,3,3,0,mixed
2695,TUSC5,0.0044961760149977,2549,-0.0003801505718509,2881,-0.0236800752420119,834,-0.0136831564920813,1845,0.0270448540065903,767,-0.0012404704568712197,0.0193136295251254,0.01385688246550642,2,3,3,0,mixed
248,C1QTNF1,0.0151242610292579,1700,0.0040231806492767,2501,-0.0180323942040228,1266,-0.0303589831761895,751,0.0016965368774456,2754,-0.00550947976484642,0.018322600493786,0.0138470711872385,3,2,3,0,mixed
1090,HSPA1L,-0.0130326288787256,1864,-0.0034318677686296,2558,0.0221450254049842,935,0.0117073004577131,1987,-0.0188474706184992,1307,-0.0002919282806314198,0.017057924875087713,0.013832858625710343,2,3,3,0,mixed
762,FAM133A,0.0296794824574191,676,-0.0228637831157749,889,0.0064393488086189,2313,-0.0050312092759412,2509,-0.0051273094664715,2443,0.00061930588157008,0.019331154522254042,0.013828226624845119,2,3,3,0,mixed
2185,RORA,-0.0206735769788926,1274,0.0082545177914136,2118,0.0154329343664356,1487,-0.006725416935555,2351,-0.0180228910100187,1360,-0.00434688655332342,0.015884646927209412,0.013821867416463102,2,3,3,0,mixed
2902,ZNF80,0.0186630651949723,1432,0.0008257785333411,2824,0.009315955687927,2056,-0.0266716167282342,944,-0.0136036989631921,1702,-0.0022941032550371798,0.018068620303529324,0.013816023021533341,3,2,3,0,mixed
1341,LINC00173,-0.0074979105656969,2301,0.0215601508161451,995,-0.0027637601959597,2658,0.002567797970853,2705,-0.0346862272114756,396,-0.00416398983722682,0.020320746936625316,0.013815169352026058,2,3,3,0,mixed
1322,LEXM,-0.0040549323558471,2588,0.0238448059713902,827,0.008264491190223,2145,-0.0181829407843366,1523,0.0146258435993398,1618,0.00489945352415386,0.016415164294329626,0.01379460278022734,3,2,3,0,mixed
2543,TGFBR3,0.0026959774962573,2704,0.0124496030865726,1745,-0.0180956606272096,1261,-0.0268494015221145,935,0.0088186560357001,2131,-0.00419616510615882,0.017322917577516046,0.013781859753570819,3,2,3,0,mixed
1307,LAT,-0.0126090667576429,1908,0.0123507376654016,1755,-0.021686185430926,973,0.0102657653968213,2075,0.0119017146059885,1848,4.459309592849993e-05,0.016037820386096135,0.013762693971356061,3,2,3,0,mixed
1584,LTBP2,-0.0080090263709704,2259,0.0278501122582731,562,0.0078310665202774,2185,-0.0002172277852815,2898,0.0248652104743403,888,0.01046402701932778,0.015588019691353953,0.01375452868182854,3,2,3,0,mixed
1564,LPL,-0.0261504532526314,881,0.0151418281759935,1510,-0.0064089193130889,2316,0.0147789078446097,1763,0.006134816206938,2366,0.0006992359323641803,0.017376729015538887,0.0137229849586523,3,2,3,0,mixed
241,C17orf51,-0.0222732536223911,1151,-0.0016931246772953,2748,0.0044404380599523,2495,-0.0259782254117428,985,0.014159129602427,1665,-0.006269007209809979,0.017302665097629424,0.013708834274761699,2,3,3,0,mixed
2460,STX2,0.0330099913919662,508,-0.0162650409623832,1411,-0.0079080161948979,2177,-0.0020683994105605,2753,0.0090624261047542,2111,0.0031661921857757598,0.019059313914618316,0.013662774812912398,2,3,3,0,mixed
1840,NRSN2-AS1,0.0173496380013522,1541,-0.0169659456219175,1371,0.0018481807022245,2758,-0.0083885795178409,2211,0.0237392168603195,958,0.0035165020848275602,0.017061350843627063,0.013658312140730919,3,2,3,0,mixed
995,GSTM3,0.021480073203649,1218,-0.0140290027345913,1606,0.0014342258582828,2794,-0.0286950630988381,836,0.0025947631568176,2671,-0.003443000722936,0.018915150267506772,0.013646625610435762,3,2,3,0,mixed
1919,PCSK7,-0.0036039922704229,2618,0.0029169899835089,2614,-0.0143162047568827,1583,0.0316508482480381,687,0.0157321707496869,1527,0.00647596239078566,0.017790715671196587,0.0136440412017079,3,2,3,0,mixed
895,FUCA1,-0.0035013919680984,2634,-0.0126231745318133,1724,-0.0163593981923197,1399,0.022522275388965,1193,0.0132122934547345,1733,0.0006501208302936198,0.01672526899447545,0.013643706707186181,2,3,3,0,mixed
2657,TRIM59,0.018877757477579,1412,0.0026556662250554,2646,0.0148108942171391,1535,-0.0221267367218281,1225,-0.0096774884358726,2051,0.0009080185524145592,0.017043390580503436,0.01362970861549484,3,2,3,0,mixed
2647,TRIB2,-0.0052882443238066,2480,0.0086621945678009,2078,0.0173815416791004,1323,-0.0224807576450693,1194,-0.0143245259847275,1648,-0.00320995834134042,0.016310843633291834,0.01362745284010094,2,3,3,0,mixed
2065,PRTN3,-0.0190880114117076,1396,0.0130064935002098,1698,0.0106521665239136,1922,0.01246763073838,1924,-0.0128770982552072,1770,0.0008322362191177199,0.015530519103997026,0.013618280085883639,3,2,3,0,mixed
454,CHGA,0.0314077641037135,589,-0.0163341380286456,1405,0.0108284847042468,1910,-0.0071717108574981,2313,-0.0023420305040083,2696,0.003277673883561661,0.018531801080803087,0.01361682563962246,2,3,3,0,mixed
1616,MAP2K6,0.0157660676668123,1643,-0.0127909588701783,1711,0.0108000442589001,1913,0.0070165227695411,2329,-0.0216867475521843,1092,-0.00017901434542182056,0.01618799597676952,0.013612068223523222,3,2,3,0,mixed
1792,NEK10,0.0178638340283184,1493,0.0225442277078526,920,-0.0147896934947348,1538,0.0068784046327725,2339,-0.0058235878925519,2389,0.005334636996331359,0.01569258319736033,0.01357994955124604,3,2,3,0,mixed
1015,HBB,-0.0188817940070643,1411,0.0224506864685667,928,0.008165735107716,2156,-0.0134892103988284,1857,0.0048772529796154,2468,0.0006245340300010798,0.016815401256901064,0.01357293579235816,3,2,3,0,mixed
89,ANKRD18CP,-0.0364655257509396,366,-0.0061579570849496,2288,0.0052302691173175,2421,-0.015774682141584,1691,0.0042036681339953,2537,-0.00979284554523208,0.017190280843233794,0.0135664204457572,2,3,3,0,mixed
979,GPRASP1,0.0147456320998944,1726,-0.0199911509967908,1106,0.0052362245484574,2419,0.0035163618503483,2630,-0.0243163412955646,918,-0.004161854758731059,0.01704070062545036,0.013561142158211099,3,2,3,0,mixed
855,FLJ42393,-0.0093102406119958,2158,-0.0034294344279115,2559,0.0097690337935704,2002,0.0353068689067565,503,-0.0098519257809954,2035,0.004496860375884841,0.018949949138458367,0.01353350070424592,2,3,3,0,mixed
2486,TACR1,0.0125476254785292,1914,-0.024110993526163,806,-0.0071386999901144,2250,-0.0165584793809015,1633,0.0072798565597057,2267,-0.005596138171788801,0.01549467400645977,0.013527130987082758,2,3,3,0,mixed
1519,LOC105369507,-0.0027479242254079,2696,0.0445327313849547,113,0.0063644637123222,2321,-0.0030324210543549,2664,0.0108640860674068,1948,0.011196187176984179,0.019568294237868378,0.0135083252888893,3,2,3,0,mixed
1715,MS4A1,0.007115212583841,2334,0.0229058903349288,886,-0.0077806353323667,2188,-0.0190932119318958,1455,-0.0106021228986298,1974,-0.0014909734488244997,0.0165958209425803,0.01349941461633242,2,3,3,0,mixed
2141,RFX3,0.0391717848266839,270,-0.0015083670670352,2766,0.0046356985882059,2471,-0.0101651744957122,2080,-0.0119357131296735,1843,0.0040396457444937806,0.02075085498753448,0.013483347621462142,2,3,3,0,mixed
1739,MTMR1,-0.0015218884949682,2795,0.0129311534512894,1704,-0.0241587027583775,805,0.01540615697343,1719,-0.0133267671740175,1719,-0.0021340096005287596,0.01692155581103758,0.013468933770416521,2,3,3,0,mixed
2493,TAS2R42,0.0064272218199883,2395,-0.0272474171519285,598,-0.0006445503387078,2858,-0.0233083171324358,1135,0.0096775733792356,2050,-0.00701909788476964,0.0171372457340034,0.0134610159644592,2,3,3,0,mixed
2214,SAMD9,0.0157496428239592,1647,-0.0113114874888523,1857,-0.0194758281175081,1148,-0.0158426893847656,1680,0.0048977570131064,2467,-0.00519652103081208,0.014960519340406497,0.01345548096563832,2,3,3,0,mixed
99,ANKRD7,-0.0027093404921643,2701,0.0186503161471237,1226,-0.0276083448020269,606,0.0085210883528697,2202,0.009786553142846,2042,0.00132805446972964,0.01786730566397789,0.01345512858740612,3,2,3,0,mixed
1763,NAALAD2,0.0127713758333421,1892,-0.0297906697835464,489,0.0035190798175953,2587,-0.0134782497971985,1860,0.007687640568295,2231,-0.0038581646723025004,0.017530771742149197,0.01344940315999546,3,2,3,0,mixed
805,FAT1,-0.0114674391149545,1995,-0.0244917334202968,782,0.014951914999811,1524,-0.0021687906697233,2742,0.0141580081525336,1666,-0.0018036080105259997,0.01691001749323285,0.01344757727146384,2,3,3,0,mixed
1852,NUGGC,0.004469798702583,2550,-0.0051658733964088,2389,-0.0113119511405217,1866,0.0137820860698486,1835,-0.0322434467834063,503,-0.006093877309581041,0.017453757765770836,0.013394631218553683,2,3,3,0,mixed
727,ERICH3,0.0041208955446866,2582,0.0233529128080981,857,0.0030318335455473,2635,-0.0109753167446892,2033,-0.025405117730006,860,-0.0011749585152726401,0.018238059644048062,0.013377215274605439,3,2,3,0,mixed
2423,SPIB,-0.0118738320633537,1966,-0.014286056497388,1581,0.0012597953086799,2809,-0.0036061158428614,2624,0.0357780121671412,362,0.0014543606144435998,0.020181431963906055,0.01336076237588484,2,3,3,0,mixed
1949,PGLYRP2,-0.0117713761383845,1975,-0.0110398744649932,1882,0.0145743191415011,1558,0.0136783872138892,1847,0.015728481905192,1528,0.00423398753144092,0.014297771422196503,0.013358487772792,3,2,3,0,mixed
701,ENAM,-0.0259601858441715,897,-0.0053769467961237,2370,0.0141451072475593,1601,0.0073101496139045,2302,-0.0139295152757448,1682,-0.00476227821091524,0.016101242804216293,0.013344380955500761,2,3,3,0,mixed
665,E2F7,0.0064701079904926,2392,-0.0116392627024666,1827,0.0010108413511033,2829,-0.022195064301348,1219,-0.0252439936382432,869,-0.010319474260092379,0.013926403726625337,0.013311853996730742,2,3,3,0,mixed
1069,HMHB1,0.0088780302449956,2193,0.0090270920985181,2052,-0.0064407747667637,2312,0.0228113565449613,1173,-0.0193874146815494,1257,0.0029776578880323797,0.01623028800843706,0.013308933667357619,3,2,3,0,mixed
2468,SVEP1,0.0143393703651685,1760,-0.0036856845861195,2533,0.0113066990018159,1867,-0.0206864885822551,1332,0.0165002796291361,1471,0.00355483516554918,0.01568477787607961,0.013303704432899018,3,2,3,0,mixed
610,DIAPH3-AS2,0.000204034952256,2900,0.0227032679999427,909,-0.0001984465347965,2898,-0.0140419238687312,1809,0.0293249067039555,667,0.0075983678505253,0.017916257968236503,0.01329451601193638,3,2,3,0,mixed
1413,LINC01724,-0.0193529103430901,1376,0.0113324662116489,1855,-0.0177492350900364,1293,-0.0046921761838696,2542,0.0132538858798165,1729,-0.00344159390510614,0.01546329881270957,0.0132761347416923,2,3,3,0,mixed
1635,MCEMP1,0.005721177432228,2448,-0.0042656966149096,2469,-0.0290302071557668,539,0.0092249010103129,2153,0.0181284923070276,1352,-4.426660422158016e-05,0.018079077691097827,0.013274094904048978,3,2,3,0,mixed
1410,LINC01675,0.0060562360792725,2427,-0.018397602513224,1254,0.03736137106986,251,-0.0003698051864238,2889,0.0041503054546154,2546,0.00576010098082002,0.020140070733481407,0.01326706406067914,3,2,3,0,mixed
1419,LINC01934,-0.017833648712084,1496,0.0041810633835241,2479,0.0189475583714432,1186,-0.0085364400409162,2199,0.0168142367773994,1436,0.0027145539558733,0.015915995387692373,0.013262589457073379,3,2,3,0,mixed
130,ARHGAP5,-0.0353381254186795,412,0.0108722752456614,1895,0.0057529557227281,2368,0.0054596155885649,2469,-0.0088757143688242,2127,-0.00442579864610986,0.01877986432541332,0.01325973726889162,3,2,3,0,mixed
1973,PLAC9,0.0033645511394155,2647,-0.0063771076586735,2268,0.0123817311264499,1752,-0.039798518921302,314,-0.0042548191028182,2533,-0.00693683268338566,0.019790921704712586,0.01323534558973182,2,3,3,0,mixed
2738,VMO1,0.02104744374271,1250,0.0183061594762855,1263,0.0074493457446066,2226,-0.0066742765107358,2358,-0.0126963875914295,1787,0.005486456972287361,0.014906720708846312,0.013234722613153482,3,2,3,0,mixed
1443,LMO4,-0.034475414065705,444,0.0135374216187083,1654,0.0033877537293997,2602,-0.0002259294478781,2896,-0.0145450607021033,1626,-0.00646424577351568,0.01861431104188894,0.013234315912758882,2,3,3,0,mixed
2525,TDRD9,-0.0327046652025865,528,1.1425547294926196e-05,2916,0.0040126066297773,2528,0.0220463566705497,1234,-0.0073612642925562,2261,-0.002799108129504154,0.01991702344320311,0.013227263668552924,3,2,3,0,mixed
35,ADAMTS2,-0.0219170011489717,1178,0.0085102904980973,2092,-0.020383514221138,1076,6.345436060884845e-05,2907,-0.0151973611248054,1570,-0.009784826327241791,0.01342122680748274,0.013214324270724248,2,3,3,0,mixed
1696,MMP7,-0.0224803385683538,1140,-0.0110791089762997,1878,0.0112840578639979,1870,-0.012405988984795,1933,0.0087413204377866,2137,-0.0051880116455328,0.014587530302030171,0.013198162966246601,2,3,3,0,mixed
2662,TRMT13,-0.000460219061705,2882,-0.0396456941048028,185,0.0022689668572958,2713,-0.0193886036966948,1427,0.0042187018019731,2534,-0.01060136964078674,0.018767733481525835,0.013196437104494302,2,3,3,0,mixed
1720,MS4A6A,-0.004333244193119,2560,0.0503049644890429,59,-0.0013093488470102,2805,-0.0087906498091856,2179,0.0012199572678512,2795,0.00741833578151586,0.0242625541877332,0.013191632921241777,2,3,3,0,mixed
2417,SPARCL1,-0.0330318117179884,505,0.0008446153066056,2822,0.0163316742614738,1401,-0.0056492080974765,2448,0.0100362079702265,2020,-0.0022937044554318,0.0191368176983372,0.013178703470754161,3,2,3,0,mixed
527,CPNE5,0.0011003782007265,2832,-0.0101806112562009,1958,0.0024851472129617,2688,0.0291856190936144,805,-0.0229327427003039,1002,-6.844188984043986e-05,0.019291962462247566,0.013176899692761482,3,2,3,0,mixed
2286,SGPL1,0.0238577716198663,1042,0.0214330356812438,1005,-0.0051931273095796,2426,-0.0020886561898278,2751,-0.0132126730736444,1732,0.004959270145611658,0.016669600092512775,0.013157052774832381,2,3,3,0,mixed
2354,SLC4A1AP,0.0087188779723556,2207,-0.0076625428443638,2164,-0.0036820465002608,2565,0.0049896032924479,2512,-0.040731570001455,223,-0.00767353561625522,0.01960760091073338,0.01315692812217662,2,3,3,0,mixed
2742,VNN3,-0.022776198245754,1109,0.0159352433595572,1441,0.0172982140947167,1327,-0.0090899427713614,2158,-0.000679115447748,2854,0.0001376401978820998,0.016991975544227378,0.01315574278382746,2,3,3,0,mixed
1187,ITIH5,0.02569703243173,919,0.0002002846143838,2897,-0.0002271954056147,2894,-0.013178813259649,1881,0.0264049395629911,798,0.00777924958876824,0.017526747693972156,0.01314165305487372,3,2,3,0,mixed
2198,RWDD2A,0.0133334169098614,1836,-0.0142175938770157,1588,0.0040924260330977,2518,-0.0222215588884798,1216,-0.0117929941858554,1860,-0.00616126080167836,0.014489087712401112,0.013131597978862,2,3,3,0,mixed
409,CDH11,-0.0128932990033467,1875,0.0143573703081487,1573,-0.0150773715252129,1513,0.0181757600808968,1525,-0.0050856088920912,2450,-0.0001046298063210601,0.015458535739229123,0.013117881961939259,2,3,3,0,mixed
493,CNOT4,0.0153639264159746,1675,-0.0142616965340524,1585,0.0021016787508124,2728,0.0317264293449438,682,-0.0018501797484962,2738,0.0066160316458364395,0.01757123634597471,0.01306078215885588,3,2,3,0,mixed
2374,SLITRK2,0.0043388109789675,2559,-0.0156768085151654,1465,0.0217594865172109,965,-0.0043360018219973,2561,0.0191216936288058,1280,0.0050414361575643,0.01577515884076407,0.013046560292429382,3,2,3,0,mixed
2222,SCARNA17,0.0173774438638744,1535,-0.0227053543929453,908,0.012070149181514,1790,-0.0008974028161292,2845,0.0120982392595387,1830,0.00358861501917052,0.016170800156699947,0.01302971790280032,3,2,3,0,mixed
2263,SERINC5,0.0096086903797319,2134,0.0006206296621228,2855,-0.0028666973492645,2652,-0.0199761669866407,1384,-0.0320730266542768,515,-0.00893731418966546,0.01680236908372942,0.013029042206407337,2,3,3,0,mixed
1795,NELL2,0.0117779762200417,1973,-0.0088767780040411,2063,2.445840905443961e-05,2915,-0.0031991863455455,2649,-0.0412309747187958,209,-0.008300900887857251,0.019894859898803168,0.013021874739495709,2,3,3,0,mixed
2779,YPEL1,0.0212696426757199,1236,0.0253634811744203,722,-0.0095938820172661,2026,0.0044286837890911,2555,-0.0044480423444266,2517,0.0074039766555077215,0.01543575733665386,0.013020746400184798,3,2,3,0,mixed
910,GAL3ST4,0.0142822238488304,1767,-0.0096489245719795,2004,-0.0108048946968152,1912,-0.0262843296088299,971,0.0040592139268982,2555,-0.0056793422203792,0.015491110138416022,0.01301591733067064,2,3,3,0,mixed
1246,KIF21A,-0.0128767701193086,1878,0.0121682803920776,1774,-0.0152899542886565,1495,0.0176763765428751,1561,-0.0070547317377873,2287,-0.00107535984215994,0.015034148564035324,0.013013222616141022,2,3,3,0,mixed
2466,SULT4A1,0.0161388434218534,1620,-0.0042258665623916,2474,-0.0205235089502891,1069,0.0216095267903167,1261,0.002541430448238,2682,0.00310808502954548,0.0167680066562864,0.01300783523461776,3,2,3,0,mixed
1807,NIPAL1,0.0233343486950077,1081,0.0056978202647236,2340,-0.007743385880133,2193,-0.013656983855791,1849,0.0145190334928965,1628,0.00443016654334076,0.015297881170888117,0.01299031443771036,3,2,3,0,mixed
2826,ZNF101,0.0227535723044027,1111,-0.0153183253131727,1499,-0.0073685331696371,2231,0.0078346853955373,2255,-0.011663898068901,1874,-0.0007524997703541602,0.015821417113921512,0.01298780285033016,2,3,3,0,mixed
1865,OR1J1,-0.0093488019893413,2153,0.0086175065625268,2080,0.0086872161528894,2107,-0.0290181990633649,814,0.009263665637872,2096,-0.0023597225398836004,0.016860895350509383,0.012987077881198881,3,2,3,0,mixed
812,FBXO3,-0.0092527686320413,2163,0.0137305143372477,1632,-0.0035532821962347,2583,0.0264819535130265,959,0.0119081061327495,1847,0.00786290463094954,0.01432425454471728,0.01298532496225994,3,2,3,0,mixed
191,BCORP1,-0.0062153484904439,2408,-0.0137663042514074,1629,0.0128546815244116,1716,-0.0091712034840495,2154,0.0228110197567496,1008,0.00130256901105208,0.015727004580020364,0.012963711501412397,2,3,3,0,mixed
1399,LINC01478,-0.0045785208030401,2540,0.0256544535143919,704,0.0061371013820601,2338,0.0191422611589658,1447,-0.009151636144203,2107,0.007440731821634941,0.014917556832689874,0.01293279460053218,3,2,3,0,mixed
749,F10,0.0036181860495561,2616,0.0080145080816213,2131,-0.0210215970825569,1026,0.0274072699878451,898,-0.0045877627526575,2504,0.00268612085676162,0.017715536563681876,0.012929864790847378,3,2,3,0,mixed
1983,PLD5,0.0051814743945692,2490,0.0065852208493439,2252,-0.0239371635374902,819,0.0188357832593401,1474,-0.0100427289601303,2019,-0.0006754827988734599,0.016557191486317714,0.01291647420017474,3,2,3,0,mixed
1282,KLRD1,0.0188241820828258,1418,0.0010580899076378,2807,-0.0143931182762106,1572,-0.0051756127810489,2496,-0.0250748921146011,878,-0.0049522702362794,0.016549497868557517,0.012905179032464843,2,3,3,0,mixed
418,CDR2,-0.011246808703958,2011,-0.013993089004378,1609,0.0049245951394184,2451,0.0082593108189924,2227,0.0259969951531402,826,0.0027882006806430005,0.016215259327362626,0.012884159763977401,3,2,3,0,mixed
1744,MUC16,-0.0053122373386374,2477,0.0185698340959696,1234,-0.0281784656329958,588,-0.0088586186653597,2173,0.0033268281190616,2614,-0.00409053188439234,0.017124289648257386,0.01284919677040482,2,3,3,0,mixed
1168,IQCG,-0.0235595009614417,1064,0.0172511102794063,1347,0.0034601323612175,2592,-0.0116095204997657,1990,-0.0081540807560329,2198,-0.0045223719153233005,0.015521228752014256,0.012806868971572821,2,3,3,0,mixed
242,C19orf12,0.0066743905358961,2376,-0.0087731924204749,2070,-0.0066064346876803,2297,0.0098865181542724,2111,-0.0318012818890244,531,-0.006124000061402221,0.01648263677930962,0.01274836353746962,2,3,3,0,mixed
1265,KLF12,0.0010239868773806,2838,-0.0044171741315548,2454,-0.0080460148644753,2167,-0.0405615410760503,294,0.0096657087318912,2053,-0.00846700689256172,0.01914100208187464,0.012742885136270438,2,3,3,0,mixed
2755,WDR63,-0.031230100165477,596,0.0082015065276304,2122,0.0050529868707225,2439,-0.0087070308868395,2188,-0.0103814969913519,1990,-0.0074128269290631,0.015628134831360996,0.012714624288404261,2,3,3,0,mixed
95,ANKRD36BP2,-0.0087625463434902,2203,0.0219431013506122,964,-0.0229870294108027,878,-0.008767146301971,2181,0.0009648316178889,2820,-0.0035217578175525607,0.016601696450526823,0.012684931004952998,2,3,3,0,mixed
421,CEACAM1,-0.0187085747913341,1424,0.0091970220132579,2039,0.0120291380357045,1800,-0.0064603005419524,2382,0.016983562266411,1426,0.0026081693964173803,0.01479408901271631,0.012675719529731979,3,2,3,0,mixed
561,CXCL2,0.0094509067745446,2144,-0.0069273968964115,2220,0.0273376826117119,623,0.0140216590491593,1810,-0.0055878371892729,2407,0.00765900286994628,0.014310717830840154,0.012665096504220038,3,2,3,0,mixed
1946,PGBD4,-0.0458932607682048,125,0.008265651336858,2116,-0.0001641008400102,2902,0.0036802055168023,2615,-0.0052103200399222,2437,-0.00786436495889538,0.02182881966333412,0.012642707700359499,2,3,3,0,mixed
1518,LOC105369431,9.337833233881432e-05,2908,0.0319650345406499,399,0.0154783931626358,1481,-0.0040629580317386,2582,-0.0115805083281855,1884,0.006378667935140084,0.017381970440430106,0.012636054479109723,3,2,3,0,mixed
2915,ZZEF1,-0.0144208032529158,1755,-0.0020156085871766,2710,0.0196660157908202,1135,0.0047766640873484,2535,0.022301048050925,1049,0.00606146321780024,0.01529069164385722,0.012636027953837201,3,2,3,0,mixed
2893,ZNF699,0.0002435816630123,2896,0.0044713461716238,2450,-0.0227454435968954,893,0.0237288558429223,1111,-0.0119891862658325,1839,-0.0012581692370338994,0.017580470064950785,0.012635682708057261,3,2,3,0,mixed
367,CCT8L2,-0.0019262471499339,2763,0.0042592481037498,2470,0.0324344374177138,380,-0.0058028572897775,2434,0.0186660167110031,1316,0.009526119558551057,0.015828794303874218,0.01261776133443562,3,2,3,0,mixed
821,FCGR3B,-0.0068556348856951,2359,0.0005762887727676,2859,-0.0249121332478833,770,0.0167273669137486,1624,-0.0139857459689616,1679,-0.0056899716832047595,0.015664236550124357,0.012611433957811242,2,3,3,0,mixed
58,AK5,-0.0048640471858258,2515,0.0212424484085454,1016,0.0111191951183657,1884,-0.0213756983312145,1276,0.0044056230858329,2520,0.00210550421914074,0.016222679520761615,0.01260140242595686,3,2,3,0,mixed
2793,ZBTB38,0.028847363892328,726,0.006437877721807,2262,-0.0140927491377664,1605,-0.0087333344960691,2185,0.0048650617512272,2469,0.0034648439463053405,0.01667435524060514,0.012595277399839538,3,2,3,0,mixed
887,FRS2,0.0177950615235466,1499,-0.0012844362671928,2789,0.0281311518864519,590,0.0141398760346086,1799,-0.0015648759673212,2763,0.011443355442018622,0.012819016243604922,0.01258308033582422,3,2,3,0,mixed
1860,OLIG1,-0.0225528622465627,1131,-0.012191431892245,1769,0.0257337148286668,711,0.0012562252660516,2819,0.0011361379862246,2801,-0.0013236432115729395,0.01812177861485953,0.01257407444395014,3,2,3,0,mixed
1034,HEPHL1,-0.0022444472576575,2741,0.0124385252469395,1746,-0.0173497096485707,1325,0.0182153950174067,1520,0.0125400627262259,1795,0.004719965216868781,0.014477830546014604,0.012557627979360062,3,2,3,0,mixed
2109,RASAL3,-0.0102612413965276,2089,-0.0156969731307788,1462,0.0028265547541408,2654,-0.013532900305045,1855,0.0204535593997301,1180,-0.003242200135696101,0.015071542940500442,0.012554245797244462,2,3,3,0,mixed
2583,TMEM243,-0.005002748740588,2502,0.0276165038081752,574,-0.0008820324849719,2841,0.0251333921810196,1031,-0.0041138675725872,2548,0.00855024943820954,0.01636730155297953,0.01254970895746838,2,3,3,0,mixed
1638,MCOLN3,-0.0110851041307007,2025,-0.0021532384102399,2691,0.0143901753343371,1573,-0.0333055575420967,604,0.0017264256355214,2752,-0.00608545982263576,0.01775999519843054,0.012532100210579161,2,3,3,0,mixed
1672,MIR31HG,0.0048710659513617,2514,-0.0045314794795745,2443,0.0156240099709728,1469,-0.0244260783793366,1074,0.0131610229234488,1738,0.0009397081973744395,0.016231157146467976,0.01252273134093888,3,2,3,0,mixed
2710,UCP1,0.0166556740342025,1593,0.0107391150081598,1906,0.0053180123905398,2410,-0.0120062696444809,1963,-0.0178229728538755,1377,0.0005767117869091405,0.014842230410034338,0.012508408786251701,3,2,3,0,mixed
942,GIN1,-0.0066162199000988,2379,0.0103785404689117,1940,0.0023101268022048,2711,-0.0301264372480549,759,0.0131094065702886,1746,-0.0021889166613497197,0.01740924420392805,0.01250814619791176,3,2,3,0,mixed
2132,REC114,0.0242447446470052,1016,-0.0171320456408776,1358,-0.0116990752187574,1829,-0.0047125624015721,2540,0.004710658757234,2485,-0.0009176559713935798,0.016266307814931366,0.01249981733308926,2,3,3,0,mixed
543,CRYBG3,0.0019631148706114,2759,-0.0093604353040645,2025,-0.0276591120631767,603,0.0026791515002666,2693,-0.0208237103383144,1158,-0.010640198266935519,0.013520666758864687,0.012497104815286719,2,3,3,0,mixed
2814,ZFP3,0.0172063709118673,1556,0.0074678862499914,2178,-0.0117549739397541,1827,-0.0016363653698004,2796,0.0243516135011884,915,0.00712690627069852,0.014419801871922475,0.01248344199452032,3,2,3,0,mixed
1402,LINC01507,0.0152891337876892,1682,-0.0014677082668407,2771,0.0089767480026824,2085,-0.0273362490462719,904,-0.009278597047121,2093,-0.0027633345139723995,0.016670907077452047,0.01246968723012104,2,3,3,0,mixed
1547,LOC399715,0.0010702551121097,2834,0.0062012982140164,2284,-0.0019135415784308,2746,-0.0212880323786433,1282,0.0318561277461987,529,0.00318522142305014,0.019108428813507612,0.01246585100587978,3,2,3,0,mixed
310,CARD11,0.0312565009757593,595,-0.0007753861562035,2830,0.0225124199054926,910,-0.0007009437890996,2864,-0.0070229940632248,2290,0.0090539193745448,0.01676548250531336,0.01245364897795596,2,3,3,0,mixed
1942,PF4,0.0025991101081746,2713,0.0002373773159189,2893,0.0381332960019784,232,-0.0166496264470307,1627,-0.0043339169197936,2527,0.003997248011849521,0.020475979364069453,0.012390665358579241,3,2,3,0,mixed
2875,ZNF568,-0.0041138943961877,2583,0.0156334315483883,1467,-0.0196970398291575,1133,0.0074640295137941,2289,-0.0149872528313512,1589,-0.0031401451989027996,0.01483516609087354,0.012379129623775761,2,3,3,0,mixed
2653,TRIM23,-0.007046527307217,2338,-0.005114068510524,2396,0.0085511872590345,2122,-0.0195136126912515,1420,0.0215120225885544,1103,-0.0003221997322807202,0.015747691736711762,0.01234748367131628,2,3,3,0,mixed
1496,LOC101928370,0.0089050034483618,2189,0.0349866191281835,288,0.0036315126724439,2574,-0.0030506301612864,2662,-0.0111426825057266,1919,0.006665964516395241,0.01752027962006604,0.012343289583200441,3,2,3,0,mixed
629,DNAH6,-0.0164114238396454,1604,0.0209638162760241,1040,-0.005295199195356,2412,0.0148557351196332,1759,0.0041685489764208,2544,0.0036562954674153395,0.015067205643434563,0.0123389446814159,3,2,3,0,mixed
1617,MAP3K14-AS1,0.0067513482830517,2369,0.0176457514889344,1309,-0.0138361801907108,1627,-0.016380537308523,1650,-0.0070412183713758,2289,-0.0025721672197246996,0.01443272037036241,0.012331007128519141,2,3,3,0,mixed
1644,MED14OS,0.0143861640252491,1756,-0.0224521212108245,927,-0.0175182496100061,1315,0.0006557176323988,2866,-0.0064851088317748,2334,-0.0062827195989915,0.014689046139905139,0.01229947226205066,2,3,3,0,mixed
1024,HCG11,-0.0137831024455778,1800,-0.0128637467707279,1707,0.033111776762702,368,-0.0014863857386175,2804,0.0001717983785246,2902,0.0010300680372606797,0.019031377451656097,0.01228336201922996,2,3,3,0,mixed
2599,TNFAIP3,0.0270390941214045,831,0.0110859449124246,1877,-0.0161205864818679,1422,-0.006241528506914,2400,0.000899937564047,2824,0.00333257232181884,0.016568950391831587,0.0122774183173316,3,2,3,0,mixed
1661,MIR103A2,0.0152802403801837,1684,0.0025234103510772,2658,-0.0177966885978623,1287,-0.0222105029067207,1217,0.003504042272656,2602,-0.0037398997001332193,0.01574980931398955,0.012262976901699979,3,2,3,0,mixed
2403,SNTB2,-0.0033860580210409,2645,-0.0122058277635517,1767,-0.0249918948772414,760,0.0134633491996071,1862,0.0072470464883231,2268,-0.00397467699478076,0.015328352800290627,0.01225883526995284,2,3,3,0,mixed
1408,LINC01644,-0.0046939214486083,2530,0.0127180030197713,1717,-0.0022234428110082,2717,0.0125773576809348,1916,0.0289851630321632,682,0.00947263189465056,0.013586758484715324,0.012239577598497161,3,2,3,0,mixed
2533,TERB1,0.0272352037343209,815,-0.0029286777103567,2612,-0.0011675871980592,2818,0.0148990647465753,1754,0.0149088619598659,1597,0.010589373106469239,0.012602369983133016,0.012227879069835598,3,2,3,0,mixed
2076,PTP4A3,-0.0185994417734772,1436,-0.0007973154511709,2828,0.0043814755867685,2499,-0.0238597958461873,1103,0.0134947769808735,1711,-0.00507606010063868,0.015718931320145964,0.01222656112769548,2,3,3,0,mixed
2370,SLFN12L,-0.0173456079997482,1542,0.0215757395451709,994,0.0060738265810569,2348,-0.0065972237770057,2368,0.0094092146570481,2081,0.0026231898013044,0.015007707032527443,0.012200322512005961,3,2,3,0,mixed
655,DUOX2,0.0069160464772265,2351,0.0084629264468875,2095,0.0213037861735593,1005,-0.0122707544325194,1942,-0.01204539326076,1836,0.0024733222808787803,0.014477399851781234,0.01219978135819054,3,2,3,0,mixed
1348,LINC00334,-0.0117503278680558,1977,0.0270256519193512,616,-0.0078054324873551,2187,0.0012918212418722,2813,-0.0131128267977272,1744,-0.00087022279838294,0.01657716375877834,0.0121972120628723,2,3,3,0,mixed
522,CPB2-AS1,0.0293409434099944,698,0.0171733588989242,1352,-0.0032610039480481,2612,0.0070948898905108,2321,-0.0038706956384404,2575,0.00929549852258818,0.014139816531479969,0.012148178357183579,3,2,3,0,mixed
794,FAM83A-AS1,-0.001971433669205,2757,0.0124899598151683,1743,0.0159088043279295,1440,-0.0048405908904351,2528,-0.025454561048011,857,-0.0007735642929106598,0.016441940972556225,0.01213306995014978,2,3,3,0,mixed
548,CST7,0.0074648637950269,2302,-0.0175787549401193,1315,0.0059124291997305,2361,-0.0119294379174667,1966,0.0177602454217199,1383,0.00032586911177826043,0.014636431334526674,0.01212914625481266,3,2,3,0,mixed
499,COG6,-0.0027289507758651,2699,-0.0017849247458978,2735,0.0062977456305132,2325,-0.0357049462946848,482,0.0141051142462122,1672,-0.00396319238794446,0.019010245244327997,0.01212433633863462,2,3,3,0,mixed
580,CYSLTR2,-0.0149791859397894,1707,-0.0123710005068792,1751,0.0258380619162617,704,-0.0066922099577044,2355,0.000728088672061,2847,-0.0014952491632100598,0.01642528573176539,0.01212170939853914,2,3,3,0,mixed
1039,HES4,0.01237411334973,1929,-0.0256662234319538,702,-0.0017249455222432,2775,0.0160996588693363,1669,0.0047409232336559,2480,0.0011647052997050397,0.016505618892866905,0.01212117288138384,3,2,3,0,mixed
1658,MID1,-0.007884843966886,2266,0.0084862417105722,2094,-0.0047011635420997,2465,-0.0266015471670401,948,0.0128827917059416,1768,-0.0035637042519024,0.015543460805478313,0.01211131761850792,2,3,3,0,mixed
1690,MLLT3,0.0227681722373894,1110,-0.0016498180136766,2752,0.0130313634353685,1691,0.0216793351945916,1253,-0.0013701365991115,2778,0.010891783250912281,0.011933609432499423,0.01209976509602752,3,2,3,0,mixed
2611,TNFSF10,-0.0007776117445462,2859,-0.0147234264618276,1545,0.0222117555535245,930,0.0187630968815984,1479,-0.0039388126152732,2570,0.00430700032269518,0.01569683759614997,0.01208294065135398,2,3,3,0,mixed
1284,KLRG1,0.0091506777538659,2170,-0.001767085851702,2738,0.0075850611941347,2210,-0.0163221666961038,1658,-0.025536029898417,852,-0.005377908699644439,0.015151593049914256,0.012072204278844678,2,3,3,0,mixed
2361,SLC7A8,0.0014084254719645,2804,0.0322015346957541,395,-0.0035053436053696,2590,-0.0020564194002353,2756,0.0211279014847724,1136,0.009835219729377221,0.01595438246327554,0.01205992493161918,3,2,3,0,mixed
1453,LOC100130548,-0.0067673149027719,2368,-0.0016569151305992,2750,0.0098606410217124,1990,-0.0289982900366374,815,0.0129351764715322,1764,-0.00292534051535278,0.016667375992092805,0.01204366751265062,2,3,3,0,mixed
782,FAM222A,0.004513123736993,2545,0.0007066234625544,2841,-0.0287681134023471,557,0.0158265140842572,1682,-0.010392550093285,1989,-0.0036228804423655003,0.01689178264212959,0.01204138495588734,3,2,3,0,mixed
752,F2RL2,0.0101534565066734,2095,-0.0017529394107635,2741,0.0188954544846816,1190,-0.0107960098269241,2046,0.0185373277660712,1326,0.0070074579039477196,0.013017946202312303,0.01202703759902276,3,2,3,0,mixed
510,COL4A5,-0.0082837897035422,2239,-0.0004971171344034,2871,0.0075203541178189,2218,0.0288778237348004,820,0.0146743486062505,1614,0.00845832392418484,0.014291369913334098,0.011970686659363081,3,2,3,0,mixed
780,FAM218A,-0.01330034109097,1840,0.0161594953409988,1419,0.0152727429174862,1497,-0.0074455152855301,2291,-0.0075299477703068,2250,0.0006312868223356208,0.013977018951352517,0.01194160848105838,2,3,3,0,mixed
1565,LRFN3,0.005909602373404,2439,-0.0121549193634814,1776,0.0336176783141478,356,-0.0067160397680388,2353,-0.0012566278255178,2791,0.003879938746102761,0.017918066584234175,0.01193097352891796,2,3,3,0,mixed
2229,SCN2A,-0.0162840543867486,1609,-0.0001678992911075,2899,0.0019508484114535,2745,0.0301040583885559,764,0.0110239997813153,1935,0.00532539058069372,0.016992560176606164,0.011906172051836158,3,2,3,0,mixed
2782,YPEL5,0.0005717307832362,2872,-0.045311560412303,102,0.0056685035807824,2379,-0.0054363544332407,2472,0.0025425698167745,2681,-0.00839302213295012,0.021032123193508438,0.011906143805267357,3,2,3,0,mixed
1741,MTSS1,0.0048906472111807,2512,-0.0149900322107494,1518,0.002856299090224,2653,-0.0105123714672025,2060,-0.0262747192353264,809,-0.00880603532237472,0.012941382022232755,0.0119048138429366,2,3,3,0,mixed
502,COL16A1,0.0012547178004795,2818,0.0071972059531096,2196,-0.0229587889777602,881,-0.004077957222309,2580,-0.0239822416598104,943,-0.0085134128212581,0.014229078874143243,0.01189418232269374,2,3,3,0,mixed
1805,NGEF,-0.0099955585003825,2108,0.0031607196993849,2582,-0.0067151700587987,2288,-0.0381642163163725,385,0.0013627035846633,2779,-0.0100703043183011,0.01663057478304488,0.01187967363192038,2,3,3,0,mixed
2130,RCAN3AS,0.0108761179910982,2040,-0.0080530102799584,2130,0.0027390482757939,2663,-0.0167944019027935,1619,0.0209286900768318,1151,0.0019392888321944004,0.014932356648514975,0.011878253705295161,3,2,3,0,mixed
1544,LOC284454,0.0159660638709098,1633,0.0132279182324586,1685,-0.0090620000048746,2078,-0.0004246666689453,2886,-0.020644774889839,1165,-0.00018749189205809896,0.015315222544635382,0.01186508473340546,2,3,3,0,mixed
1816,NLRP2,0.0197035594443235,1343,0.0123429584751697,1756,0.005794035796629,2367,-0.0204608620442437,1347,-0.0010069032255784,2813,0.0032745576892600206,0.015331314513978936,0.011861663797188862,3,2,3,0,mixed
108,APC,0.007599360681169,2292,-0.0151969384785888,1507,0.0258896412939737,700,-0.0049886195878922,2513,-0.0056120981941636,2402,0.0015382691428996197,0.015839202631199503,0.01185733164715746,2,3,3,0,mixed
154,ASPHD2,0.0171041377349751,1559,-0.0087246514884363,2073,-0.0038424044504508,2548,-0.0095940095280748,2128,0.0200128708621413,1212,0.0029911886260309004,0.014415782281926018,0.011855614812815659,2,3,3,0,mixed
1819,NMT2,-0.0086736140614372,2210,-0.0251277233459667,741,0.0168010732966764,1363,0.0018271208554941,2773,0.0067937564821988,2305,-0.0016758773546069207,0.016002818490660264,0.01184465760835464,3,2,3,0,mixed
587,DCUN1D4,-0.0139997797599963,1786,-0.0031144863870193,2588,0.0280476463931643,593,0.0117573606252451,1982,-0.0022902733280879,2702,0.00408009350866118,0.016221971154668845,0.01184190929870258,2,3,3,0,mixed
2095,RAB30,0.0018192713817629,2774,-0.0039146326458344,2513,-0.0214617108261605,992,0.0085249084421108,2201,-0.0234864032297448,971,-0.0077037133755732,0.014202009808911559,0.011841385305122678,2,3,3,0,mixed
1627,MARCO,0.0045048047047453,2547,-0.025422154628053,718,-0.014653643327994,1553,-0.0082601657916329,2226,0.0062672567615532,2354,-0.00751278045627628,0.01329104933257771,0.011821605042795679,2,3,3,0,mixed
415,CDKL2,0.0140865025806471,1781,0.0315408631750457,413,-0.0032594703557452,2613,-0.0051881731386816,2493,0.005027697367065,2453,0.008441483925666201,0.014998178045823086,0.01182054132343692,3,2,3,0,mixed
1985,PLEKHA1,-0.034459954370646,446,-0.0047141599982374,2425,-0.0040045837779096,2529,0.0002437584287983,2895,0.0155057701214333,1543,-0.00548583391931228,0.018136736939353512,0.011785645339404918,2,3,3,0,mixed
504,COL1A1,-0.0145582784004507,1740,-0.0215810119159431,992,0.0033947749875905,2600,0.0111177567382954,2025,-0.0080876118446783,2203,-0.005942874087037239,0.013244180426584326,0.011747886777391598,2,3,3,0,mixed
2757,WDR86-AS1,0.0015817140301907,2790,0.0029456889479089,2609,-0.0236304829354839,841,-0.0050226446166132,2510,-0.0251737701970587,872,-0.00985989895421124,0.013623841733870126,0.01167086014545108,2,3,3,0,mixed
2054,PRR15L,0.0168176849261397,1580,0.0228690543722283,888,0.0087339494044826,2100,-0.0047044429953701,2541,-0.0051916217276049,2438,0.007704924795975118,0.012593306117298662,0.011663350685165118,3,2,3,0,mixed
167,AUTS2,0.0051986413824343,2489,-0.0142669844801015,1584,-0.0064553502160286,2309,0.0094201797793793,2143,-0.0229569079371859,997,-0.00581208429430048,0.013408039143385024,0.01165961275902592,2,3,3,0,mixed
2296,SH3PXD2B,-0.0013971021017376,2805,0.0194051829090811,1154,-0.0096846832611391,2013,-0.0208669187153652,1322,0.0067958952566681,2304,-0.0011495251824985397,0.015389213399110362,0.01162995644879822,2,3,3,0,mixed
1375,LINC00926,-0.0441351203136811,153,-0.0048857423609387,2412,0.0035088145507101,2588,0.0023265879249168,2723,0.0032917533047641,2621,-0.007978741378845761,0.02050632941503134,0.01162960369100216,3,2,3,0,mixed
121,AQP9,0.0025366589229589,2717,0.0142865039220674,1580,-0.0023271602766434,2709,-0.0373371162228373,419,-0.0015322509090823,2768,-0.00487467291270734,0.019323239689661847,0.011603938050717862,2,3,3,0,mixed
2014,PPFIA1,-0.0026645682841318,2708,0.0025812401365813,2656,0.025458445515473,728,-0.0079421727652162,2247,0.0192454179085933,1270,0.00733567250225992,0.014372707958616313,0.01157836892199912,3,2,3,0,mixed
1899,PATL2,-0.0218673130007902,1181,0.0006496657137731,2849,-0.0099771163735067,1983,-0.0113221918607816,2013,0.0140746944737302,1675,-0.005688452209515041,0.013625719292079536,0.01157819628451636,2,3,3,0,mixed
2711,UGCG,0.0033881331666245,2644,-0.0252937631049481,726,-0.0101774666332806,1966,-0.005990409903529,2420,0.0129503124602976,1762,-0.00502463880296712,0.014423898169061112,0.01156001705373596,2,3,3,0,mixed
1438,LINGO4,0.0121436966091989,1948,-0.0005452324579667,2862,-0.0152273188255224,1504,0.0251441743081447,1029,-0.0046474329042878,2497,0.0033735773459133396,0.01562498718461491,0.0115415710210241,2,3,3,0,mixed
861,FMNL2,0.0221618682557507,1164,-0.0174119726903413,1330,-0.0145608579727473,1559,0.0010145106501502,2837,0.0025502261722995,2679,-0.0012492451169776396,0.015859331646026636,0.011539887148257797,3,2,3,0,mixed
2688,TTC9,0.0008067189043802,2856,0.0244420744028905,786,0.0077759058544781,2190,-0.0087260182535485,2186,-0.0159026881848179,1514,0.0016791985446764802,0.015600247238965609,0.01153068112002304,3,2,3,0,mixed
497,CNTN5,-0.008809254188061,2199,0.0028860890440559,2617,-0.013864505947924,1623,0.0096596953634037,2123,0.0224244029893663,1037,0.0024592854521681804,0.014526528609471213,0.01152878950656218,3,2,3,0,mixed
1017,HBD,0.0107552187925399,2051,0.0097517959294192,1997,-0.0143501255940241,1579,-0.0147228294312049,1770,-0.0079159225931829,2215,-0.00329637257929056,0.012666802435330995,0.0114991784680742,2,3,3,0,mixed
2116,RASL10A,-0.0019420703108278,2761,0.0103547508203727,1943,0.0172228953293242,1332,0.0235253175423027,1120,-0.0044309393742927,2519,0.008945990801375819,0.012047205664410253,0.011495194675424019,3,2,3,0,mixed
1380,LINC01002,0.0027517958344459,2695,-0.0169158561022842,1375,0.0059278662741528,2359,-0.0201279348045637,1371,-0.011630916211602,1879,-0.00799900900197024,0.01171910206566576,0.01147087384540972,2,3,3,0,mixed
769,FAM169A,0.011679269886359,1981,0.0028200013062847,2624,-0.0174520237947836,1318,-0.0043220848228389,2562,-0.0210511807853537,1143,-0.0056652036420665,0.013695718812119666,0.011464912119123979,2,3,3,0,mixed
2184,ROBO2,-0.0058138484075605,2444,0.010179515000724,1960,-0.001145130389039,2821,0.0060884243166479,2409,-0.0340692123037484,425,-0.0049520503565952,0.01742053964828671,0.011459226083543961,2,3,3,0,mixed
2655,TRIM35,-0.0173308495643138,1543,0.0141194520851137,1596,-0.0056795778846622,2376,-0.0134175470765182,1866,0.0066792195676024,2316,-0.0031258605745556204,0.013301902125989919,0.011445329235642062,2,3,3,0,mixed
2272,SERPINF1,-0.0179788374365641,1482,-0.002427002533747,2667,0.0325292891803683,379,0.0041839432293949,2570,-8.807781409102006e-05,2908,0.003243862925072217,0.018386023881702122,0.011441430038833064,2,3,3,0,mixed
771,FAM177B,0.0007966560345953,2857,-0.0088638786372866,2064,0.0123178017486057,1759,0.0231368462637381,1152,-0.0118356788843568,1856,0.00311034930505914,0.014645450069390222,0.0113901723137165,3,2,3,0,mixed
2620,TOGARAM2,-0.0026885465809856,2705,0.0012310182190772,2793,0.0182598337294357,1248,-0.0108638005507354,2040,0.0238628905378614,953,0.00596027907093066,0.0145945220083745,0.011381217923619059,3,2,3,0,mixed
1894,PAQR9,0.005307137850805,2478,0.007836843311232,2147,-0.0159264363337897,1437,-0.0199841176432908,1382,-0.0078004500132217,2222,-0.006113404565653039,0.012415480266782125,0.01137099703046784,2,3,3,0,mixed
2128,RCAN2,0.0066965158549628,2372,0.0291254650229375,516,-0.0002439276166745,2893,-0.0176081903912139,1563,-0.0031694789915554,2630,0.0029600767756912992,0.017098824750706655,0.011368715575468818,2,3,3,0,mixed
2642,TRERF1,-0.0147426207679453,1727,-0.0018057295663804,2733,0.0143888758756265,1575,0.0074841315092412,2287,-0.0183397902172043,1337,-0.0026030266333324607,0.014018975236514505,0.011352229587279541,2,3,3,0,mixed
329,CCDC141,0.0174790114524824,1528,-0.0175590390365,1316,0.0009727288843376,2831,-0.0053454814420022,2475,-0.0153387233661479,1560,-0.00395830070156602,0.014144714373695194,0.01133899683629402,2,3,3,0,mixed
2302,SHTN1,0.0017161185061077,2779,-0.0228223115749502,896,-0.0285896446408728,568,0.0009083453624257,2844,0.0025601677534075,2673,-0.009245464918776421,0.01517528575879132,0.01131931756755278,3,2,3,0,mixed
916,GAS2L2,0.0124756778962117,1919,-0.0082218079441074,2121,-0.004616732155882,2472,0.0197016914890978,1405,-0.0115165910681078,1889,0.0015644476434424604,0.013721387647166133,0.011306500110681341,2,3,3,0,mixed
2318,SLC12A2,-0.0056958798573296,2449,0.0043531050205538,2460,-0.0096612000108681,2016,-0.0204290720571079,1350,0.0163478303431543,1483,-0.0030170433123194998,0.013998367285331045,0.01129741745780274,2,3,3,0,mixed
1776,NCK2,-0.0008295554371564,2855,0.0027688390221826,2628,-0.0026068931831496,2675,-0.0215861001756902,1265,0.0283952013177546,704,0.0012282983087881997,0.01788752441519168,0.01123731782718668,2,3,3,0,mixed
2036,PRG2,0.0033780015213787,2646,-0.0083316393517522,2106,0.0005940122784569,2864,-0.0376144167529136,408,0.0062568536875354,2356,-0.007143437723458959,0.017888746548720722,0.01123498471840736,3,2,3,0,mixed
306,CAMKV,-0.0010032276705144,2841,0.0194297761645767,1153,-0.0055574180490054,2390,0.0082851049164061,2223,-0.0218474844268802,1080,-0.00013864981308344058,0.015453696833938624,0.01122460224547656,2,3,3,0,mixed
2465,SULT1B1,-0.0214222162318393,1222,-0.003252881077232,2577,0.0045797925387343,2474,0.0151523367982528,1734,-0.0116740346966477,1873,-0.0033234005337463802,0.014152018621841825,0.011216252268541218,2,3,3,0,mixed
985,GREB1L,-0.0082454002786985,2245,-0.004275823738202,2468,0.0231837153586704,865,0.0008642879142719,2854,0.0194951691348353,1252,0.00620438967817542,0.01424859913315451,0.01121287928493562,3,2,3,0,mixed
1873,OSBPL3,0.0005210155781518,2875,-0.0248702830195323,759,-0.003089177665347,2628,0.0191297083931192,1448,0.0083244528451857,2183,3.143226315479794e-06,0.01630634586848422,0.0111869275002672,3,2,3,0,mixed
1723,MSANTD4,0.0065855565559197,2386,-0.0070598402705401,2210,-0.0156651789553847,1466,0.0029718535138916,2669,0.0236180638718023,966,0.0020900909431377595,0.01486111692562688,0.01118009863350768,3,2,3,0,mixed
1132,IKZF3,-0.0036479172864254,2614,-0.0155509093511941,1474,0.0187672021757532,1199,-0.0138739043636852,1827,0.0040266471657609,2565,-0.0020557763319581203,0.01409710952410343,0.01117331606856376,2,3,3,0,mixed
73,ALOX5,-0.0326337560151231,533,0.0060576885277596,2300,0.0072827569557156,2240,-0.0021701980017692,2741,-0.0075822821109163,2246,-0.00580915812886668,0.0161876908589171,0.011145336322256758,2,3,3,0,mixed
786,FAM30A,0.0009156235673178,2848,-0.023436723572607,852,-0.0053801675818783,2405,-0.0165213481683522,1637,0.0093755090922438,2083,-0.00700942133265518,0.01317440473503611,0.01112587439647982,2,3,3,0,mixed
2541,TGFB3,0.0085143309013379,2220,-0.024097124720661,807,-0.005173686904833,2428,0.0127207138933638,1906,-0.005108444795436,2446,-0.0026288423252456604,0.014433390081852135,0.01112286024312634,2,3,3,0,mixed
484,CLNK,-0.00907399928577,2175,-0.0200103643921332,1105,-0.0131266328243526,1686,0.0119711614954866,1964,0.0012928987591937,2789,-0.0057893872495150996,0.01257433802012837,0.01109501135138722,2,3,3,0,mixed
138,ARL13A,-0.016547970882125,1597,-0.0033815604459765,2565,0.0064521016751,2310,-0.0117260162270878,1985,0.0173649525651683,1400,-0.0015676986629842003,0.013726366471595253,0.01109452035909152,2,3,3,0,mixed
631,DNAJB13,-0.0102950967029004,2085,0.0164539540902902,1399,-0.0035543063594738,2582,0.006115159986613,2406,-0.0190305043524863,1294,-0.00206215866759146,0.013853226165271971,0.01108980429835274,2,3,3,0,mixed
2850,ZNF345,0.0208222489966552,1266,-0.0078065035934388,2149,0.0037556267293991,2557,-0.0137393167645918,1839,0.0092759951840652,2094,0.0024616101104177803,0.013721584947608069,0.01107993825363002,3,2,3,0,mixed
856,FLT1,-0.0366995685117634,355,0.0007473917688263,2836,0.0001039827608981,2906,-0.0080881597965981,2238,0.0096378281189987,2056,-0.0068597051319276795,0.01782172847314467,0.01105538619141692,3,2,3,0,mixed
2523,TDRD6,0.017520526184352,1523,0.0141842145971398,1593,-0.0032111982095691,2618,-0.0197803352288075,1397,0.0005355430101603,2866,0.0018497500706550992,0.014940826340230562,0.01104636344600574,3,2,3,0,mixed
1507,LOC102723544,-0.0199945537603146,1325,0.0035165405539209,2548,0.0062053510254116,2332,-0.0191845584573758,1443,-0.0058760213602859,2384,-0.0070666483997287605,0.012283545203789072,0.010955405031461762,2,3,3,0,mixed
1764,NAGPA-AS1,0.0139404756786139,1788,0.0064185258218352,2264,-0.0003352150123906,2887,-0.032382788543049,648,0.0016883367692276,2755,-0.002134133057152579,0.017778987318729077,0.010953068365023258,3,2,3,0,mixed
678,EDRF1,0.0141156876876746,1776,0.0003989025878265,2877,-0.0039125195988063,2542,-0.0353498628305368,501,0.0009195662037515,2823,-0.004765645190018101,0.01838219998760161,0.01093930778171914,3,2,3,0,mixed
1871,OR52N4,0.0031293728823995,2668,0.0229575603085396,881,-0.0231385922192218,868,-0.0025093372768036,2711,0.0029076356878391,2648,0.0006693278765505595,0.016467757282604353,0.010928499674960719,3,2,3,0,mixed
2363,SLC8A1-AS1,0.0079733637078349,2262,-0.0125651200009234,1730,0.003116180206095,2625,0.0299906564481044,770,-0.0007522366001237,2842,0.00555256875219744,0.015628640247021465,0.010879511392616278,3,2,3,0,mixed
2913,ZSWIM5,0.0021141483134275,2750,0.0001519068172646,2901,-0.0164854438524582,1390,-0.0267371860132643,940,0.008881209838874,2126,-0.00641507297923128,0.01469906251475365,0.01087397896705772,3,2,3,0,mixed
2555,TIGD7,-0.0122554634672137,1940,0.0024224255286106,2668,-0.0026820559011954,2668,-0.016404908305919,1647,0.020592318702529,1168,-0.0016655366886377005,0.014513377431366171,0.010871434381093541,2,3,3,0,mixed
1454,LOC100130698,0.0136055079431493,1813,0.0040806054634259,2493,-0.0131372208542317,1685,-0.0021023893328293,2747,-0.0213701005035701,1115,-0.0037847194568111794,0.013818723608909726,0.010859164819441259,2,3,3,0,mixed
1310,LBH,-0.0159405031429248,1635,-0.0019686407698585,2720,-0.0071818663252339,2248,0.0233381719270206,1134,0.005644255920492,2397,0.0007782835218990801,0.014858109388754315,0.010814687617105962,2,3,3,0,mixed
1042,HGF,-0.0006790915261711,2867,-0.0145849223145698,1553,0.0179989186279657,1269,-0.0158168954605882,1684,0.0049663795863733,2460,-0.0016231222173980202,0.014131601780611689,0.010809241503133619,2,3,3,0,mixed
2256,SEMA6A,-0.0015704319039828,2792,0.0103451006461901,1946,-0.0009663318907539,2833,0.0408703182782936,287,0.0002522002259322,2897,0.00978617107113584,0.018041770707328302,0.01080087658903052,3,2,3,0,mixed
1664,MIR133A1HG,0.0101275678698258,2099,-0.014826381729177,1531,0.0055145574285857,2394,-0.0140949584965394,1806,-0.0094218070728327,2080,-0.00454020440002752,0.01158847049158207,0.01079705451939212,2,3,3,0,mixed
1754,MYO1H,-0.011671465869552,1982,-0.0136688277531295,1642,0.0162597103680218,1410,-0.0031711009941091,2651,0.0091676822522299,2106,-0.0006168003993077799,0.013034935890430721,0.010787757447408461,2,3,3,0,mixed
2402,SNRK-AS1,0.0032812327049886,2653,-0.0149040576567314,1525,0.0250511787455019,756,-0.0029652691238351,2672,-0.0077321353417707,2225,0.0005461898656306602,0.015227820759322294,0.01078677471456554,2,3,3,0,mixed
1812,NKX3-1,-0.0026835227945739,2706,0.0103363209340011,1948,-0.0226811251898951,898,0.0074467065391719,2290,-0.0107209279858884,1965,-0.00366050969943688,0.01352654190637942,0.010773720688706079,2,3,3,0,mixed
442,CETN4P,-0.0047828044098157,2523,0.0366660997000232,251,-0.0081938155065578,2152,-0.0022784266321154,2727,0.0019018130764236,2733,0.004662573245591581,0.018265588358530625,0.01076459186498714,2,3,3,0,mixed
2028,PPT2-EGFL8,-0.0109477198481047,2035,-0.0063356399326476,2273,0.0076999131781312,2197,0.019568096808275,1417,0.0092052070943232,2102,0.0038379714599954193,0.012382222053090941,0.01075131537229634,3,2,3,0,mixed
2033,PRDX2,0.0012044132221334,2823,-0.0064128255201895,2265,-0.0048475027813746,2459,0.0345088481791205,551,-0.0067549964083359,2308,0.0035395873382707797,0.01760625181631132,0.010745717222230779,2,3,3,0,mixed
2412,SOX5,0.0260555044194751,889,-0.0070616050570709,2209,-0.0018256598723515,2761,0.0077956738170611,2259,-0.0109699836833161,1939,0.002798785924759539,0.01478204713086049,0.010741685369854941,2,3,3,0,mixed
2384,SMPD1,-0.0095718055979364,2138,0.0183624637194361,1257,0.0035449968437022,2584,0.0100599289251181,2091,-0.012116852126448,1828,0.0020557463527744,0.012925327355352177,0.010731209442528162,3,2,3,0,mixed
2315,SLAMF6,0.0173551610967304,1538,0.0088807370398584,2062,0.0137609615357762,1633,-0.0121253235627638,1955,-0.0013986196366283,2776,0.005294583294594578,0.012023411709310783,0.01070416057435142,3,2,3,0,mixed
2114,RASGRP1,-0.0146291845242878,1737,-0.016936635713758,1374,0.0070121190691832,2258,-0.0094011313479319,2145,0.0054206393516985,2425,-0.0057068386330192,0.011235624689711909,0.01067994200137188,2,3,3,0,mixed
263,C2orf91,0.0044012734265985,2553,-0.006761495246127,2237,-0.024443399763463,789,-0.0172684709894824,1593,0.0004193182374815,2881,-0.008730554866998478,0.012039848362895489,0.010658791532630479,2,3,3,0,mixed
634,DNASE1,-0.0002687518689675,2895,0.0136099692138251,1648,0.0217568014606718,966,-0.0133183727305219,1872,0.0043234800427891,2529,0.00522062522355932,0.013402040820455452,0.01065547506335508,3,2,3,0,mixed
1365,LINC00673,-0.0078034322477645,2273,0.0080910195648551,2126,-0.0141249053156125,1602,-0.014964044834498,1751,0.0082207033335863,2193,-0.00411613189988672,0.011539724808684943,0.01064082105926328,2,3,3,0,mixed
966,GPR15,-0.0027853188644314,2693,-0.013662527964507,1644,0.0094299191691539,2042,0.0013071385714028,2812,0.0259519012855626,829,0.004048222439436181,0.014803845058623546,0.01062736117101154,3,2,3,0,mixed
2323,SLC16A6,-0.0168790196311903,1574,0.014749153785074,1540,0.0098266159643399,1995,-0.0112505620276175,2017,-0.0003664930372429,2885,-0.0007840609893273603,0.013440953531141135,0.010614368889092918,2,3,3,0,mixed
2394,SNORD116-16,-0.0144453724965417,1750,-0.0029881910914766,2605,0.0100139789491108,1980,0.0251794312294863,1026,-0.0003504307257694,2888,0.00348188317296188,0.014928051225289552,0.01059548089847696,2,3,3,0,mixed
2768,WWC3,0.0030933541462002,2671,-0.0117011007343331,1822,0.0068457554579148,2275,0.0264482167954418,961,-0.0048418524788174,2472,0.003968874637281261,0.014470148960113043,0.01058605592254146,3,2,3,0,mixed
1141,IL1R1,-0.0069336016839702,2349,0.0155315421306719,1479,-0.0156726800462038,1464,-0.0114519894903063,2002,0.0033179047453037,2616,-0.0030417648689009405,0.012558178815975471,0.010581543619291178,2,3,3,0,mixed
692,ELK2AP,-0.0127910085331734,1889,-0.0022959637815425,2681,-0.0011326464665888,2822,0.0357091586164626,481,0.0008521301260357,2826,0.00406833399223872,0.018461295082452256,0.010556181504760601,2,3,3,0,mixed
1525,LOC105370941,-0.0061292708823856,2418,-0.0160833207603902,1423,0.0069416813042036,2262,0.0202926387600423,1359,0.0033191999591484,2615,0.0016681856761237,0.013723357520343269,0.010553222333234021,3,2,3,0,mixed
1046,HIP1R,-0.0089027062634426,2190,-0.0157458171614518,1452,0.0030273719909636,2637,0.022336750625004,1209,0.0026434767107981,2668,0.0006718151803742606,0.014491511631709812,0.010531224550332018,3,2,3,0,mixed
503,COL19A1,0.006066015957992,2425,0.0008896481796337,2820,-0.0040157276192952,2527,-0.0415711702956063,265,-2.9431934407482717e-05,2915,-0.007732133142336657,0.019254530266468898,0.010514398797386939,2,3,3,0,mixed
509,COL4A4,0.0053190774526378,2476,0.0122692916208287,1764,-0.0084734120868252,2127,-0.0087190908265496,2187,-0.0177674543076555,1382,-0.0034743176295127603,0.012062103637838054,0.01050966525889936,2,3,3,0,mixed
1552,LOC646626,-0.0199928025169295,1326,-0.0100592810519028,1968,-0.0105293233258028,1932,0.0018248227746236,2774,0.0100912278868105,2017,-0.005733071246640201,0.01175361929671529,0.01049949151121384,2,3,3,0,mixed
756,FABP4,0.0052401317333852,2483,0.0058722302097386,2319,-0.013162007161698,1684,0.0237856726558266,1108,-0.0043615527684414,2526,0.0034748949337622,0.013780306536708389,0.01048431890581796,3,2,3,0,mixed
1924,PDE4B,-0.0152091345553089,1693,0.0036866164912296,2531,0.0032200545358242,2617,-0.0178375847365201,1546,-0.0124467916885164,1806,-0.007717367990658319,0.010375341865960935,0.01048003640147984,2,3,3,0,mixed
1762,NAA30,-0.0177284361012895,1502,0.0175280205530295,1319,0.006239101528204,2329,-0.0016957841267573,2790,0.0091459804443043,2109,0.0026977764594981997,0.01332844694581117,0.01046746455071692,3,2,3,0,mixed
1449,LOC100128386,-0.0013057302833024,2813,-0.0114490953921315,1842,0.0130139712904153,1696,4.6867445937252535e-05,2912,0.0263718454860985,800,0.005335571709403431,0.014622627749380621,0.01043750197957699,3,2,3,0,mixed
1631,MB21D2,0.0328872879495217,518,0.0028803656180684,2618,-0.0043791759123904,2501,-0.0051623729896503,2499,0.0068028303842825,2303,0.006605787009966379,0.01552251495776821,0.010422406570782658,3,2,3,0,mixed
1056,HIVEP2,-0.0045527625743213,2543,0.0143901473422781,1569,0.0020356182973465,2736,-0.0157522950930353,1693,0.0153665686347253,1558,0.00229745532139866,0.013132235691017909,0.0104194783883413,3,2,3,0,mixed
1704,MPIG6B,0.0066093448920546,2380,0.0180546431385,1280,-0.0085396626827517,2123,-0.0137871779978721,1834,-0.0051014575771809,2447,-0.0005528620454500202,0.012817588324702353,0.010418457257671859,2,3,3,0,mixed
1129,IGSF3,-0.0048407818429255,2517,-0.0044500469060275,2452,0.0152856445770408,1496,0.0020138245948531,2759,-0.0254895955439497,855,-0.00349619102420176,0.014744026150925413,0.01041597869295932,2,3,3,0,mixed
292,CACNA2D2,0.0131496171885705,1854,0.0011842301211239,2796,-0.0049679923584184,2445,-0.0101912696297119,2079,0.0224838183160233,1033,0.0043316807275174795,0.013365651446588103,0.010395385522769602,3,2,3,0,mixed
791,FAM69A,-0.0206626801416097,1276,0.0193522020914771,1162,-0.0037952542952029,2552,-0.0075533598930533,2283,0.0006113781270013,2862,-0.0024095428222774998,0.01452803821421973,0.01039497490966886,2,3,3,0,mixed
795,FAM84B,-0.0047684212792621,2525,-0.0294311831699362,508,0.0091788718978205,2069,0.0022649976783052,2730,-0.0061209787509293,2368,-0.00577534272480038,0.014568868787615144,0.01035289055525066,2,3,3,0,mixed
426,CELF4,-0.0109404191797167,2036,0.0032580933712236,2575,0.0252316673463003,748,-0.0012047654140552,2821,0.0110897099926046,1925,0.00548685722327132,0.0136092808204368,0.01034493106078008,3,2,3,0,mixed
1780,NDFIP2,0.0188447778295286,1415,0.0003030685273838,2892,-0.0030302549218986,2636,0.0100517119163918,2093,-0.019331117541594,1261,0.00136763716196232,0.014402923381135411,0.010312186147359358,3,2,3,0,mixed
636,DNHD1,-0.0131624873587721,1852,0.0058152346073722,2327,-0.012891645860761,1711,0.0122410151992421,1945,-0.0071904308580135,2270,-0.0030376628541864603,0.01149641608242889,0.010260162776832182,2,3,3,0,mixed
773,FAM183BP,0.0018733980096373,2770,-0.0023387705105927,2677,0.0252619806610001,744,-0.0120079856462407,1962,-0.0097464538752862,2046,0.0006084337277035602,0.014870114819150205,0.010245717740551401,2,3,3,0,mixed
708,ENPP5,-0.0277462053000373,787,-0.0030345422175321,2602,0.0061908345960254,2334,0.0039199143910033,2595,-0.0103126130600732,1998,-0.006196522318122779,0.013666730230579717,0.010240821912934262,2,3,3,0,mixed
1167,IQCA1,0.0233953719755509,1078,-0.0117369880649692,1818,-0.0086533964305771,2112,0.0003523169876246,2890,-0.0068309327204654,2302,-0.0006947256505672405,0.014180568914361825,0.01019380123583744,2,3,3,0,mixed
645,DPP6,-0.0117839360795324,1972,0.0029130278812483,2615,-0.0099012893562795,1988,-0.0186765510233384,1482,0.0074482766779095,2255,-0.006000094379998501,0.01083590250779572,0.01014461620366162,2,3,3,0,mixed
2385,SMPD3,-0.004143508229918,2579,0.0007724239688995,2831,0.0138892451082709,1621,0.0213862158001742,1275,-0.0105044430081415,1981,0.004279986727857021,0.01310342079503009,0.010139167223080822,3,2,3,0,mixed
2729,VAMP4,-0.0184570652254091,1445,0.0141284042915843,1595,0.0041443043013803,2515,0.005318456578729,2477,-0.008396987315045,2174,-0.0006525774737520999,0.01278784982176941,0.01008904354242954,3,2,3,0,mixed
1489,LOC101927911,-0.0059291709941199,2436,0.0052128727613458,2384,0.011842270828416,1818,-0.0141182284696931,1802,0.0132409955092273,1730,0.0020497479270352196,0.011792047042953894,0.01006870771256042,3,2,3,0,mixed
267,C3orf35,0.0018825662270757,2767,-0.0031113569455425,2590,-0.0090837014989914,2075,0.0154378984612824,1716,0.0205430527009245,1171,0.00513369178894974,0.012493098062719043,0.010011715166763299,3,2,3,0,mixed
1444,LMO7,-0.0095690292234926,2139,0.0202622828379555,1087,0.0073906368150885,2229,-0.0061015039354467,2407,-0.0066001713261727,2322,0.0010764430335863998,0.01256726802455712,0.0099847248276312,2,3,3,0,mixed
1958,PIK3IP1,-0.0215899779787249,1206,-0.0042307425504046,2472,0.0123830795301854,1751,-0.0051230420464056,2501,0.0064777951975573,2338,-0.0024165775695584794,0.013003606662987744,0.00996092746065556,2,3,3,0,mixed
1161,INSIG2,0.0006261579673536,2869,0.00032315260505,2889,-0.0035056076499542,2589,-0.0104778188822712,2063,-0.0345733818701474,401,-0.009521499565993841,0.01470199339328055,0.00990122379495528,2,3,3,0,mixed
2719,USP42,0.0144822670231269,1747,0.0170087616478821,1367,-0.0019603231890965,2744,-0.006680719357835,2357,0.0093696504594119,2085,0.006443927316697881,0.010340191759399419,0.00990034433547048,3,2,3,0,mixed
2693,TUBB1,-0.0120055722639346,1961,0.0059118055802626,2314,0.0080628500251203,2165,0.015534606160926,1706,-0.0079339407488655,2213,0.0019139497507017597,0.011511387267305079,0.0098897549558218,3,2,3,0,mixed
182,BCDIN3D-AS1,0.0258910611427234,901,-7.154647376464256e-05,2908,0.0027286990190566,2666,-0.0029911435724906,2667,0.0172905176308249,1408,0.00856951754926993,0.012435068847895877,0.009794593567772028,3,2,3,0,mixed
1209,KBTBD13,-0.0213168432067832,1234,0.0153645331754847,1495,0.0081745151899921,2155,0.0020914416982393,2748,-0.0020062474748979,2727,0.0004614798764069999,0.01382600558296381,0.00979071614907944,3,2,3,0,mixed
1325,LGALSL,0.0128850300707649,1876,0.0059733153654211,2306,-0.0103748525731048,1950,0.0150738921923849,1740,-0.0045959585676436,2502,0.0037922852975644994,0.011020208532344915,0.00978060975386386,3,2,3,0,mixed
1959,PIK3IP1-AS1,-0.0103488403451552,2075,0.0082661115649442,2115,0.0176692699040724,1301,-0.0023304440762406,2721,0.0102180125941728,2004,0.004694821928358721,0.011037007997060892,0.009766535696917041,3,2,3,0,mixed
1777,NCKAP1,0.0110061693807313,2032,-0.007504443305096,2175,-0.0038351760463355,2549,0.0238831912838283,1100,0.0023883085369838,2690,0.005187609970022379,0.012586851935904355,0.00972345771059498,3,2,3,0,mixed
2380,SMIM14,0.0035231652228885,2630,-0.0169614163372334,1372,0.0221231836608191,938,-0.0008192582728237,2857,0.0051790215080314,2440,0.00260893915633638,0.013991052702834659,0.00972120900035922,3,2,3,0,mixed
515,COMMD3,-0.0105270749753981,2068,0.0140663247398407,1602,-0.0045613169021822,2477,0.0130135227169647,1890,0.0064328043167591,2340,0.00368485197919684,0.010866559775823223,0.00972020873022896,3,2,3,0,mixed
2307,SIRPG,0.0190981956218699,1394,0.0068803345786411,2224,-0.0091156948045861,2073,-0.008191126411685,2229,0.0052256408746265,2435,0.0027794699717732805,0.011736168236677986,0.00970219845828172,3,2,3,0,mixed
2752,WDR38,0.0108405583409774,2044,-0.0036389931631395,2539,-0.0068925341206535,2271,-0.0265597702109632,951,0.0005034355816864,2871,-0.005149460714418481,0.013705447053883935,0.009687058283484,2,3,3,0,mixed
1463,LOC100505824,0.0168961547660521,1573,0.0039405103669431,2509,0.022025153817025,945,-0.0016687414853496,2794,-0.0038984564641039,2571,0.007458924200113339,0.011466472630306151,0.00968580337989474,3,2,3,0,mixed
820,FCGR3A,-0.0267513840573099,849,0.0022694587341631,2684,-0.0069233274554995,2264,0.00369088596995,2613,-0.0084755141958482,2167,-0.007237976200908901,0.012167938791003355,0.009622114082554142,2,3,3,0,mixed
402,CD8B,0.0034230960108186,2641,0.0057092676661957,2338,-0.0239100911049257,822,-0.0137579886035476,1836,0.0012932316720369,2788,-0.00544849687188442,0.012830918595210074,0.0096187350115049,3,2,3,0,mixed
19,ACADSB,0.0035067347536987,2633,-0.0266956488357523,643,-0.0046947572774816,2466,0.0087044439058763,2189,0.0043961705067076,2521,-0.0029566113893902597,0.014127822776212719,0.009599551055903299,3,2,3,0,mixed
882,FRK,4.832532566350321e-05,2915,-0.0022417646751693,2688,-0.014270331170715,1589,0.0301324322633938,758,-0.0011233139982857,2802,0.0025090695489774608,0.01648043047341716,0.009563233486645461,2,3,3,0,mixed
1220,KCNQ3,-0.0002255531928782,2899,0.0347675082921336,294,0.0017766515130889,2764,-0.0087761979064399,2180,0.002246358301411,2706,0.0059577534014630795,0.016707637812041615,0.00955845384119032,3,2,3,0,mixed
1436,LINC02539,0.0156842227067616,1649,-0.0173466800430848,1339,-0.0003802653451365,2882,-0.0028531767254055,2678,0.0113855550612141,1901,0.0012979311308697799,0.013003798556009447,0.0095299799763205,2,3,3,0,mixed
1888,PAGE5,-0.0235890280217858,1060,0.0044846846886618,2449,0.0118410075129224,1820,0.0072876889701521,2305,-0.0003435930543407,2889,-6.384798087804011e-05,0.013874186305687937,0.00950920044957256,3,2,3,0,mixed
180,BANK1,-0.0012685084745939,2816,0.0004622443255242,2873,0.0097052993946928,2011,-0.0251190415736363,1033,-0.0103490825567743,1994,-0.0053138177769575,0.013161516652903944,0.0093808352650443,2,3,3,0,mixed
1040,HEXA-AS1,-0.0064885781191023,2390,0.0022636781437925,2685,0.0050578791631179,2437,-0.0191904865640961,1442,-0.0137172924870067,1697,-0.00641495997265894,0.010289416369039604,0.009343582895423098,2,3,3,0,mixed
1186,ITGBL1,0.0243995280117219,1001,-0.0043821625564864,2458,0.0027935466793675,2656,-0.0036200177968204,2622,0.0112909845489175,1906,0.00609637577734002,0.012011516263117845,0.00929724791866274,3,2,3,0,mixed
984,GRAP2,-0.0249879389999277,958,0.0071210978129031,2205,-0.0018611097321149,2752,0.0047314194327206,2539,-0.0076820943030339,2232,-0.004535725157890561,0.012817056488810518,0.009276732056140042,2,3,3,0,mixed
1598,MADCAM1,0.0012648389503809,2817,-0.0160760597815474,1424,0.0111517826530618,1881,0.0084387539281992,2208,-0.0094256740645115,2079,-0.0009292716628834001,0.011620455480803328,0.00927142187554016,3,2,3,0,mixed
1815,NLRP14,0.0234029309220784,1077,-0.0003777936967581,2882,0.0025607904668792,2677,-0.017761749373783,1551,0.0022172548407015,2711,0.0020082866318235993,0.014617005810904221,0.00926410386004004,3,2,3,0,mixed
993,GRM2,0.0058219418039966,2443,-0.0014243917804002,2777,0.0025073876973261,2687,0.0330769350039855,616,-0.0034213489115197,2610,0.007312104762677661,0.014838006678023407,0.00925040103944562,3,2,3,0,mixed
2644,TRG-AS1,-0.0059203922580021,2437,-0.0165185423896995,1393,0.0153467741019871,1492,0.0030680672238942,2658,0.0053890858906948,2427,0.0002729985137749004,0.012057356725163018,0.00924857237285554,3,2,3,0,mixed
2602,TNFRSF13C,0.0056792647720457,2452,-0.0246358570970318,772,-0.0024279415247502,2697,-0.0088377592356107,2174,0.0046545508451519,2496,-0.005113548448039021,0.012390554331107353,0.009247074694918058,2,3,3,0,mixed
1897,PATE2,-0.019020810638889,1403,0.0030563940136066,2599,0.0066191728898203,2296,-0.0021987903848197,2738,0.0151687246301445,1573,0.0007249381019725401,0.012720489782976966,0.00921277851145602,3,2,3,0,mixed
452,CHD5,8.383338088073294e-05,2912,0.000643219026082,2852,-0.0197560732418741,1128,-0.013062104129598,1886,0.0124746330330519,1802,-0.003923298386291493,0.012649079720990981,0.009203972562297347,3,2,3,0,mixed
438,CEP78,-0.0076509775602577,2287,-0.0090709025718167,2048,-0.0110353472448847,1889,0.0010143620025779,2838,0.0171833537788763,1417,-0.0019119023191009805,0.01162558971497274,0.00919098863168266,2,3,3,0,mixed
2034,PRDX4,-0.012255573677459,1939,0.0100482354657606,1969,0.0041542140141951,2513,-0.0067439125182836,2349,-0.0127347499443843,1779,-0.0035063573320342407,0.010180927262723136,0.00918733712401652,2,3,3,0,mixed
759,FAM110C,-0.0066934906939572,2374,0.0119953161910544,1791,0.0042352144473726,2510,-3.282239716245056e-05,2914,-0.022773750248668,1012,-0.00265390654027213,0.013134459902149218,0.00914611879564293,2,3,3,0,mixed
2497,TBC1D30,-0.0202296315221693,1314,0.0060666413177066,2298,0.0002178476488719,2895,-0.0051857761035989,2495,0.0140145211814531,1677,-0.00102327949554732,0.012885584572600759,0.009142883554759961,3,2,3,0,mixed
709,ENTPD4,-0.0014531246967806,2801,0.0017377128157672,2743,-0.0008109383999651,2849,0.0233073228278126,1136,0.018371269772801,1335,0.00823044846392702,0.01170280179253163,0.0091360737026253,3,2,3,0,mixed
1433,LINC02450,-0.0144720090460094,1748,0.0150875264511841,1511,0.0111436643964465,1882,-0.0008660143013971,2852,-0.0040414364075124,2560,0.0013703462185423398,0.011926312313917616,0.0091221301205099,2,3,3,0,mixed
1494,LOC101928123,-0.0143036326653584,1763,0.0115371017044928,1834,0.0136522137225022,1645,0.004091804214159,2578,-0.0019764654448775,2729,0.0026002043061836197,0.011301830912539357,0.00911224355027798,3,2,3,0,mixed
1791,NEIL1,-0.0082330188113828,2246,-0.0123636386372489,1753,-0.0172558896694443,1329,0.0020906023559038,2749,0.0055946911992726,2404,-0.006033450712579918,0.009644511881183574,0.009107568134650478,2,3,3,0,mixed
2435,SPTA1,-0.0050356465994983,2499,-0.0218814699039604,968,-0.0157185618218877,1459,0.0006131531302798,2870,0.0017470312391755,2750,-0.00805509879117822,0.010371049125029397,0.00899917253896034,2,3,3,0,mixed
575,CYP1B1-AS1,-0.0065896239418978,2385,-0.0154343599700163,1489,0.0147571288197124,1543,0.003752647816742,2610,-0.0041963783479328,2538,-0.0015421171246785001,0.011393164542014049,0.00894602777926026,2,3,3,0,mixed
424,CEBPD,-0.0254599499002516,930,0.0005345511139148,2863,0.0098132790972247,1998,-0.0017045468281834,2787,0.0070470547667296,2288,-0.0019539223501131805,0.013948769107703856,0.00891187634126082,3,2,3,0,mixed
192,BCRP3,0.0153250646055303,1681,-0.0058634109411475,2320,0.0141108387507328,1603,-0.0084184193112637,2209,-0.0008377564554987,2829,0.00286326332967064,0.011168406314034162,0.008911098012834599,2,3,3,0,mixed
1708,MPZL2,0.0170181936295724,1565,-0.0030802876102089,2594,0.0050754634742396,2436,-0.0107594400436244,2048,0.0084487170955961,2168,0.00334052930911496,0.010679631383409858,0.00887642037064828,3,2,3,0,mixed
1514,LOC102724484,0.0063566348215497,2400,-0.0026751544370092,2644,0.0197916172415706,1122,-0.0057267217870309,2443,0.0097447831076685,2047,0.00549823178934974,0.01019650365012069,0.00885898227896578,3,2,3,0,mixed
2851,ZNF350,0.0072540195904063,2324,-0.0056949486507525,2341,-0.0003586892623813,2886,0.0250268809076598,1039,0.0059523514249403,2380,0.00643592280197452,0.011617353853470153,0.008857377967228039,3,2,3,0,mixed
2321,SLC15A4,-0.0203266908289584,1308,0.0112672933463256,1859,0.0028822324819976,2651,0.0007788861012102,2859,-0.0086523668961072,2148,-0.00281012915910644,0.012087385061477374,0.008781493930919801,3,2,3,0,mixed
778,FAM214A,-0.0032251954439767,2660,0.0053324151386604,2375,-0.0049305260425233,2450,-0.0082788618572657,2225,0.0219625164409962,1073,0.00217206964717818,0.012149576877721058,0.00874590298468446,2,3,3,0,mixed
1933,PDK4,-0.0051708727402871,2491,0.0069795725074447,2217,-0.0197141118837359,1130,-0.0064475523256334,2383,0.005225978951886,2434,-0.0038253970980651397,0.010721614114200452,0.00870761768179742,2,3,3,0,mixed
1768,NAP1L3,-0.0125826398322615,1912,-0.0095454179981119,2009,0.0027876286746249,2657,0.0102351054777775,2076,0.0083841118405989,2175,-0.00014424236747442032,0.010394173725322179,0.008706980764674941,3,2,3,0,mixed
1823,NPAS2,0.0052614088291423,2482,-0.0045421126446983,2442,-0.0105861177685597,1928,-0.0163396837197096,1655,0.0066629375528713,2317,-0.0039087135501907995,0.009941942621549118,0.00867845210299624,2,3,3,0,mixed
2251,SELENOV,-0.0351894928726058,421,0.0034916360610203,2550,0.0007640072742252,2854,-0.0010806187130507,2832,-0.0026792233068479,2665,-0.006938738311451781,0.015958470835936708,0.008640995645549982,2,3,3,0,mixed
1569,LRP10,-0.0339796372160407,458,0.001503051279838,2768,-0.0006028763762267,2863,0.0056729572921466,2446,-0.0011180428138664,2804,-0.00570490956682984,0.016030758456419,0.008575312995623679,2,3,3,0,mixed
105,AP3M2,0.01787906126764,1492,0.0105334362571036,1926,-0.0012102712129794,2815,0.0017856334963276,2779,-0.0112327267289276,1911,0.0035510266158328392,0.011162353629742045,0.008528225792595639,3,2,3,0,mixed
1258,KIR3DL2,0.005958023486781,2432,0.0037568610127948,2527,-0.0030017916224299,2640,-0.0263901211206647,964,-0.0033502047155251,2611,-0.00460544659180878,0.012847514101298411,0.0084914003916391,2,3,3,0,mixed
150,ASAP3,-0.0130296928829845,1866,0.0021464283049757,2692,0.0147196978596721,1546,-0.0039204257702474,2594,0.0086266368120744,2151,0.0017085288646980599,0.01079632811044174,0.008488576325990819,3,2,3,0,mixed
2386,SMURF2,0.0276520782227705,793,0.0028757737901275,2620,0.0029978031696917,2641,-0.0075003264133013,2286,-0.0013459547677163,2784,0.0049358748003144205,0.013399127948259593,0.00847438727272146,3,2,3,0,mixed
1041,HFM1,0.0232935741330594,1085,-0.0053794828949433,2368,-0.0030448968569891,2634,0.0032188476653467,2647,0.0070650850905328,2284,0.0050306254274013005,0.011341751139640187,0.008400377328174261,3,2,3,0,mixed
1008,H2BFM,0.0308781891147313,617,-0.0027199290377854,2635,-0.0022075894043355,2719,0.0037822542250529,2606,-0.0021869598308433,2714,0.005509193013364001,0.014431443361510936,0.00835498432254968,2,3,3,0,mixed
525,CPLX2,-0.0184148098991067,1451,-0.0143166269221823,1576,0.0048372323016304,2460,0.0036588211056444,2616,0.0005112143771702,2869,-0.0047448338073688,0.010823018515112992,0.0083477409211468,3,2,3,0,mixed
982,GPX2,-0.022014283313016,1173,-0.0061286201617378,2291,-0.006257741922134,2328,0.0056176723654123,2452,0.0016333716170419,2759,-0.0054299202828867205,0.010584823606094943,0.0083303378758684,2,3,3,0,mixed
332,CCDC162P,-0.0070316100483129,2340,-0.005275414453517,2382,0.0163934983148989,1397,0.0071003239919127,2320,-0.0055191329406721,2416,0.0011335329728619204,0.01025269804408358,0.00826399594986272,2,3,3,0,mixed
2698,TXNDC5,0.0088085822964018,2200,0.0026912902417347,2642,-0.0207322057239342,1054,-0.0070762085359252,2324,0.0017733853301853,2745,-0.0029070312783075207,0.01146322367317758,0.008216334425636239,3,2,3,0,mixed
801,FAP,0.002560587228906,2715,-0.0237019804306444,837,-0.0055631746787239,2387,-0.0087420787182933,2184,0.0005023495126465,2872,-0.00698885941722182,0.010389236153090413,0.00821403411384282,2,3,3,0,mixed
644,DPP4,-0.01088795477797,2039,-4.845928533267745e-05,2913,0.017610721118106,1306,-0.0115153376422611,1999,0.0009334480266826,2821,-0.0007815165121550357,0.011822731196609114,0.008199184170070475,2,3,3,0,mixed
2649,TRIM10,0.010641573378743,2058,-0.0030714555779744,2597,0.0003713835395594,2885,0.0132761900446355,1876,-0.0135930072518501,1703,0.0015249368266226804,0.010865251443251041,0.00819072195855248,3,2,3,0,mixed
1122,IGFBP5,0.0029423032152779,2683,-0.0164374029406942,1401,0.0159184904915253,1438,0.0047369541666458,2538,-0.0004404958974245,2880,0.00134396980706606,0.011681665125049418,0.008095129342313542,3,2,3,0,mixed
1242,KIAA1671,0.0076749487092496,2285,-0.0024554944250038,2663,0.0070818391358212,2254,-0.0089986483758507,2162,0.0142101784309196,1661,0.00350256469502718,0.00917403649604421,0.00808422181536898,3,2,3,0,mixed
1640,MDGA1,0.0046852909192723,2531,-0.0122306276345547,1765,0.0139030741127715,1620,0.0066659092600931,2360,-0.0029205600478179,2645,0.00202061732195286,0.009967261642075908,0.0080810923949019,3,2,3,0,mixed
20,ACAN,0.0071711226391631,2330,0.0077528866389753,2156,-0.0223341303640809,922,-0.0023147561405603,2725,-0.0007106509520965,2849,-0.0020871056357198606,0.012190454271223745,0.00805670934697522,2,3,3,0,mixed
2840,ZNF26,0.0061554057423895,2415,-0.0060298187064449,2301,-0.01186914659189,1816,0.0030760710673486,2656,0.0131284465190457,1742,0.0008921916060897802,0.009911642979480564,0.00805177772542374,3,2,3,0,mixed
1864,OR1C1,0.0077178979460725,2284,-0.0031448306404296,2584,-0.0065265770607318,2305,-0.0077132791600199,2267,0.0146530103902814,1615,0.00099724429503452,0.009763260528261588,0.00795111903950704,2,3,3,0,mixed
1771,NAV1,-0.0141889102569593,1771,0.0066650529008367,2246,-0.0060847469113221,2344,0.0022665120879872,2729,0.009622615656385,2059,-0.0003438953046144999,0.009745675177208845,0.00776556756269806,3,2,3,0,mixed
2837,ZNF236,1.2794811782619424e-05,2916,-0.0118127287295973,1812,-0.0222063506382823,932,-0.0005286755666763,2879,0.0041634970095253,2545,-0.006074292622649598,0.01079110493985501,0.0077448093511727645,2,3,3,0,mixed
298,CALCRL,0.0032669355069894,2655,-0.013673257069325,1640,0.0010386314834856,2827,0.0042048863007054,2569,-0.0164170345179287,1478,-0.00431596765921466,0.009909235450287646,0.007720148975686819,3,2,3,0,mixed
420,CDRT15P1,0.0117975234747005,1971,-0.0026390969563361,2647,-0.0006146922152025,2862,-0.0078034193600718,2256,0.0157401599219872,1526,0.00329609497301546,0.010010607088529508,0.007718978385659619,2,3,3,0,mixed
10,ABCD2,0.0124167047263566,1924,0.0021246160408849,2696,-0.0199375368818705,1117,-0.0018845304563979,2767,0.0020207709120789,2725,-0.0010519951317895999,0.01181413801164,0.007676831803517761,3,2,3,0,mixed
18,ABLIM2,0.0019292742866012,2762,0.0166548126925258,1387,0.0038798663734404,2544,-0.0038219486097228,2604,-0.0119793630756781,1840,0.0013325283334332996,0.010552162340594957,0.007653053007593659,3,2,3,0,mixed
1542,LOC283710,-0.0126975331192534,1898,-0.0061185910250371,2293,0.0126992820896689,1730,0.0019002788816073,2766,-0.0046909240517052,2489,-0.0017814974449438998,0.00961357674846136,0.0076213218334543805,2,3,3,0,mixed
59,AK9,0.0066073989598066,2381,0.0089246717487252,2058,0.0096733120399449,2015,-0.0036886175529816,2614,-0.0091888491750256,2103,0.0024655832040939006,0.008433946267772177,0.00761656989529678,3,2,3,0,mixed
2427,SPOCK2,-0.0056839657730836,2451,-0.0027456037424885,2631,-0.0015453074385409,2788,0.0205579620743205,1339,0.0073097832094805,2264,0.0035785736659375996,0.010656753371759798,0.0075685244475828,2,3,3,0,mixed
1608,MAMDC2-AS1,0.0093385453043596,2154,0.0062859710591329,2279,-0.0113452410354365,1863,0.0076233224491214,2278,-0.0030203631917688,2637,0.0017764469170817201,0.00875921194282639,0.00752268860796384,3,2,3,0,mixed
1428,LINC02361,0.0131334530378414,1857,-0.0011481753475659,2797,-0.0053955961761352,2404,0.0133616113555827,1869,-0.0045337540698156,2507,0.0030835077599814793,0.009413631563798113,0.007514517997388159,2,3,3,0,mixed
74,ALOXE3,0.0055369081012242,2463,0.0165590108945599,1391,-0.0020086302993982,2740,0.0020092144860206,2760,-0.0106521922663164,1969,0.0022888621832180198,0.010002555689270047,0.007353191209503861,3,2,3,0,mixed
2700,UACA,-0.0034419801778231,2639,0.0071335675769237,2202,-0.0017904473218938,2763,-0.0026840681898785,2691,0.0214268613607782,1111,0.0041287866496213,0.01057143473426163,0.007295384925459461,2,3,3,0,mixed
2308,SIRT1,-0.0015885178076208,2789,0.0015571075376047,2760,-0.0107644444636362,1916,-0.0182770939893244,1512,0.0021506475522503,2718,-0.00538446023414528,0.008867590242600311,0.006867562270087281,2,3,3,0,mixed
2825,ZMYM1,0.0161218055116691,1623,-0.003880558580934,2517,0.0052342471825123,2420,-0.0084834561090634,2204,0.0001283356383801,2904,0.0018240747285128201,0.009456716474790159,0.006769680604511779,3,2,3,0,mixed
1750,MYF6,-0.0035565837989876,2627,0.0020713671060605,2704,0.0073447843667011,2233,0.0015970611202875,2799,-0.0192478670023314,1269,-0.00235824764165398,0.010199387678497745,0.006763532678873621,3,2,3,0,mixed
2305,SIGLEC6,-0.0065833701584912,2387,0.0022523407621232,2687,0.0056668305947532,2380,0.0174659935623428,1574,-0.0017186474477076,2753,0.0034166294626040796,0.009085354509975187,0.006737436505083599,3,2,3,0,mixed
1227,KDM5D,-0.0066941668740716,2373,0.0085801593298361,2088,0.0022130525087156,2718,-0.0118772714010973,1973,-0.0040846079085573,2553,-0.0023725668690349,0.007951994020863348,0.006689851604455581,2,3,3,0,mixed
1709,MRC1,0.0114351591243751,1997,0.0008239129222879,2825,0.018869286571327,1192,-5.6230273218321226e-05,2909,-0.0021288471799649,2719,0.0057886562329613565,0.009006721374290597,0.006662687214234644,3,2,3,0,mixed
2312,SLA2,0.0039308349985081,2597,-0.0129774325210588,1702,0.015864311974187,1444,-5.001937876516777e-05,2911,-0.0003953898353317,2883,0.0012744610475078865,0.010338994067250027,0.006643597741570155,2,3,3,0,mixed
1663,MIR1302-5,-0.0037359396359373,2606,0.0034286937561898,2560,-0.0120395448757569,1795,0.0114576255979636,2001,-0.0017401945056615,2751,-0.0005258719326404601,0.008711868075582536,0.0064803996743018205,2,3,3,0,mixed
28,ACY3,-0.0167304890617494,1587,0.0038389873802263,2521,0.0054307592020204,2398,-0.0055957675094325,2456,-0.0006865073967071,2852,-0.0027486034771284596,0.008918380387073134,0.00645650211002714,2,3,3,0,mixed
1065,HLCS,-0.0152031875229454,1695,0.0053450875577461,2374,-0.003638907592706,2571,0.007017802341526,2328,-0.00105279621056,2811,-0.00150640028538786,0.008831198117932277,0.0064515562450967,2,3,3,0,mixed
2666,TRPC5,0.0064970839872439,2389,-0.0026981134075576,2638,-0.0113283902841371,1864,0.0018450740889345,2769,-0.0096560913426402,2054,-0.0030680873916313,0.007539942637790899,0.006404950622102659,2,3,3,0,mixed
664,DZIP3,-0.0005029996871341,2876,-0.0010629238272207,2806,-0.0040328621889462,2524,0.0165629243169728,1631,0.0091474316473439,2108,0.004022314052203139,0.008584254615029277,0.006261828333523539,2,3,3,0,mixed
1971,PLA2G16,0.0061717327145786,2413,0.0074220792515142,2185,-0.0038505065583679,2546,0.0112892470401324,2015,-0.0023654117767678,2693,0.0037334281342179,0.006545108656698389,0.00621979546827218,3,2,3,0,mixed
2228,SCML4,-0.0088059973442466,2201,0.0043306240688063,2464,0.0112894132844505,1869,-0.001821472125223,2775,-0.004756778525321,2477,4.715787169324009e-05,0.007900701387803114,0.006200857069609479,2,3,3,0,mixed
2080,PTPRJ,0.0079713481963359,2263,6.368242212899389e-05,2910,-0.0018988792375988,2748,0.0079933515666318,2244,-0.0117482410364508,1866,0.0004762523822094189,0.008184328697847193,0.005935100491829258,3,2,3,0,mixed
914,GALNTL6,0.0087200243393637,2206,0.005448159459358,2363,-0.004456106337321,2493,-0.0069998432599346,2330,-0.004018342000815,2566,-0.0002612215598697797,0.006898946373281603,0.0059284950793584605,2,3,3,0,mixed
2882,ZNF585B,0.0004856265184812,2880,0.0171529470286104,1354,-0.0043090390922116,2505,-0.0012718471672884,2815,-0.0063455876911438,2347,0.0011424199192895598,0.009332546608281173,0.005913009499547079,2,3,3,0,mixed
1648,MEOX1,0.0047761852081093,2524,-0.0083069530101996,2108,0.0055649079875326,2386,-0.0067335928332349,2350,0.004049923202385,2558,-0.00012990588908152017,0.006790515206051175,0.00588631244829228,3,2,3,0,mixed
2665,TRPC3,0.0116980208240625,1980,-0.0016480006380095,2753,-0.001845026878526,2759,0.0081884044450198,2230,0.0045718631847702,2505,0.0041930521874634,0.005979280654624813,0.005590263194077601,3,2,3,0,mixed
1675,MIR4698,-0.0015189103560921,2796,-0.0129793194075117,1701,-0.002923361397326,2649,0.0052076593172712,2490,0.0051419287904102,2442,-0.0014144006106496805,0.007464455181471877,0.00555423585372224,2,3,3,0,mixed
1336,LILRB3,0.0018511152583338,2772,0.0010125188814782,2810,-0.001284857267568,2808,-0.0232779361383697,1139,3.3881653429809755e-05,2914,-0.004333055522539178,0.010654685452940753,0.005492061839835902,3,2,3,0,mixed
67,ALAS2,-0.0030836642968717,2672,0.0146232697983168,1551,0.0035349416527918,2586,-0.0033348112179244,2643,-0.0023460120009835,2695,0.0018787447870657996,0.007661937513973315,0.00538453979337764,2,3,3,0,mixed
1751,MYL9,0.0084786060256408,2223,-0.007924064061167,2139,0.0045596950782437,2478,0.0008939583075919,2847,-0.0047567591694698,2478,0.0002502872361679198,0.006681711445041148,0.0053226165284226395,3,2,3,0,mixed
2440,SRP14-AS1,-0.0021348085257227,2748,-0.0005158283164333,2867,0.0161367550123073,1421,0.0004746570894555,2882,0.0069902176866831,2294,0.00419019858925798,0.007525256975569792,0.005250453326120379,3,2,3,0,mixed
2329,SLC24A4,0.0082725968343881,2241,-0.0021129150151691,2699,-0.011075619473463,1887,-0.0003179052981995,2893,0.0040327057429094,2564,-0.00024022744190681998,0.007274009352394664,0.00516234847282582,2,3,3,0,mixed
903,GABBR1,-0.0068303256365229,2363,-0.0077529314674674,2155,-0.0044930697025015,2489,0.0049295991440084,2520,0.0012445810203873,2793,-0.0025804293284192206,0.005465935922461298,0.0050501013941775,2,3,3,0,mixed
2794,ZBTB40,0.0086560599273459,2212,0.0032149005195473,2579,-0.0033076848584563,2606,-0.0059877404037578,2421,-0.0039765724868649,2568,-0.0002802074604371603,0.006072012037226857,0.00502859163919444,2,3,3,0,mixed
1179,ITFG1-AS1,-0.0017268593564771,2778,-0.0050609809404354,2399,0.0004426766886923,2879,-0.0097431750899189,2118,0.0066454932381307,2319,-0.0018885690920016807,0.006124747119305238,0.00472383706273088,2,3,3,0,mixed
886,FRMPD3,0.0033156905579675,2648,0.0109009078053465,1893,0.0049153068253747,2452,-0.0015243813872018,2800,-0.0004563078157406,2875,0.0034302431971492604,0.0049417342482888415,0.0042225188783262205,3,2,3,0,mixed
1856,OASL,0.0025161403982409,2718,-0.0007259775145985,2838,0.0013904546237722,2796,-0.0010965042590006,2828,-0.0086617233121871,2147,-0.0013155220127546202,0.004369386438987002,0.00287816002155986,2,3,3,0,mixed
